{
  "stats": {
    "submitted": 2,
    "finished": 2,
    "running": 0
  },
  "data": [
    [
      1,
      null,
      112211783,
      8333.333333333332,
      -124.14999999999999,
      6.580212116241455,
      1,
      1719520097.611558,
      1719520104.1921768,
      {}
    ],
    [
      2,
      null,
      112211783,
      8333.333333333332,
      -40.025000000000006,
      6.286801099777222,
      1,
      1719520104.1937232,
      1719520110.4810305,
      {}
    ]
  ],
  "configs": {
    "1": {
      "discount_factor": 0.9520865082970547,
      "gae_lambda": 0.9436000313309609,
      "learning_rate": 0.008893301136204257
    },
    "2": {
      "discount_factor": 0.9859037837893387,
      "gae_lambda": 0.9678004521629213,
      "learning_rate": 6.745071143718932e-05
    }
  },
  "config_origins": {
    "1": "Initial Design: Random",
    "2": "Initial Design: Random"
  }
}