{
  "stats": {
    "submitted": 10,
    "finished": 10,
    "running": 0
  },
  "data": [
    [
      1,
      null,
      1723054852,
      null,
      -86.0,
      5.9516167640686035,
      1,
      1719507039.3463433,
      1719507045.2985272,
      {}
    ],
    [
      2,
      null,
      1723054852,
      null,
      -161.4857142857143,
      5.9682698249816895,
      1,
      1719507045.3006227,
      1719507051.2693145,
      {}
    ],
    [
      3,
      null,
      1723054852,
      null,
      -30.857142857142858,
      5.043414354324341,
      1,
      1719507051.393766,
      1719507056.4379368,
      {}
    ],
    [
      4,
      null,
      1723054852,
      null,
      -25.057142857142853,
      4.942931890487671,
      1,
      1719507056.4397135,
      1719507061.3830554,
      {}
    ],
    [
      5,
      null,
      1723054852,
      null,
      -39.17142857142858,
      5.579098463058472,
      1,
      1719507061.4244068,
      1719507067.0045948,
      {}
    ],
    [
      6,
      null,
      1723054852,
      null,
      -158.31428571428572,
      6.248814105987549,
      1,
      1719507067.0064075,
      1719507073.25563,
      {}
    ],
    [
      7,
      null,
      1723054852,
      null,
      -119.37142857142855,
      5.836536645889282,
      1,
      1719507073.2582228,
      1719507079.0953376,
      {}
    ],
    [
      8,
      null,
      1723054852,
      null,
      -36.42857142857142,
      5.275585412979126,
      1,
      1719507079.097304,
      1719507084.3732588,
      {}
    ],
    [
      9,
      null,
      1723054852,
      null,
      -202.0285714285714,
      6.887606382369995,
      1,
      1719507084.3754663,
      1719507091.2635102,
      {}
    ],
    [
      10,
      null,
      1723054852,
      null,
      -29.314285714285713,
      5.284963130950928,
      1,
      1719507091.265772,
      1719507096.551167,
      {}
    ]
  ],
  "configs": {
    "1": {
      "discount_factor": 0.9924414011025802,
      "gae_lambda": 0.8499000185085461,
      "learning_rate": 0.0003087165241122535
    },
    "2": {
      "discount_factor": 0.9484577617384493,
      "gae_lambda": 0.9280252693658695,
      "learning_rate": 0.0023626630986794575
    },
    "3": {
      "discount_factor": 0.9527315042847644,
      "gae_lambda": 0.9371138599524906,
      "learning_rate": 4.219031259770502e-05
    },
    "4": {
      "discount_factor": 0.9505092850710984,
      "gae_lambda": 0.9875436552949406,
      "learning_rate": 1.4453914664543621e-05
    },
    "5": {
      "discount_factor": 0.9340481340646178,
      "gae_lambda": 0.9376661869978618,
      "learning_rate": 3.763714740434472e-05
    },
    "6": {
      "discount_factor": 0.9079189038843293,
      "gae_lambda": 0.9136061340571994,
      "learning_rate": 0.0028712625955780962
    },
    "7": {
      "discount_factor": 0.9021399678423953,
      "gae_lambda": 0.9381676223996601,
      "learning_rate": 0.000323398746780997
    },
    "8": {
      "discount_factor": 0.9364900459043284,
      "gae_lambda": 0.91811857862889,
      "learning_rate": 6.878495935032479e-05
    },
    "9": {
      "discount_factor": 0.9562055757003606,
      "gae_lambda": 0.9239706335720856,
      "learning_rate": 0.0024843714946697916
    },
    "10": {
      "discount_factor": 0.939807854375218,
      "gae_lambda": 0.9344118053496506,
      "learning_rate": 3.5095882467830156e-05
    }
  },
  "config_origins": {
    "1": "Initial Design: Sobol",
    "2": "Initial Design: Sobol",
    "3": "Acquisition Function Maximizer: Random Search (sorted)",
    "4": "Acquisition Function Maximizer: Random Search (sorted)",
    "5": "Acquisition Function Maximizer: Random Search (sorted)",
    "6": "Acquisition Function Maximizer: Random Search (sorted)",
    "7": "Acquisition Function Maximizer: Random Search (sorted)",
    "8": "Acquisition Function Maximizer: Local Search",
    "9": "Acquisition Function Maximizer: Local Search",
    "10": "Acquisition Function Maximizer: Local Search"
  }
}