{
  "stats": {
    "submitted": 1,
    "finished": 1,
    "running": 0
  },
  "data": [
    [
      1,
      null,
      596505449,
      13333.333333333332,
      216.8592546667442,
      17.98105812072754,
      1,
      1718790150.8761082,
      1718790168.8576636,
      {}
    ]
  ],
  "configs": {
    "1": {
      "discount_factor": 0.9632495899932153,
      "gae_lambda": 0.8170605065467377,
      "learning_rate": 0.00022113059042582078
    }
  },
  "config_origins": {
    "1": "Initial Design: Random"
  }
}