{
  "stats": {
    "submitted": 1,
    "finished": 0,
    "running": 1
  },
  "data": [
    [
      1,
      null,
      1886094739,
      2.2222222222222223,
      2147483647.0,
      0.0,
      0,
      0.0,
      0.0,
      {}
    ]
  ],
  "configs": {
    "1": {
      "discount_factor": 0.9434749242416802,
      "gae_lambda": 0.9985656541776975,
      "learning_rate": 0.0002960291403273571
    }
  },
  "config_origins": {
    "1": "Initial Design: Random"
  }
}