{
  "incumbent_ids": [
    13
  ],
  "rejected_config_ids": [
    1,
    3,
    5
  ],
  "incumbents_changed": 4,
  "trajectory": [
    {
      "config_ids": [
        1
      ],
      "costs": [
        102.17253824581003
      ],
      "trial": 1,
      "walltime": 157.41281390190125
    },
    {
      "config_ids": [
        3
      ],
      "costs": [
        99.1991094451049
      ],
      "trial": 3,
      "walltime": 476.3466682434082
    },
    {
      "config_ids": [
        5
      ],
      "costs": [
        52.22796480954052
      ],
      "trial": 5,
      "walltime": 735.2318370342255
    },
    {
      "config_ids": [
        13
      ],
      "costs": [
        -8.711646881389928
      ],
      "trial": 13,
      "walltime": 1911.3627026081085
    }
  ],
  "state": {
    "queue": [
      [
        13,
        1
      ]
    ]
  }
}