{
  "stats": {
    "submitted": 13,
    "finished": 13,
    "running": 0
  },
  "data": [
    [
      1,
      null,
      1988481339,
      null,
      102.17253824581003,
      157.41101050376892,
      1,
      1719697190.7287,
      1719697348.1401694,
      {}
    ],
    [
      2,
      null,
      1988481339,
      null,
      138.3151157369537,
      121.02837109565735,
      1,
      1719697348.1419892,
      1719697469.1708548,
      {}
    ],
    [
      3,
      null,
      1988481339,
      null,
      99.1991094451049,
      197.89899158477783,
      1,
      1719697469.1743045,
      1719697667.0741448,
      {}
    ],
    [
      4,
      null,
      1988481339,
      null,
      162.5428036081647,
      94.05244135856628,
      1,
      1719697667.0759199,
      1719697761.1287887,
      {}
    ],
    [
      5,
      null,
      1988481339,
      null,
      52.22796480954052,
      164.82783341407776,
      1,
      1719697761.131072,
      1719697925.9593556,
      {}
    ],
    [
      6,
      null,
      1988481339,
      null,
      131.79808554594723,
      174.68360567092896,
      1,
      1719697925.961158,
      1719698100.6452322,
      {}
    ],
    [
      7,
      null,
      1988481339,
      null,
      160.49606745358173,
      97.41975808143616,
      1,
      1719698100.6477797,
      1719698198.0681927,
      {}
    ],
    [
      8,
      null,
      1988481339,
      null,
      145.9321004005115,
      145.8108367919922,
      1,
      1719698198.0700603,
      1719698343.881348,
      {}
    ],
    [
      9,
      null,
      1988481339,
      null,
      173.81291689127298,
      93.92788338661194,
      1,
      1719698343.8839605,
      1719698437.8122602,
      {}
    ],
    [
      10,
      null,
      1988481339,
      null,
      54.68181247174054,
      175.92581987380981,
      1,
      1719698437.8142009,
      1719698613.7404263,
      {}
    ],
    [
      11,
      null,
      1988481339,
      null,
      120.87306893716492,
      171.92466974258423,
      1,
      1719698613.7424312,
      1719698785.667517,
      {}
    ],
    [
      12,
      null,
      1988481339,
      null,
      117.14274811316423,
      165.3607029914856,
      1,
      1719698785.6693969,
      1719698951.0304837,
      {}
    ],
    [
      13,
      null,
      1988481339,
      null,
      -8.711646881389928,
      151.05727863311768,
      1,
      1719698951.0324802,
      1719699102.0901468,
      {}
    ]
  ],
  "configs": {
    "1": {
      "discount_factor": 0.9556295492229984,
      "gae_lambda": 0.9811074999310077,
      "learning_rate": 0.004089225730004755
    },
    "2": {
      "discount_factor": 0.9376468679867684,
      "gae_lambda": 0.8298021109038964,
      "learning_rate": 0.00012075966865802074
    },
    "3": {
      "discount_factor": 0.919203364633955,
      "gae_lambda": 0.9156359730465338,
      "learning_rate": 0.0009849786447104587
    },
    "4": {
      "discount_factor": 0.9863000829834491,
      "gae_lambda": 0.8702984214592725,
      "learning_rate": 2.9895550766236736e-05
    },
    "5": {
      "discount_factor": 0.9985602236688137,
      "gae_lambda": 0.9435097597306594,
      "learning_rate": 0.0001991174953443561
    },
    "6": {
      "discount_factor": 0.9063267873069272,
      "gae_lambda": 0.891874438000843,
      "learning_rate": 0.005882265475781695
    },
    "7": {
      "discount_factor": 0.9250120839234441,
      "gae_lambda": 0.9528575802743435,
      "learning_rate": 2.0229318897586288e-05
    },
    "8": {
      "discount_factor": 0.9673580471472815,
      "gae_lambda": 0.8078014248507098,
      "learning_rate": 0.000613706561791952
    },
    "9": {
      "discount_factor": 0.9742434185128659,
      "gae_lambda": 0.9034775420222432,
      "learning_rate": 1.1086798905357511e-05
    },
    "10": {
      "discount_factor": 0.9315106902541593,
      "gae_lambda": 0.8588376257149503,
      "learning_rate": 0.00032804527199039565
    },
    "11": {
      "discount_factor": 0.9005955302640796,
      "gae_lambda": 0.993669207827188,
      "learning_rate": 0.00024862038184618457
    },
    "12": {
      "discount_factor": 0.9924422960048541,
      "gae_lambda": 0.8431707673035562,
      "learning_rate": 0.007554351759786575
    },
    "13": {
      "discount_factor": 0.9800491255978122,
      "gae_lambda": 0.9659506843956187,
      "learning_rate": 0.0012806639252561519
    }
  },
  "config_origins": {
    "1": "Initial Design: Sobol",
    "2": "Initial Design: Sobol",
    "3": "Initial Design: Sobol",
    "4": "Initial Design: Sobol",
    "5": "Initial Design: Sobol",
    "6": "Initial Design: Sobol",
    "7": "Initial Design: Sobol",
    "8": "Initial Design: Sobol",
    "9": "Initial Design: Sobol",
    "10": "Initial Design: Sobol",
    "11": "Initial Design: Sobol",
    "12": "Initial Design: Sobol",
    "13": "Initial Design: Sobol"
  }
}