{
  "incumbent_ids": [],
  "rejected_config_ids": [],
  "incumbents_changed": 0,
  "trajectory": [],
  "state": {
    "tracker": {
      "0,0": [
        [
          0,
          [
            {
              "discount_factor": 0.9917739037053561,
              "gae_lambda": 0.875682415031058,
              "learning_rate": 0.0005350182208723165
            },
            {
              "discount_factor": 0.9868309077442508,
              "gae_lambda": 0.8133261364203588,
              "learning_rate": 0.0005627607453334975
            },
            {
              "discount_factor": 0.9237406451062298,
              "gae_lambda": 0.9279764503890318,
              "learning_rate": 1.8490409800619495e-05
            }
          ]
        ]
      ]
    },
    "next_bracket": 1
  }
}