{
  "stats": {
    "submitted": 2,
    "finished": 2,
    "running": 0
  },
  "data": [
    [
      1,
      null,
      1833990262,
      10000.0,
      218.39681044448218,
      8.434213161468506,
      1,
      1718789407.2989094,
      1718789415.7335374,
      {}
    ],
    [
      2,
      null,
      1833990262,
      10000.0,
      208.35991630453572,
      8.0223228931427,
      1,
      1718789415.7348208,
      1718789423.7575421,
      {}
    ]
  ],
  "configs": {
    "1": {
      "discount_factor": 0.9917739037053561,
      "gae_lambda": 0.875682415031058,
      "learning_rate": 0.0005350182208723165
    },
    "2": {
      "discount_factor": 0.9868309077442508,
      "gae_lambda": 0.8133261364203588,
      "learning_rate": 0.0005627607453334975
    }
  },
  "config_origins": {
    "1": "Initial Design: Random",
    "2": "Initial Design: Random"
  }
}