{
  "stats": {
    "submitted": 1,
    "finished": 1,
    "running": 0
  },
  "data": [
    [
      1,
      null,
      14341577,
      9.375,
      -27.123076923076926,
      11.43303108215332,
      1,
      1719481113.6633518,
      1719481125.0968702,
      {}
    ]
  ],
  "configs": {
    "1": {
      "discount_factor": 0.9498305766385642,
      "gae_lambda": 0.9692666131254223,
      "learning_rate": 1.0215385415927619e-05
    }
  },
  "config_origins": {
    "1": "Initial Design: Random"
  }
}