{
  "incumbent_ids": [
    3
  ],
  "rejected_config_ids": [],
  "incumbents_changed": 1,
  "trajectory": [
    {
      "config_ids": [
        3
      ],
      "costs": [
        -296.0
      ],
      "trial": 4,
      "walltime": 40.19748330116272
    }
  ],
  "state": {
    "tracker": {
      "0,0": [
        [
          0,
          [
            {
              "discount_factor": 0.9930264672349807,
              "gae_lambda": 0.8017573931397263,
              "learning_rate": 1.364800112047733e-05
            },
            {
              "discount_factor": 0.9973884074698096,
              "gae_lambda": 0.8041321915066724,
              "learning_rate": 0.0014684248237749693
            },
            {
              "discount_factor": 0.9975306196540475,
              "gae_lambda": 0.8008337510873231,
              "learning_rate": 7.483296480660412e-05
            }
          ]
        ]
      ]
    },
    "next_bracket": 1
  }
}