{
  "stats": {
    "submitted": 7,
    "finished": 7,
    "running": 0
  },
  "data": [
    [
      1,
      null,
      104118781,
      8333.333333333332,
      -125.975,
      6.205708742141724,
      1,
      1719484940.521515,
      1719484946.7277422,
      {}
    ],
    [
      2,
      null,
      104118781,
      8333.333333333332,
      -28.225,
      5.132521390914917,
      1,
      1719484946.7289805,
      1719484951.8619008,
      {}
    ],
    [
      3,
      null,
      104118781,
      8333.333333333332,
      -214.75,
      6.799067735671997,
      1,
      1719484951.862998,
      1719484958.6625254,
      {}
    ],
    [
      3,
      null,
      104118781,
      25000.0,
      -296.0,
      22.053433895111084,
      1,
      1719484958.6640153,
      1719484980.7178786,
      {}
    ],
    [
      4,
      null,
      104118781,
      25000.0,
      -206.35833333333335,
      20.099944591522217,
      1,
      1719484980.719263,
      1719485000.8196096,
      {}
    ],
    [
      5,
      null,
      104118781,
      25000.0,
      -43.10833333333333,
      15.718818426132202,
      1,
      1719485000.8209383,
      1719485016.5401728,
      {}
    ],
    [
      6,
      null,
      104118781,
      8333.333333333332,
      -26.525,
      5.287404537200928,
      1,
      1719485016.6520278,
      1719485021.939837,
      {}
    ]
  ],
  "configs": {
    "1": {
      "discount_factor": 0.9023999621291322,
      "gae_lambda": 0.8892518402257299,
      "learning_rate": 0.00036289151477331697
    },
    "2": {
      "discount_factor": 0.9485990661959329,
      "gae_lambda": 0.9389911457355331,
      "learning_rate": 1.878708347472996e-05
    },
    "3": {
      "discount_factor": 0.9893397872875049,
      "gae_lambda": 0.8003344744433128,
      "learning_rate": 0.0022399139980609772
    },
    "4": {
      "discount_factor": 0.9879330120051625,
      "gae_lambda": 0.8633586921760998,
      "learning_rate": 0.00021089326166228884
    },
    "5": {
      "discount_factor": 0.9807501741143184,
      "gae_lambda": 0.925704308668754,
      "learning_rate": 2.0590899598640952e-05
    },
    "6": {
      "discount_factor": 0.9930264672349807,
      "gae_lambda": 0.8017573931397263,
      "learning_rate": 1.364800112047733e-05
    }
  },
  "config_origins": {
    "1": "Initial Design: Random",
    "2": "Initial Design: Random",
    "3": "Initial Design: Random",
    "4": "Initial Design: Random",
    "5": "Initial Design: Random",
    "6": "Acquisition Function Maximizer: Local Search"
  }
}