{
  "stats": {
    "submitted": 2,
    "finished": 2,
    "running": 0
  },
  "data": [
    [
      1,
      null,
      532280335,
      null,
      142.72974242178276,
      6.197795152664185,
      1,
      1719508688.2418098,
      1719508694.440595,
      {}
    ],
    [
      2,
      null,
      532280335,
      null,
      173.31330440842177,
      6.163416862487793,
      1,
      1719508694.4423203,
      1719508700.6062365,
      {}
    ]
  ],
  "configs": {
    "1": {
      "discount_factor": 0.937888587766327,
      "gae_lambda": 0.8577263082163409,
      "learning_rate": 0.0008495961700865101
    },
    "2": {
      "discount_factor": 0.9872726851059124,
      "gae_lambda": 0.9122907949192449,
      "learning_rate": 5.797972925841693e-05
    }
  },
  "config_origins": {
    "1": "Initial Design: Sobol",
    "2": "Initial Design: Sobol"
  }
}