{
  "stats": {
    "submitted": 2,
    "finished": 2,
    "running": 0
  },
  "data": [
    [
      1,
      null,
      1611608550,
      16666.666666666664,
      124.61885858038093,
      54.098384380340576,
      1,
      1719526284.2167141,
      1719526338.3154516,
      {}
    ],
    [
      2,
      null,
      1611608550,
      16666.666666666664,
      124.5188418651851,
      110.53728342056274,
      1,
      1719526338.3168626,
      1719526448.8545387,
      {}
    ]
  ],
  "configs": {
    "1": {
      "discount_factor": 0.9866479539755143,
      "gae_lambda": 0.9709126780192461,
      "learning_rate": 7.858705086678577e-05
    },
    "2": {
      "discount_factor": 0.9463206560043627,
      "gae_lambda": 0.8224210525964814,
      "learning_rate": 0.001638444675511673
    }
  },
  "config_origins": {
    "1": "Initial Design: Random",
    "2": "Custom"
  }
}