{
  "stats": {
    "submitted": 1,
    "finished": 0,
    "running": 1
  },
  "data": [
    [
      1,
      null,
      1476138589,
      2.2222222222222223,
      2147483647.0,
      0.0,
      0,
      0.0,
      0.0,
      {}
    ]
  ],
  "configs": {
    "1": {
      "discount_factor": 0.9340253394577496,
      "gae_lambda": 0.919742224395714,
      "learning_rate": 0.007893246541924819
    }
  },
  "config_origins": {
    "1": "Initial Design: Random"
  }
}