{
  "stats": {
    "submitted": 1,
    "finished": 0,
    "running": 1
  },
  "data": [
    [
      1,
      null,
      1167548283,
      2.2222222222222223,
      2147483647.0,
      0.0,
      0,
      0.0,
      0.0,
      {}
    ]
  ],
  "configs": {
    "1": {
      "discount_factor": 0.9764122607303484,
      "gae_lambda": 0.9335422478415265,
      "learning_rate": 0.00010098915728236926
    }
  },
  "config_origins": {
    "1": "Initial Design: Random"
  }
}