{
  "stats": {
    "submitted": 1,
    "finished": 1,
    "running": 0
  },
  "data": [
    [
      1,
      null,
      796015058,
      null,
      -113.62857142857142,
      11.00125002861023,
      1,
      1719509714.2023416,
      1719509725.204154,
      {}
    ]
  ],
  "configs": {
    "1": {
      "discount_factor": 0.968966907360591,
      "gae_lambda": 0.8017244065562263,
      "learning_rate": 0.00012465216083211707
    }
  },
  "config_origins": {
    "1": "Initial Design: Sobol"
  }
}