{
  "stats": {
    "submitted": 1,
    "finished": 1,
    "running": 0
  },
  "data": [
    [
      1,
      null,
      195125336,
      15.0,
      -66.2,
      15.769278287887573,
      1,
      1719480003.0914254,
      1719480018.8611128,
      {}
    ]
  ],
  "configs": {
    "1": {
      "discount_factor": 0.9539976841515104,
      "gae_lambda": 0.8522070751953825,
      "learning_rate": 2.816506097886811e-05
    }
  },
  "config_origins": {
    "1": "Initial Design: Random"
  }
}