{
  "stats": {
    "submitted": 35,
    "finished": 35,
    "running": 0
  },
  "data": [
    [
      1,
      null,
      1993454506,
      25000.0,
      -192.0583333333333,
      19.312634468078613,
      1,
      1719482429.130662,
      1719482448.4436643,
      {}
    ],
    [
      2,
      null,
      1993454506,
      25000.0,
      -363.45000000000005,
      23.62596559524536,
      1,
      1719482448.4451318,
      1719482472.0714931,
      {}
    ],
    [
      3,
      null,
      1993454506,
      25000.0,
      -126.84999999999998,
      21.318403720855713,
      1,
      1719482472.073085,
      1719482493.3918872,
      {}
    ],
    [
      4,
      null,
      1993454506,
      25000.0,
      -202.4083333333333,
      20.548437118530273,
      1,
      1719482493.3934023,
      1719482513.942279,
      {}
    ],
    [
      5,
      null,
      1993454506,
      25000.0,
      -246.79999999999998,
      22.52033257484436,
      1,
      1719482513.9437058,
      1719482536.464453,
      {}
    ],
    [
      6,
      null,
      1993454506,
      25000.0,
      -372.47499999999997,
      25.506829261779785,
      1,
      1719482536.5756402,
      1719482562.0828664,
      {}
    ],
    [
      7,
      null,
      1993454506,
      25000.0,
      -382.7166666666667,
      25.55660319328308,
      1,
      1719482562.0846174,
      1719482587.6416237,
      {}
    ],
    [
      8,
      null,
      1993454506,
      25000.0,
      -403.7166666666667,
      28.278481245040894,
      1,
      1719482587.6437087,
      1719482615.9226456,
      {}
    ],
    [
      9,
      null,
      1993454506,
      25000.0,
      -201.73333333333335,
      21.201404809951782,
      1,
      1719482615.9244096,
      1719482637.1262205,
      {}
    ],
    [
      10,
      null,
      1993454506,
      25000.0,
      -299.73333333333335,
      23.963962078094482,
      1,
      1719482637.1404705,
      1719482661.104861,
      {}
    ],
    [
      11,
      null,
      1993454506,
      25000.0,
      -356.6333333333334,
      25.45242214202881,
      1,
      1719482661.1066232,
      1719482686.5594776,
      {}
    ],
    [
      12,
      null,
      1993454506,
      25000.0,
      -311.0083333333334,
      23.28057622909546,
      1,
      1719482686.561597,
      1719482709.8426156,
      {}
    ],
    [
      13,
      null,
      1993454506,
      25000.0,
      -407.69166666666666,
      25.1171875,
      1,
      1719482709.8443902,
      1719482734.9619749,
      {}
    ],
    [
      14,
      null,
      1993454506,
      25000.0,
      -314.4,
      22.705477952957153,
      1,
      1719482735.1253483,
      1719482757.8312259,
      {}
    ],
    [
      15,
      null,
      1993454506,
      25000.0,
      -215.14166666666665,
      20.079467058181763,
      1,
      1719482757.8331466,
      1719482777.9130137,
      {}
    ],
    [
      16,
      null,
      1993454506,
      25000.0,
      -245.4,
      21.000778675079346,
      1,
      1719482777.914888,
      1719482798.9160585,
      {}
    ],
    [
      17,
      null,
      1993454506,
      25000.0,
      -211.84166666666667,
      19.946440935134888,
      1,
      1719482798.9179296,
      1719482818.8647454,
      {}
    ],
    [
      18,
      null,
      1993454506,
      25000.0,
      -250.07500000000002,
      21.02060031890869,
      1,
      1719482818.8666477,
      1719482839.8876293,
      {}
    ],
    [
      19,
      null,
      1993454506,
      25000.0,
      -381.3666666666666,
      24.695493459701538,
      1,
      1719482839.889531,
      1719482864.5854118,
      {}
    ],
    [
      20,
      null,
      1993454506,
      25000.0,
      -269.5916666666667,
      21.613597869873047,
      1,
      1719482864.587418,
      1719482886.2013948,
      {}
    ],
    [
      21,
      null,
      1993454506,
      25000.0,
      -279.2916666666667,
      21.936232566833496,
      1,
      1719482886.2034545,
      1719482908.140061,
      {}
    ],
    [
      22,
      null,
      1993454506,
      25000.0,
      -208.6833333333333,
      19.96537137031555,
      1,
      1719482908.1455874,
      1719482928.1113396,
      {}
    ],
    [
      23,
      null,
      1993454506,
      25000.0,
      -423.4333333333334,
      26.14571452140808,
      1,
      1719482928.2936513,
      1719482954.4397466,
      {}
    ],
    [
      24,
      null,
      1993454506,
      25000.0,
      -373.25,
      24.605106592178345,
      1,
      1719482954.4421148,
      1719482979.0476105,
      {}
    ],
    [
      25,
      null,
      1993454506,
      25000.0,
      -283.22499999999997,
      22.510327339172363,
      1,
      1719482979.0497637,
      1719483001.5604787,
      {}
    ],
    [
      26,
      null,
      1993454506,
      25000.0,
      -188.01666666666668,
      19.560591459274292,
      1,
      1719483001.562797,
      1719483021.12379,
      {}
    ],
    [
      27,
      null,
      1993454506,
      25000.0,
      -307.64166666666665,
      22.558379411697388,
      1,
      1719483021.126047,
      1719483043.6848202,
      {}
    ],
    [
      28,
      null,
      1993454506,
      25000.0,
      -238.45833333333334,
      20.66145658493042,
      1,
      1719483043.6870995,
      1719483064.348961,
      {}
    ],
    [
      29,
      null,
      1993454506,
      25000.0,
      -205.10833333333332,
      19.856733560562134,
      1,
      1719483064.3512077,
      1719483084.208323,
      {}
    ],
    [
      30,
      null,
      1993454506,
      25000.0,
      -417.825,
      25.706932067871094,
      1,
      1719483084.2154677,
      1719483109.9228027,
      {}
    ],
    [
      31,
      null,
      1993454506,
      25000.0,
      -363.93333333333334,
      24.14334011077881,
      1,
      1719483110.135833,
      1719483134.2795641,
      {}
    ],
    [
      32,
      null,
      1993454506,
      25000.0,
      -424.0166666666667,
      25.792928218841553,
      1,
      1719483134.2820423,
      1719483160.0753756,
      {}
    ],
    [
      33,
      null,
      1993454506,
      25000.0,
      -230.9333333333333,
      20.484522581100464,
      1,
      1719483160.0780737,
      1719483180.563,
      {}
    ],
    [
      34,
      null,
      1993454506,
      25000.0,
      -368.5083333333334,
      24.374659776687622,
      1,
      1719483180.5654995,
      1719483204.9405527,
      {}
    ],
    [
      35,
      null,
      1993454506,
      25000.0,
      -415.125,
      25.669199466705322,
      1,
      1719483204.9431984,
      1719483230.6127915,
      {}
    ]
  ],
  "configs": {
    "1": {
      "discount_factor": 0.9459495927783936,
      "gae_lambda": 0.9932609069335542,
      "learning_rate": 0.00013243554366624703
    },
    "2": {
      "discount_factor": 0.9609149714237921,
      "gae_lambda": 0.9297118665196631,
      "learning_rate": 0.0009623295531764991
    },
    "3": {
      "discount_factor": 0.9789391614924391,
      "gae_lambda": 0.8529591792028167,
      "learning_rate": 5.845976074926267e-05
    },
    "4": {
      "discount_factor": 0.909943586431919,
      "gae_lambda": 0.849521772117473,
      "learning_rate": 0.0005511649051356128
    },
    "5": {
      "discount_factor": 0.9815347311007088,
      "gae_lambda": 0.9553213670308829,
      "learning_rate": 0.0002740572103900081
    },
    "6": {
      "discount_factor": 0.9846613892587218,
      "gae_lambda": 0.9033220504701059,
      "learning_rate": 0.0015618283194988576
    },
    "7": {
      "discount_factor": 0.9828131336357785,
      "gae_lambda": 0.970619795279708,
      "learning_rate": 0.0011338250851147527
    },
    "8": {
      "discount_factor": 0.9818945665801728,
      "gae_lambda": 0.9102643868826231,
      "learning_rate": 0.0018296257901485545
    },
    "9": {
      "discount_factor": 0.9560765249184799,
      "gae_lambda": 0.89476720305392,
      "learning_rate": 0.00457653473489296
    },