{
  "stats": {
    "submitted": 10,
    "finished": 10,
    "running": 0
  },
  "data": [
    [
      1,
      null,
      1586306956,
      8333.333333333332,
      -77.5,
      6.3200602531433105,
      1,
      1719487679.2386992,
      1719487685.559202,
      {}
    ],
    [
      2,
      null,
      1586306956,
      8333.333333333332,
      -34.875,
      5.094777822494507,
      1,
      1719487685.5605094,
      1719487690.655705,
      {}
    ],
    [
      3,
      null,
      1586306956,
      8333.333333333332,
      -62.175000000000004,
      5.488248586654663,
      1,
      1719487690.6567142,
      1719487696.1453583,
      {}
    ],
    [
      1,
      null,
      1586306956,
      25000.0,
      -193.66666666666666,
      20.194257736206055,
      1,
      1719487696.1466188,
      1719487716.3412826,
      {}
    ],
    [
      4,
      null,
      1586306956,
      8333.333333333332,
      -206.0,
      8.906595468521118,
      1,
      1719487716.4274218,
      1719487725.3344429,
      {}
    ],
    [
      5,
      null,
      1586306956,
      8333.333333333332,
      -32.175,
      6.692617654800415,
      1,
      1719487725.3357213,
      1719487732.0287945,
      {}
    ],
    [
      6,
      null,
      1586306956,
      8333.333333333332,
      -121.325,
      6.6057188510894775,
      1,
      1719487732.0303009,
      1719487738.636483,
      {}
    ],
    [
      4,
      null,
      1586306956,
      25000.0,
      -167.56666666666666,
      20.301702976226807,
      1,
      1719487738.6380255,
      1719487758.9401324,
      {}
    ],
    [
      7,
      null,
      1586306956,
      8333.333333333332,
      -187.70000000000002,
      6.792198657989502,
      1,
      1719487758.941765,
      1719487765.7343862,
      {}
    ],
    [
      8,
      null,
      1586306956,
      8333.333333333332,
      -51.925,
      5.493375778198242,
      1,
      1719487765.7356825,
      1719487771.2294855,
      {}
    ]
  ],
  "configs": {
    "1": {
      "discount_factor": 0.9365647463307374,
      "gae_lambda": 0.9064258724622674,
      "learning_rate": 0.00014586266238615013
    },
    "2": {
      "discount_factor": 0.9776569649269897,
      "gae_lambda": 0.935485382971226,
      "learning_rate": 4.055976262349476e-05
    },
    "3": {
      "discount_factor": 0.9977985636455651,
      "gae_lambda": 0.9670390057581165,
      "learning_rate": 0.00019169444143462254
    },
    "4": {
      "discount_factor": 0.9113138869140999,
      "gae_lambda": 0.911387528660587,
      "learning_rate": 0.0029861210320780546
    },
    "5": {
      "discount_factor": 0.9773187413144733,
      "gae_lambda": 0.8088439556999554,
      "learning_rate": 3.4333961561819946e-05
    },
    "6": {
      "discount_factor": 0.9179043096383053,
      "gae_lambda": 0.8752515738545106,
      "learning_rate": 0.00029107516830472895
    },
    "7": {
      "discount_factor": 0.9165510468063798,
      "gae_lambda": 0.9546800304796501,
      "learning_rate": 0.0017531204983289926
    },
    "8": {
      "discount_factor": 0.9233194528880596,
      "gae_lambda": 0.8300907204123084,
      "learning_rate": 9.072151085371076e-05
    }
  },
  "config_origins": {
    "1": "Initial Design: Random",
    "2": "Initial Design: Random",
    "3": "Custom",
    "4": "Acquisition Function Maximizer: Random Search (sorted)",
    "5": "Acquisition Function Maximizer: Random Search (sorted)",
    "6": "Acquisition Function Maximizer: Random Search (sorted)",
    "7": "Acquisition Function Maximizer: Random Search (sorted)",
    "8": "Acquisition Function Maximizer: Random Search (sorted)"
  }
}