{
  "stats": {
    "submitted": 2,
    "finished": 2,
    "running": 0
  },
  "data": [
    [
      1,
      null,
      1327611787,
      9.375,
      -90.81666666666666,
      17.927785634994507,
      1,
      1719480389.8094065,
      1719480407.737627,
      {}
    ],
    [
      2,
      null,
      1327611787,
      9.375,
      -28.675,
      17.479429244995117,
      1,
      1719480407.7395842,
      1719480425.2194278,
      {}
    ]
  ],
  "configs": {
    "1": {
      "discount_factor": 0.9801017617527372,
      "gae_lambda": 0.9400374033483572,
      "learning_rate": 4.957189087720796e-05
    },
    "2": {
      "discount_factor": 0.9629073465535738,
      "gae_lambda": 0.9359284112950044,
      "learning_rate": 1.0673615740888277e-05
    }
  },
  "config_origins": {
    "1": "Initial Design: Random",
    "2": "Initial Design: Random"
  }
}