{
  "stats": {
    "submitted": 5,
    "finished": 5,
    "running": 0
  },
  "data": [
    [
      1,
      null,
      1352230409,
      null,
      124.42310142601644,
      303.7192544937134,
      1,
      1719514630.023453,
      1719514933.7433977,
      {}
    ],
    [
      2,
      null,
      1352230409,
      null,
      197.51720198707338,
      166.4856014251709,
      1,
      1719514933.7452374,
      1719515100.231233,
      {}
    ],
    [
      3,
      null,
      1352230409,
      null,
      44.63755668358266,
      334.32996225357056,
      1,
      1719515100.232696,
      1719515434.5630286,
      {}
    ],
    [
      4,
      null,
      1352230409,
      null,
      85.49059149807772,
      326.9750063419342,
      1,
      1719515434.5646014,
      1719515761.5399783,
      {}
    ],
    [
      5,
      null,
      1352230409,
      null,
      93.15224927235295,
      218.03592920303345,
      1,
      1719515761.5414803,
      1719515979.577779,
      {}
    ]
  ],
  "configs": {
    "1": {
      "discount_factor": 0.9345070789251476,
      "gae_lambda": 0.9053132228124887,
      "learning_rate": 0.0006101642918472394
    },
    "2": {
      "discount_factor": 0.9770701193846763,
      "gae_lambda": 0.8433793144049123,
      "learning_rate": 1.0035151499679409e-05
    },
    "3": {
      "discount_factor": 0.963642761793919,
      "gae_lambda": 0.963538690213114,
      "learning_rate": 0.004518096965216826
    },
    "4": {
      "discount_factor": 0.9227712378418074,
      "gae_lambda": 0.8768298913827166,
      "learning_rate": 0.00027598228596060776
    },
    "5": {
      "discount_factor": 0.9049121957542375,
      "gae_lambda": 0.9804279003506526,
      "learning_rate": 3.1932531831716746e-05
    }
  },
  "config_origins": {
    "1": "Initial Design: Sobol",
    "2": "Initial Design: Sobol",
    "3": "Initial Design: Sobol",
    "4": "Initial Design: Sobol",
    "5": "Initial Design: Sobol"
  }
}