{
  "stats": {
    "submitted": 1,
    "finished": 1,
    "running": 0
  },
  "data": [
    [
      1,
      null,
      616814378,
      8333.333333333332,
      -136.325,
      6.498129606246948,
      1,
      1719519606.982502,
      1719519613.4810126,
      {}
    ]
  ],
  "configs": {
    "1": {
      "discount_factor": 0.914217715889921,
      "gae_lambda": 0.8394554782858709,
      "learning_rate": 0.0003689791358050275
    }
  },
  "config_origins": {
    "1": "Initial Design: Random"
  }
}