{
  "stats": {
    "submitted": 56,
    "finished": 56,
    "running": 0
  },
  "data": [
    [
      1,
      null,
      276997743,
      7407.407407407407,
      164.28140206335826,
      29.35166645050049,
      1,
      1719566402.352695,
      1719566431.7048237,
      {}
    ],
    [
      2,
      null,
      276997743,
      7407.407407407407,
      146.17754482494001,
      27.828492403030396,
      1,
      1719566431.7075403,
      1719566459.5366704,
      {}
    ],
    [
      3,
      null,
      276997743,
      7407.407407407407,
      160.87775677455357,
      26.59017562866211,
      1,
      1719566459.5385132,
      1719566486.1291153,
      {}
    ],
    [
      4,
      null,
      276997743,
      7407.407407407407,
      179.28505050757093,
      26.881754875183105,
      1,
      1719566486.1316128,
      1719566513.0140955,
      {}
    ],
    [
      5,
      null,
      276997743,
      7407.407407407407,
      183.29168163026495,
      26.995150327682495,
      1,
      1719566513.0160115,
      1719566540.0117726,
      {}
    ],
    [
      6,
      null,
      276997743,
      7407.407407407407,
      175.35546470891862,
      27.138171672821045,
      1,
      1719566540.0135229,
      1719566567.1521394,
      {}
    ],
    [
      7,
      null,
      276997743,
      7407.407407407407,
      90.30032957858286,
      37.590840578079224,
      1,
      1719566567.1553574,
      1719566604.7468066,
      {}
    ],
    [
      8,
      null,
      276997743,
      7407.407407407407,
      178.87717684495058,
      28.268592834472656,
      1,
      1719566604.748811,
      1719566633.0178242,
      {}
    ],
    [
      9,
      null,
      276997743,
      7407.407407407407,
      160.56204168292325,
      33.28501605987549,
      1,
      1719566633.0201793,
      1719566666.3056185,
      {}
    ],
    [
      10,
      null,
      276997743,
      7407.407407407407,
      248.64500588820542,
      32.278905630111694,
      1,
      1719566666.3075473,
      1719566698.5868866,
      {}
    ],
    [
      11,
      null,
      276997743,
      7407.407407407407,
      80.44317733435379,
      35.779850244522095,
      1,
      1719566698.5887566,
      1719566734.3690293,
      {}
    ],
    [
      12,
      null,
      276997743,
      7407.407407407407,
      173.93209693137672,
      22.97233486175537,
      1,
      1719566734.3708804,
      1719566757.3435903,
      {}
    ],
    [
      13,
      null,
      276997743,
      7407.407407407407,
      194.1933495716848,
      23.41302752494812,
      1,
      1719566757.345375,
      1719566780.7587898,
      {}
    ],
    [
      14,
      null,
      276997743,
      7407.407407407407,
      193.792699964641,
      24.279931783676147,
      1,
      1719566780.7606041,
      1719566805.040925,
      {}
    ],
    [
      15,
      null,
      276997743,
      7407.407407407407,
      186.88804699068638,
      22.713398933410645,
      1,
      1719566805.042779,
      1719566827.7565706,
      {}
    ],
    [
      16,
      null,
      276997743,
      7407.407407407407,
      177.88794789844783,
      23.676658630371094,
      1,
      1719566827.7584782,
      1719566851.435541,
      {}
    ],
    [
      17,
      null,
      276997743,
      7407.407407407407,
      12.00793269671296,
      31.486246347427368,
      1,
      1719566851.4375486,
      1719566882.9241939,
      {}
    ],
    [
      18,
      null,
      276997743,
      7407.407407407407,
      163.94992215847523,
      22.81551766395569,
      1,
      1719566882.9262297,
      1719566905.7421272,
      {}
    ],
    [
      19,
      null,
      276997743,
      7407.407407407407,
      38.05435625554477,
      27.576711416244507,
      1,
      1719566905.744125,
      1719566933.3212318,
      {}
    ],
    [
      20,
      null,
      276997743,
      7407.407407407407,
      135.1814127168173,
      25.208328247070312,
      1,
      1719566933.3231263,
      1719566958.5318303,
      {}
    ],
    [
      21,
      null,
      276997743,
      7407.407407407407,
      180.96832621630497,
      24.42366337776184,
      1,
      1719566958.5337708,
      1719566982.9578087,
      {}
    ],
    [
      22,
      null,
      276997743,
      7407.407407407407,
      116.93047910836968,
      30.221603631973267,
      1,
      1719566982.960151,
      1719567013.1821618,
      {}
    ],
    [
      23,
      null,
      276997743,
      7407.407407407407,
      154.414196736591,
      33.502212047576904,
      1,
      1719567013.1841483,
      1719567046.6867323,
      {}
    ],
    [
      24,
      null,
      276997743,
      7407.407407407407,
      112.50329631124696,
      34.849539041519165,
      1,
      1719567046.6887386,
      1719567081.5386546,
      {}
    ],
    [
      25,
      null,
      276997743,
      7407.407407407407,
      166.89423606013182,
      22.992218494415283,
      1,
      1719567081.540701,
      1719567104.533294,
      {}
    ],
    [
      26,
      null,
      276997743,
      7407.407407407407,
      159.45716877571772,
      22.69430422782898,
      1,
      1719567104.5355017,
      1719567127.2302165,
      {}
    ],
    [
      27,
      null,
      276997743,
      7407.407407407407,
      127.8025101726236,
      28.163304567337036,
      1,
      1719567127.232367,
      1719567155.3960552,
      {}
    ],
    [
      17,
      null,
      276997743,
      22222.222222222223,
      -20.75472101247641,
      123.15108728408813,
      1,
      1719567155.4041157,
      1719567278.5556626,
      {}
    ],
    [
      19,
      null,
      276997743,
      22222.222222222223,
      4.100444921896701,
      112.1998507976532,
      1,
      1719567278.5602353,
      1719567390.7604907,
      {}
    ],
    [
      11,
      null,
      276997743,
      22222.222222222223,
      93.86132949465973,
      157.0514087677002,
      1,
      1719567390.762384,
      1719567547.8141673,
      {}
    ],
    [
      7,
      null,
      276997743,
      22222.222222222223,
      68.2455646882276,
      130.9886815547943,
      1,
      1719567547.81609,
      1719567678.8051434,
      {}
    ],
    [
      24,
      null,
      276997743,
      22222.222222222223,
      105.61140953056021,
      159.67306303977966,
      1,
      1719567678.8070672,
      1719567838.4805188,
      {}
    ],
    [
      22,
      null,
      276997743,
      22222.222222222223,
      85.90328663182028,
      163.88524556159973,
      1,
      1719567838.4833157,
      1719568002.3689842,
      {}
    ],
    [
      27,
      null,
      276997743,
      22222.222222222223,
      90.91118540495003,
      143.92222571372986,
      1,
      1719568002.3717146,
      1719568146.2943559,
      {}
    ],
    [
      20,
      null,
      276997743,
      22222.222222222223,
      12.265744686179074,
      115.74831628799438,
      1,
      1719568146.2962954,
      1719568262.0449905,
      {}
    ],
    [
      2,
      null,
      276997743,
      22222.222222222223,
      119.40771796658532,
      104.1692316532135,
      1,
      1719568262.047014,
      1719568366.216627,
      {}
    ],
    [
      17,
      null,
      276997743,
      66666.66666666666,
      -112.02810219163779,
      421.63036942481995,
      1,
      1719568366.2193398,
      1719568787.8501012,
      {}
    ],
    [
      19,
      null,
      276997743,
      66666.66666666666,
      -26.1788145881519,
      332.0464894771576,
      1,
      1719568787.8519514,
      1719569119.8988142,
      {}
    ],
    [
      20,
      null,
      276997743,
      66666.66666666666,
      16.11377347165707,
      417.6416344642639,
      1,
      1719569119.9008107,
      1719569537.5428238,
      {}
    ],
    [
      17,
      null,
      276997743,
      200000.0,
      -129.972372215797,
      1173.1982073783875,
      1,
      1719569537.5449417,
      1719570710.7435217,
      {}
    ],
    [
