{
  "stats": {
    "submitted": 1,
    "finished": 1,
    "running": 0
  },
  "data": [
    [
      1,
      null,
      1236808847,
      10000.0,
      149.71966998210513,
      7.930114984512329,
      1,
      1718789322.3507502,
      1718789330.2812238,
      {}
    ]
  ],
  "configs": {
    "1": {
      "discount_factor": 0.9780087329316632,
      "gae_lambda": 0.8958177422267163,
      "learning_rate": 0.0012524780289090607
    }
  },
  "config_origins": {
    "1": "Initial Design: Random"
  }
}