{
  "stats": {
    "submitted": 1,
    "finished": 1,
    "running": 0
  },
  "data": [
    [
      1,
      null,
      830111573,
      11111.111111111111,
      118.83680118928005,
      44.42405915260315,
      1,
      1719582720.2188778,
      1719582764.6433134,
      {}
    ]
  ],
  "configs": {
    "1": {
      "discount_factor": 0.9191342656635026,
      "gae_lambda": 0.9046384441202203,
      "learning_rate": 0.00019680267970175142
    }
  },
  "config_origins": {
    "1": "Initial Design: Random"
  }
}