{
  "stats": {
    "submitted": 4,
    "finished": 4,
    "running": 0
  },
  "data": [
    [
      1,
      null,
      950923744,
      null,
      40.89372515678406,
      41.450419664382935,
      1,
      1720453891.1169999,
      1720453932.5679224,
      {}
    ],
    [
      2,
      null,
      950923744,
      null,
      55.86153554916382,
      55.939794063568115,
      1,
      1720453932.5706317,
      1720453988.511124,
      {}
    ],
    [
      3,
      null,
      950923744,
      null,
      44.32910680770874,
      44.39881205558777,
      1,
      1720453988.5127833,
      1720454032.9119864,
      {}
    ],
    [
      4,
      null,
      950923744,
      null,
      47.73655891418457,
      47.82206606864929,
      1,
      1720454032.9135995,
      1720454080.7360494,
      {}
    ]
  ],
  "configs": {
    "1": {
      "discount_factor": 0.9615513865202665,
      "gae_lambda": 0.9828326070047915,
      "learning_rate": 0.00011808515920571124
    },
    "2": {
      "discount_factor": 0.9046006619799882,
      "gae_lambda": 0.9230819454034791,
      "learning_rate": 0.008385852180557126
    },
    "3": {
      "discount_factor": 0.946934046045877,
      "gae_lambda": 0.960138864878565,
      "learning_rate": 0.0006292852015303438
    },
    "4": {
      "discount_factor": 0.9918716563051566,
      "gae_lambda": 0.9456766061922536,
      "learning_rate": 0.0015762588598625268
    }
  },
  "config_origins": {
    "1": "Initial Design: Sobol",
    "2": "Initial Design: Sobol",
    "3": "Initial Design: Sobol",
    "4": "Initial Design: Sobol"
  }
}