{
  "stats": {
    "submitted": 1,
    "finished": 0,
    "running": 1
  },
  "data": [
    [
      1,
      null,
      1715420042,
      2.2222222222222223,
      2147483647.0,
      0.0,
      0,
      0.0,
      0.0,
      {}
    ]
  ],
  "configs": {
    "1": {
      "discount_factor": 0.9395408327160455,
      "gae_lambda": 0.8862486835962424,
      "learning_rate": 4.9334040020601334e-05
    }
  },
  "config_origins": {
    "1": "Initial Design: Random"
  }
}