{
  "stats": {
    "submitted": 4,
    "finished": 3,
    "running": 1
  },
  "data": [
    [
      1,
      null,
      4189627,
      10000.0,
      -44.22222222222222,
      7.772605657577515,
      1,
      1709660304.3500676,
      1709660312.1230886,
      {}
    ],
    [
      2,
      null,
      4189627,
      10000.0,
      -533.2666666666667,
      17.22028684616089,
      1,
      1709660312.1282961,
      1709660329.3506489,
      {}
    ],
    [
      3,
      null,
      4189627,
      10000.0,
      -108.19999999999999,
      7.902960300445557,
      1,
      1709660329.3540869,
      1709660337.2587004,
      {}
    ],
    [
      2,
      null,
      4189627,
      30000.0,
      2147483647.0,
      0.0,
      0,
      0.0,
      0.0,
      {}
    ]
  ],
  "configs": {
    "1": {
      "discount_factor": 0.9495965717954314,
      "gae_lambda": 0.9754996101085153,
      "learning_rate": 6.004165725127806e-05
    },
    "2": {
      "discount_factor": 0.9967933358476052,
      "gae_lambda": 0.8432635236041665,
      "learning_rate": 0.008815184643329397
    },
    "3": {
      "discount_factor": 0.9254615264200582,
      "gae_lambda": 0.9242180616300609,
      "learning_rate": 0.0001887560591680904
    }
  },
  "config_origins": {
    "1": "Initial Design: Random",
    "2": "Initial Design: Random",
    "3": "Custom"
  }
}