{
  "incumbent_ids": [],
  "rejected_config_ids": [],
  "incumbents_changed": 0,
  "trajectory": [],
  "state": {
    "tracker": {
      "0,0": [
        [
          0,
          [
            {
              "discount_factor": 0.991538936787008,
              "gae_lambda": 0.9201530665601775,
              "learning_rate": 8.144218825964214e-05
            },
            {
              "discount_factor": 0.9839310611606767,
              "gae_lambda": 0.8781386510726369,
              "learning_rate": 1.1472055685046377e-05
            },
            {
              "discount_factor": 0.9877199189262008,
              "gae_lambda": 0.9024902958421903,
              "learning_rate": 0.001829573863979825
            }
          ]
        ]
      ]
    },
    "next_bracket": 1
  }
}