{
  "stats": {
    "submitted": 2,
    "finished": 2,
    "running": 0
  },
  "data": [
    [
      1,
      null,
      1823796566,
      16666.666666666664,
      162.2942972886125,
      12.841863632202148,
      1,
      1718790486.4583158,
      1718790499.3005748,
      {}
    ],
    [
      2,
      null,
      1823796566,
      16666.666666666664,
      194.0083871956121,
      12.348784923553467,
      1,
      1718790499.3018198,
      1718790511.650996,
      {}
    ]
  ],
  "configs": {
    "1": {
      "discount_factor": 0.991538936787008,
      "gae_lambda": 0.9201530665601775,
      "learning_rate": 8.144218825964214e-05
    },
    "2": {
      "discount_factor": 0.9839310611606767,
      "gae_lambda": 0.8781386510726369,
      "learning_rate": 1.1472055685046377e-05
    }
  },
  "config_origins": {
    "1": "Initial Design: Random",
    "2": "Initial Design: Random"
  }
}