{
  "stats": {
    "submitted": 1,
    "finished": 0,
    "running": 1
  },
  "data": [
    [
      1,
      null,
      1868968645,
      null,
      2147483647.0,
      0.0,
      0,
      0.0,
      0.0,
      {}
    ]
  ],
  "configs": {
    "1": {
      "discount_factor": 0.9580895599694923,
      "gae_lambda": 0.9169610108518973,
      "learning_rate": 0.00020032166778994882
    }
  },
  "config_origins": {
    "1": "Initial Design: Sobol"
  }
}