{
  "stats": {
    "submitted": 10,
    "finished": 10,
    "running": 0
  },
  "data": [
    [
      1,
      null,
      209652396,
      2.7777777777777777,
      0.23093160012380076,
      1.439483642578125,
      1,
      1719484552.1609113,
      1719484553.6014717,
      {}
    ],
    [
      2,
      null,
      209652396,
      2.7777777777777777,
      0.7100479727638502,
      0.37717533111572266,
      1,
      1719484553.6034417,
      1719484553.9823205,
      {}
    ],
    [
      3,
      null,
      209652396,
      2.7777777777777777,
      0.0628814608480347,
      0.29202723503112793,
      1,
      1719484553.9844863,
      1719484554.2778068,
      {}
    ],
    [
      4,
      null,
      209652396,
      2.7777777777777777,
      0.8987202104611576,
      0.4894740581512451,
      1,
      1719484554.2808092,
      1719484554.771447,
      {}
    ],
    [
      5,
      null,
      209652396,
      2.7777777777777777,
      0.8447369235530795,
      0.12320756912231445,
      1,
      1719484554.774695,
      1719484554.8993912,
      {}
    ],
    [
      6,
      null,
      209652396,
      2.7777777777777777,
      0.07458062519343867,
      0.1875143051147461,
      1,
      1719484554.901192,
      1719484555.0895414,
      {}
    ],
    [
      7,
      null,
      209652396,
      2.7777777777777777,
      0.14246672856700704,
      0.1299428939819336,
      1,
      1719484555.0929089,
      1719484555.2240255,
      {}
    ],
    [
      8,
      null,
      209652396,
      2.7777777777777777,
      0.35391519653358094,
      0.17674469947814941,
      1,
      1719484555.2272875,
      1719484555.4051504,
      {}
    ],
    [
      9,
      null,
      209652396,
      2.7777777777777777,
      0.36563138347260904,
      0.10913562774658203,
      1,
      1719484555.4066007,
      1719484555.5163279,
      {}
    ],
    [
      3,
      null,
      209652396,
      8.333333333333332,
      0.04953729495512216,
      0.7640562057495117,
      1,
      1719484555.5216012,
      1719484556.286822,
      {}
    ]
  ],
  "configs": {
    "1": {
      "activation": "tanh",
      "n_layer": 4,
      "n_neurons": 123,
      "solver": "lbfgs"
    },
    "2": {
      "activation": "relu",
      "n_layer": 3,
      "n_neurons": 49,
      "solver": "lbfgs"
    },
    "3": {
      "activation": "tanh",
      "n_layer": 5,
      "n_neurons": 56,
      "solver": "adam",
      "batch_size": 155,
      "learning_rate_init": 0.006677306766018313
    },
    "4": {
      "activation": "tanh",
      "n_layer": 5,
      "n_neurons": 197,
      "solver": "adam",
      "batch_size": 241,
      "learning_rate_init": 0.018781738757161916
    },
    "5": {
      "activation": "tanh",
      "n_layer": 2,
      "n_neurons": 10,
      "solver": "adam",
      "batch_size": 62,
      "learning_rate_init": 0.00011889379831773019
    },
    "6": {
      "activation": "tanh",
      "n_layer": 4,
      "n_neurons": 66,
      "solver": "adam",
      "batch_size": 214,
      "learning_rate_init": 0.005599223654063347
    },
    "7": {
      "activation": "relu",
      "n_layer": 1,
      "n_neurons": 79,
      "solver": "adam",
      "batch_size": 87,
      "learning_rate_init": 0.0018268942281532308
    },
    "8": {
      "activation": "tanh",
      "n_layer": 3,
      "n_neurons": 35,
      "solver": "adam",
      "batch_size": 57,
      "learning_rate_init": 0.00044181257379025503
    },
    "9": {
      "activation": "tanh",
      "n_layer": 2,
      "n_neurons": 39,
      "solver": "lbfgs"
    }
  },
  "config_origins": {
    "1": "Initial Design: Random",
    "2": "Initial Design: Random",
    "3": "Initial Design: Random",
    "4": "Initial Design: Random",
    "5": "Initial Design: Random",
    "6": "Custom",
    "7": "Custom",
    "8": "Custom",
    "9": "Custom"
  }
}