{
  "incumbent_ids": [
    6
  ],
  "rejected_config_ids": [
    1,
    3
  ],
  "incumbents_changed": 3,
  "trajectory": [
    {
      "config_ids": [
        1
      ],
      "costs": [
        174.52415573200003
      ],
      "trial": 1,
      "walltime": 854.814642906189
    },
    {
      "config_ids": [
        3
      ],
      "costs": [
        -77.662252048
      ],
      "trial": 3,
      "walltime": 2510.908693790436
    },
    {
      "config_ids": [
        6
      ],
      "costs": [
        -81.622327954
      ],
      "trial": 6,
      "walltime": 4983.417400598526
    }
  ],
  "state": {
    "queue": [
      [
        9,
        1
      ]
    ]
  }
}