{
  "stats": {
    "submitted": 9,
    "finished": 9,
    "running": 0
  },
  "data": [
    [
      1,
      null,
      2056612791,
      null,
      174.52415573200003,
      854.812579870224,
      1,
      1719986079.9719858,
      1719986934.7851543,
      {}
    ],
    [
      2,
      null,
      2056612791,
      null,
      804.0054831000001,
      819.3566229343414,
      1,
      1719986934.7869039,
      1719987754.1439388,
      {}
    ],
    [
      3,
      null,
      2056612791,
      null,
      -77.662252048,
      836.7331027984619,
      1,
      1719987754.1456583,
      1719988590.879167,
      {}
    ],
    [
      4,
      null,
      2056612791,
      null,
      104.79508471600002,
      875.4774096012115,
      1,
      1719988590.881029,
      1719989466.358857,
      {}
    ],
    [
      5,
      null,
      2056612791,
      null,
      470.69103078999996,
      795.3382179737091,
      1,
      1719989466.3615408,
      1719990261.7004757,
      {}
    ],
    [
      6,
      null,
      2056612791,
      null,
      -81.622327954,
      801.6853427886963,
      1,
      1719990261.7021432,
      1719991063.387909,
      {}
    ],
    [
      7,
      null,
      2056612791,
      null,
      179.14635316600004,
      848.5427041053772,
      1,
      1719991063.3898525,
      1719991911.932954,
      {}
    ],
    [
      8,
      null,
      2056612791,
      null,
      126.940962834,
      883.8235423564911,
      1,
      1719991911.9347706,
      1719992795.7587268,
      {}
    ],
    [
      9,
      null,
      2056612791,
      null,
      129.871461506,
      911.4321522712708,
      1,
      1719992795.761387,
      1719993707.1941795,
      {}
    ]
  ],
  "configs": {
    "1": {
      "discount_factor": 0.9122060827240348,
      "gae_lambda": 0.9345930312182754,
      "learning_rate": 0.00011540937139958703
    },
    "2": {
      "discount_factor": 0.9729646557178349,
      "gae_lambda": 0.985996134487912,
      "learning_rate": 0.006943964746407331
    },
    "3": {
      "discount_factor": 0.9769584304913879,
      "gae_lambda": 0.9173509262390435,
      "learning_rate": 0.0008555135648384751
    },
    "4": {
      "discount_factor": 0.9387653669323772,
      "gae_lambda": 0.966493916105479,
      "learning_rate": 0.0016286868703565477
    },
    "5": {
      "discount_factor": 0.9265551903946325,
      "gae_lambda": 0.9107332243295386,
      "learning_rate": 0.004075728586169468
    },
    "6": {
      "discount_factor": 0.9895615572715178,
      "gae_lambda": 0.9606868625180796,
      "learning_rate": 0.00018545297317239015
    },
    "7": {
      "discount_factor": 0.9604161002738402,
      "gae_lambda": 0.9427070733485744,
      "learning_rate": 0.0030918560582701986
    },
    "8": {
      "discount_factor": 0.9243741509104147,
      "gae_lambda": 0.9902073361231014,
      "learning_rate": 0.00044463514441922807
    },
    "9": {
      "discount_factor": 0.9160688158124686,
      "gae_lambda": 0.9218995622741059,
      "learning_rate": 0.001918202690813153
    }
  },
  "config_origins": {
    "1": "Initial Design: Sobol",
    "2": "Initial Design: Sobol",
    "3": "Initial Design: Sobol",
    "4": "Initial Design: Sobol",
    "5": "Initial Design: Sobol",
    "6": "Initial Design: Sobol",
    "7": "Initial Design: Sobol",
    "8": "Initial Design: Sobol",
    "9": "Initial Design: Sobol"
  }
}