{
  "stats": {
    "submitted": 12,
    "finished": 12,
    "running": 0
  },
  "data": [
    [
      1,
      null,
      1640433191,
      null,
      -244.35714285714283,
      13.605626344680786,
      1,
      1719510709.035834,
      1719510722.6422608,
      {}
    ],
    [
      2,
      null,
      1640433191,
      null,
      -32.785714285714285,
      8.930235385894775,
      1,
      1719510722.644066,
      1719510731.5747106,
      {}
    ],
    [
      3,
      null,
      1640433191,
      null,
      -381.85714285714283,
      13.786651849746704,
      1,
      1719510731.576207,
      1719510745.3632433,
      {}
    ],
    [
      4,
      null,
      1640433191,
      null,
      -134.2142857142857,
      10.04911756515503,
      1,
      1719510745.365207,
      1719510755.414702,
      {}
    ],
    [
      5,
      null,
      1640433191,
      null,
      -33.357142857142854,
      8.530442714691162,
      1,
      1719510755.4162858,
      1719510763.9470859,
      {}
    ],
    [
      6,
      null,
      1640433191,
      null,
      -208.67142857142855,
      11.150057077407837,
      1,
      1719510763.9486902,
      1719510775.0991135,
      {}
    ],
    [
      7,
      null,
      1640433191,
      null,
      -113.8142857142857,
      9.759682893753052,
      1,
      1719510775.1008978,
      1719510784.8609662,
      {}
    ],
    [
      8,
      null,
      1640433191,
      null,
      -228.92857142857142,
      11.557823419570923,
      1,
      1719510784.8626747,
      1719510796.4210289,
      {}
    ],
    [
      9,
      null,
      1640433191,
      null,
      -91.42857142857143,
      9.423822402954102,
      1,
      1719510796.4252148,
      1719510805.8498185,
      {}
    ],
    [
      10,
      null,
      1640433191,
      null,
      -229.6,
      11.485930442810059,
      1,
      1719510805.8518045,
      1719510817.3381379,
      {}
    ],
    [
      11,
      null,
      1640433191,
      null,
      -26.485714285714288,
      8.530977964401245,
      1,
      1719510817.3400235,
      1719510825.8713799,
      {}
    ],
    [
      12,
      null,
      1640433191,
      null,
      -362.04285714285714,
      13.718599319458008,
      1,
      1719510825.8732612,
      1719510839.592227,
      {}
    ]
  ],
  "configs": {
    "1": {
      "discount_factor": 0.9811855704411865,
      "gae_lambda": 0.9930126308919862,
      "learning_rate": 0.007376133758233056
    },
    "2": {
      "discount_factor": 0.9167948338184506,
      "gae_lambda": 0.8274808554816991,
      "learning_rate": 3.320677107950399e-05
    },
    "3": {
      "discount_factor": 0.9470913111520931,
      "gae_lambda": 0.9202262025093659,
      "learning_rate": 0.0015118305426370818
    },
    "4": {
      "discount_factor": 0.9507683380963281,
      "gae_lambda": 0.8511093856059015,
      "learning_rate": 0.00013782560084550513
    },
    "5": {
      "discount_factor": 0.9726546794939787,
      "gae_lambda": 0.9402599464654923,
      "learning_rate": 1.9695893441339178e-05
    },
    "6": {
      "discount_factor": 0.9252772772312164,
      "gae_lambda": 0.8866534305391833,
      "learning_rate": 0.0018698362200492602
    },
    "7": {
      "discount_factor": 0.9077187265651301,
      "gae_lambda": 0.9667731365766377,
      "learning_rate": 9.742573600458906e-05
    },
    "8": {
      "discount_factor": 0.9902856456963345,
      "gae_lambda": 0.8105815791571513,
      "learning_rate": 0.0004445372271846304
    },
    "9": {
      "discount_factor": 0.9983488890761509,
      "gae_lambda": 0.908938523164019,
      "learning_rate": 7.662374209211614e-05
    },
    "10": {
      "discount_factor": 0.901864248781465,
      "gae_lambda": 0.8677815524125472,
      "learning_rate": 0.0005382410675542829
    },
    "11": {
      "discount_factor": 0.9334431483652443,
      "gae_lambda": 0.9855964247882366,
      "learning_rate": 1.1822531468786626e-05
    },
    "12": {
      "discount_factor": 0.9668907445035875,
      "gae_lambda": 0.8418544244049118,
      "learning_rate": 0.0041006176045764245
    }
  },
  "config_origins": {
    "1": "Initial Design: Sobol",
    "2": "Initial Design: Sobol",
    "3": "Initial Design: Sobol",
    "4": "Initial Design: Sobol",
    "5": "Initial Design: Sobol",
    "6": "Initial Design: Sobol",
    "7": "Initial Design: Sobol",
    "8": "Initial Design: Sobol",
    "9": "Initial Design: Sobol",
    "10": "Initial Design: Sobol",
    "11": "Initial Design: Sobol",
    "12": "Initial Design: Sobol"
  }
}