{
  "stats": {
    "submitted": 6,
    "finished": 6,
    "running": 0
  },
  "data": [
    [
      1,
      null,
      1949835849,
      null,
      34.1737003326416,
      34.68373203277588,
      1,
      1720454120.8233342,
      1720454155.507684,
      {}
    ],
    [
      2,
      null,
      1949835849,
      null,
      33.218830823898315,
      33.31624507904053,
      1,
      1720454155.5106542,
      1720454188.8276494,
      {}
    ],
    [
      3,
      null,
      1949835849,
      null,
      42.14440965652466,
      42.214335441589355,
      1,
      1720454188.8302193,
      1720454231.045238,
      {}
    ],
    [
      4,
      null,
      1949835849,
      null,
      36.448320150375366,
      36.5177161693573,
      1,
      1720454231.046925,
      1720454267.5650508,
      {}
    ],
    [
      5,
      null,
      1949835849,
      null,
      23.010338306427002,
      23.102054357528687,
      1,
      1720454267.566837,
      1720454290.6693163,
      {}
    ],
    [
      6,
      null,
      1949835849,
      null,
      23.0860333442688,
      23.157844066619873,
      1,
      1720454290.6712494,
      1720454313.8294845,
      {}
    ]
  ],
  "configs": {
    "1": {
      "discount_factor": 0.9927852277010679,
      "gae_lambda": 0.9023381366925314,
      "learning_rate": 0.0021757369028162976
    },
    "2": {
      "discount_factor": 0.9128806206146255,
      "gae_lambda": 0.9909205085104331,
      "learning_rate": 0.00013058080118783394
    },
    "3": {
      "discount_factor": 0.9376807101555169,
      "gae_lambda": 0.9376892044432461,
      "learning_rate": 0.00751983915230319
    },
    "4": {
      "discount_factor": 0.967984855656512,
      "gae_lambda": 0.9542935478109866,
      "learning_rate": 0.0004677855243311127
    },
    "5": {
      "discount_factor": 0.9564418499702588,
      "gae_lambda": 0.9309896636009216,
      "learning_rate": 0.00020506359738147712
    },
    "6": {
      "discount_factor": 0.936859289444983,
      "gae_lambda": 0.9731665942054242,
      "learning_rate": 0.0010372509084253664
    }
  },
  "config_origins": {
    "1": "Initial Design: Sobol",
    "2": "Initial Design: Sobol",
    "3": "Initial Design: Sobol",
    "4": "Initial Design: Sobol",
    "5": "Initial Design: Sobol",
    "6": "Initial Design: Sobol"
  }
}