{
  "incumbent_ids": [],
  "rejected_config_ids": [],
  "incumbents_changed": 0,
  "trajectory": [],
  "state": {
    "tracker": {
      "0,0": [
        [
          0,
          [
            {
              "discount_factor": 0.9231021011438465,
              "gae_lambda": 0.9883469785979583,
              "learning_rate": 1.8037805707107278e-05
            },
            {
              "discount_factor": 0.9983053136534782,
              "gae_lambda": 0.8887751851354679,
              "learning_rate": 5.8706740075600165e-05
            },
            {
              "discount_factor": 0.9378546079604012,
              "gae_lambda": 0.838462746002013,
              "learning_rate": 0.0004023225156022702
            }
          ]
        ]
      ]
    },
    "next_bracket": 1
  }
}