{
  "stats": {
    "submitted": 2,
    "finished": 2,
    "running": 0
  },
  "data": [
    [
      1,
      null,
      1002250185,
      8333.333333333332,
      -26.725,
      6.0534350872039795,
      1,
      1719520273.416682,
      1719520279.4706059,
      {}
    ],
    [
      2,
      null,
      1002250185,
      8333.333333333332,
      -37.85,
      4.971784353256226,
      1,
      1719520279.4717965,
      1719520284.443965,
      {}
    ]
  ],
  "configs": {
    "1": {
      "discount_factor": 0.9231021011438465,
      "gae_lambda": 0.9883469785979583,
      "learning_rate": 1.8037805707107278e-05
    },
    "2": {
      "discount_factor": 0.9983053136534782,
      "gae_lambda": 0.8887751851354679,
      "learning_rate": 5.8706740075600165e-05
    }
  },
  "config_origins": {
    "1": "Initial Design: Random",
    "2": "Custom"
  }
}