{
  "stats": {
    "submitted": 50,
    "finished": 50,
    "running": 0
  },
  "data": [
    [
      1,
      null,
      209652396,
      null,
      0.06666666666666665,
      0.011204957962036133,
      1,
      1707160553.9358933,
      1707160553.9478855,
      {}
    ],
    [
      1,
      null,
      398764591,
      null,
      0.06666666666666665,
      0.009841680526733398,
      1,
      1707160553.9506369,
      1707160553.9612188,
      {}
    ],
    [
      2,
      null,
      209652396,
      null,
      0.013333333333333308,
      0.014440059661865234,
      1,
      1707160553.9637492,
      1707160553.9792135,
      {}
    ],
    [
      2,
      null,
      398764591,
      null,
      0.013333333333333308,
      0.014301061630249023,
      1,
      1707160553.9820673,
      1707160553.9975436,
      {}
    ],
    [
      2,
      null,
      924231285,
      null,
      0.013333333333333308,
      0.01378321647644043,
      1,
      1707160554.0012767,
      1707160554.0162776,
      {}
    ],
    [
      3,
      null,
      209652396,
      null,
      0.7666666666666667,
      0.011054039001464844,
      1,
      1707160554.019127,
      1707160554.031276,
      {}
    ],
    [
      3,
      null,
      398764591,
      null,
      0.7666666666666667,
      0.008759498596191406,
      1,
      1707160554.032934,
      1707160554.0422869,
      {}
    ],
    [
      3,
      null,
      924231285,
      null,
      0.7666666666666667,
      0.007988452911376953,
      1,
      1707160554.0443707,
      1707160554.0528986,
      {}
    ],
    [
      4,
      null,
      209652396,
      null,
      0.019999999999999907,
      0.005621671676635742,
      1,
      1707160554.054521,
      1707160554.0606456,
      {}
    ],
    [
      4,
      null,
      398764591,
      null,
      0.019999999999999907,
      0.005251407623291016,
      1,
      1707160554.0619235,
      1707160554.067693,
      {}
    ],
    [
      4,
      null,
      924231285,
      null,
      0.019999999999999907,
      0.005592823028564453,
      1,
      1707160554.068924,
      1707160554.0749972,
      {}
    ],
    [
      5,
      null,
      209652396,
      null,
      0.6666666666666667,
      0.007827520370483398,
      1,
      1707160554.0767822,
      1707160554.08507,
      {}
    ],
    [
      5,
      null,
      398764591,
      null,
      0.6666666666666667,
      0.007920980453491211,
      1,
      1707160554.08634,
      1707160554.0947492,
      {}
    ],
    [
      5,
      null,
      924231285,
      null,
      0.6666666666666667,
      0.007834672927856445,
      1,
      1707160554.096315,
      1707160554.1046374,
      {}
    ],
    [
      6,
      null,
      209652396,
      null,
      0.053333333333333344,
      0.007636308670043945,
      1,
      1707160554.1972117,
      1707160554.2052634,
      {}
    ],
    [
      6,
      null,
      398764591,
      null,
      0.053333333333333344,
      0.009599924087524414,
      1,
      1707160554.2070444,
      1707160554.2171578,
      {}
    ],
    [
      6,
      null,
      924231285,
      null,
      0.053333333333333344,
      0.009555816650390625,
      1,
      1707160554.2189355,
      1707160554.2290046,
      {}
    ],
    [
      7,
      null,
      209652396,
      null,
      0.040000000000000036,
      0.007995843887329102,
      1,
      1707160554.2313585,
      1707160554.239841,
      {}
    ],
    [
      7,
      null,
      398764591,
      null,
      0.040000000000000036,
      0.007928848266601562,
      1,
      1707160554.2414777,
      1707160554.2502077,
      {}
    ],
    [
      7,
      null,
      924231285,
      null,
      0.040000000000000036,
      0.00999140739440918,
      1,
      1707160554.2517245,
      1707160554.2623503,
      {}
    ],
    [
      8,
      null,
      209652396,
      null,
      0.06666666666666665,
      0.007838726043701172,
      1,
      1707160554.2644398,
      1707160554.2727456,
      {}
    ],
    [
      8,
      null,
      398764591,
      null,
      0.06666666666666665,
      0.010509490966796875,
      1,
      1707160554.274116,
      1707160554.2851434,
      {}
    ],
    [
      8,
      null,
      924231285,
      null,
      0.06666666666666665,
      0.011474370956420898,
      1,
      1707160554.2870862,
      1707160554.2990327,
      {}
    ],
    [
      9,
      null,
      209652396,
      null,
      0.019999999999999907,
      0.007040262222290039,
      1,
      1707160554.3011513,
      1707160554.30871,
      {}
    ],
    [
      9,
      null,
      398764591,
      null,
      0.019999999999999907,
      0.00770115852355957,
      1,
      1707160554.3115263,
      1707160554.320147,
      {}
    ],
    [
      9,
      null,
      924231285,
      null,
      0.019999999999999907,
      0.008588314056396484,
      1,
      1707160554.322119,
      1707160554.331421,
      {}
    ],
    [
      10,
      null,
      209652396,
      null,
      0.06666666666666665,
      0.009321928024291992,
      1,
      1707160554.3340025,
      1707160554.3441672,
      {}
    ],
    [
      10,
      null,
      398764591,
      null,
      0.06666666666666665,
      0.008929967880249023,
      1,
      1707160554.3468502,
      1707160554.3564217,
      {}
    ],
    [
      10,
      null,
      924231285,
      null,
      0.06666666666666665,
      0.009920597076416016,
      1,
      1707160554.3581812,
      1707160554.3691077,
      {}
    ],
    [
      11,
      null,
      209652396,
      null,
      0.033333333333333215,
      0.0073375701904296875,
      1,
      1707160554.3716908,
      1707160554.3795328,
      {}
    ],
    [
      11,
      null,
      398764591,
      null,
      0.033333333333333215,
      0.005771160125732422,
      1,
      1707160554.3815424,
      1707160554.3881848,
      {}
    ],
    [
      11,
      null,
      924231285,
      null,
      0.033333333333333215,
      0.00831747055053711,
      1,
      1707160554.389761,
      1707160554.3986182,
      {}
    ],
    [
      12,
      null,
      209652396,
      null,
      0.05999999999999994,
      0.007054805755615234,
      1,
      1707160554.4010174,
      1707160554.4085684,
      {}
    ],
    [
      12,
      null,
      398764591,
      null,
      0.05999999999999994,
      0.008315801620483398,
      1,
      1707160554.4113855,
      1707160554.4203753,
      {}
    ],
    [
      12,
      null,
      924231285,
      null,
      0.05999999999999994,
      0.009113550186157227,
      1,
      1707160554.4225445,
      1707160554.432184,
      {}
    ],
    [
      13,
      null,
      209652396,
      null,
      0.040000000000000036,
      0.008523702621459961,
      1,
      1707160554.4349823,
      1707160554.4440475,
      {}
    ],
    [
      13,
      null,
      398764591,
      null,
      0.040000000000000036,
      0.007586240768432617,
      1,
      1707160554.4467018,
      1707160554.4548466,
      {}
    ],
    [
      13,
      null,
      924231285,
      null,
      0.040000000000000036,
      0.009636878967285156,
      1,
      1707160554.4567184,
      1707160554.4668987,
      {}
    ],
    [
      14,
      null,
      209652396,
      null,
      0.026666666666666616,
      0.006403923034667969,
      1,
      1707160554.633214,
      1707160554.6400478,
      {}
    ],
    [
      14,
      null,
      398764591,
      null,
      0.026666666666666616,
      0.00670933723449707,
      1,
      1707160554.642692,
      1707160554.6500657,
      {}
    ],
    [
      14,
      null,
      924231285,
      null,
      0.026666666666666616,
      0.008551836013793945,
      1,
      1707160554.6530466,
      1707160554.6620765,
      {}
    ],
    [
      15,
      null,
      209652396,
      null,
      0.013333333333333308,
      0.006036996841430664,
      1,
      1707160554.6654658,
      1707160554.6721573,
      {}
    ],
