{
  "stats": {
    "submitted": 4,
    "finished": 4,
    "running": 0
  },
  "data": [
    [
      1,
      null,
      1946825386,
      2.2222222222222223,
      -185.779156314903,
      1134.9524619579315,
      1,
      1719861781.0841784,
      1719862916.0370545,
      {}
    ],
    [
      2,
      null,
      1946825386,
      2.2222222222222223,
      136.8575697463468,
      981.3729646205902,
      1,
      1719862916.03869,
      1719863897.4121242,
      {}
    ],
    [
      3,
      null,
      1946825386,
      2.2222222222222223,
      119.93638665250715,
      1351.85005402565,
      1,
      1719863897.41325,
      1719865249.263715,
      {}
    ],
    [
      4,
      null,
      1946825386,
      2.2222222222222223,
      14.598356125355261,
      1141.1316950321198,
      1,
      1719865249.26485,
      1719866390.3969686,
      {}
    ]
  ],
  "configs": {
    "1": {
      "discount_factor": 0.9943747801775586,
      "gae_lambda": 0.8300059962413693,
      "learning_rate": 6.715719607805296e-05
    },
    "2": {
      "discount_factor": 0.9269647172007768,
      "gae_lambda": 0.9778648911077211,
      "learning_rate": 0.005105742224476097
    },
    "3": {
      "discount_factor": 0.9409125095273221,
      "gae_lambda": 0.9656982229174418,
      "learning_rate": 0.00016858620273249762
    },
    "4": {
      "discount_factor": 0.9707048388451034,
      "gae_lambda": 0.844325086682224,
      "learning_rate": 1.2450122554615735e-05
    }
  },
  "config_origins": {
    "1": "Initial Design: Random",
    "2": "Initial Design: Random",
    "3": "Initial Design: Random",
    "4": "Initial Design: Random"
  }
}