{
  "stats": {
    "submitted": 16,
    "finished": 16,
    "running": 0
  },
  "data": [
    [
      1,
      null,
      364427225,
      111111.11111111111,
      119.99168599885571,
      848.8199617862701,
      1,
      1719640613.8785372,
      1719641462.6989174,
      {}
    ],
    [
      2,
      null,
      364427225,
      111111.11111111111,
      92.13669262732351,
      890.1491270065308,
      1,
      1719641462.7040987,
      1719642352.8542786,
      {}
    ],
    [
      3,
      null,
      364427225,
      111111.11111111111,
      111.36910484230216,
      817.4539620876312,
      1,
      1719642352.8560042,
      1719643170.3104184,
      {}
    ],
    [
      4,
      null,
      364427225,
      111111.11111111111,
      129.03378481021025,
      922.1737976074219,
      1,
      1719643170.3120472,
      1719644092.4862974,
      {}
    ],
    [
      5,
      null,
      364427225,
      111111.11111111111,
      59.60198976660799,
      789.8618569374084,
      1,
      1719644092.4878201,
      1719644882.350151,
      {}
    ],
    [
      6,
      null,
      364427225,
      111111.11111111111,
      62.90300619671484,
      1007.6515147686005,
      1,
      1719644882.3524532,
      1719645890.0044713,
      {}
    ],
    [
      7,
      null,
      364427225,
      111111.11111111111,
      67.70076782216603,
      885.6765596866608,
      1,
      1719645890.0061336,
      1719646775.683147,
      {}
    ],
    [
      8,
      null,
      364427225,
      111111.11111111111,
      -79.37968453276832,
      808.1740639209747,
      1,
      1719646775.6856096,
      1719647583.860163,
      {}
    ],
    [
      9,
      null,
      364427225,
      111111.11111111111,
      -46.50500694937928,
      766.2633337974548,
      1,
      1719647583.8620818,
      1719648350.125856,
      {}
    ],
    [
      8,
      null,
      364427225,
      333333.3333333333,
      -127.53764600904935,
      2423.8202846050262,
      1,
      1719648350.1287487,
      1719650773.949531,
      {}
    ],
    [
      9,
      null,
      364427225,
      333333.3333333333,
      -159.94530813155635,
      2252.45316362381,
      1,
      1719650773.9518015,
      1719653026.405496,
      {}
    ],
    [
      5,
      null,
      364427225,
      333333.3333333333,
      44.722617559231004,
      2876.9646492004395,
      1,
      1719653026.4074697,
      1719655903.3725755,
      {}
    ],
    [
      9,
      null,
      364427225,
      1000000.0,
      -191.33002295010527,
      6702.378037452698,
      1,
      1719655903.3745587,
      1719662605.753079,
      {}
    ],
    [
      10,
      null,
      364427225,
      333333.3333333333,
      -171.5740524972855,
      2175.384351491928,
      1,
      1719662605.9003417,
      1719664781.2852483,
      {}
    ],
    [
      11,
      null,
      364427225,
      333333.3333333333,
      -71.30559015325292,
      2426.788364171982,
      1,
      1719664781.2870946,
      1719667208.075933,
      {}
    ],
    [
      12,
      null,
      364427225,
      333333.3333333333,
      160.5128550708066,
      3026.6025030612946,
      1,
      1719667208.078075,
      1719670234.6811187,
      {}
    ]
  ],
  "configs": {
    "1": {
      "discount_factor": 0.9579001328093725,
      "gae_lambda": 0.8453618449152004,
      "learning_rate": 0.0005383158920591748
    },
    "2": {
      "discount_factor": 0.9474698566023841,
      "gae_lambda": 0.8408671128231959,
      "learning_rate": 0.0012849597524437612
    },
    "3": {
      "discount_factor": 0.9359096466547199,
      "gae_lambda": 0.9554515844703977,
      "learning_rate": 0.0027731827996095473
    },
    "4": {
      "discount_factor": 0.915624233298754,
      "gae_lambda": 0.897982064662885,
      "learning_rate": 0.005238736559741308
    },
    "5": {
      "discount_factor": 0.9328207132340941,
      "gae_lambda": 0.8514803461895667,
      "learning_rate": 4.407954219487014e-05
    },
    "6": {
      "discount_factor": 0.9755506662047552,
      "gae_lambda": 0.8833441791707672,
      "learning_rate": 0.00026974181835497357
    },
    "7": {
      "discount_factor": 0.9521350140799771,
      "gae_lambda": 0.9956951401244117,
      "learning_rate": 3.1213066149910305e-05
    },
    "8": {
      "discount_factor": 0.9842419845494531,
      "gae_lambda": 0.9880966334773186,
      "learning_rate": 0.00033602244521453733
    },
    "9": {
      "discount_factor": 0.9933061837895354,
      "gae_lambda": 0.835980975190694,
      "learning_rate": 0.0029882449210885792
    },
    "10": {
      "discount_factor": 0.9870130093768356,
      "gae_lambda": 0.9563134250956663,
      "learning_rate": 0.0010038092759675303
    },
    "11": {
      "discount_factor": 0.9730355647924359,
      "gae_lambda": 0.9985448819576686,
      "learning_rate": 3.078302899640483e-05
    },
    "12": {
      "discount_factor": 0.9426114506691322,
      "gae_lambda": 0.9211521435993558,
      "learning_rate": 0.005927834728923888
    }
  },
  "config_origins": {
    "1": "Initial Design: Random",
    "2": "Initial Design: Random",
    "3": "Initial Design: Random",
    "4": "Initial Design: Random",
    "5": "Initial Design: Random",
    "6": "Custom",
    "7": "Custom",
    "8": "Custom",
    "9": "Custom",
    "10": "Acquisition Function Maximizer: Random Search (sorted)",
    "11": "Acquisition Function Maximizer: Random Search (sorted)",
    "12": "Acquisition Function Maximizer: Random Search (sorted)"
  }
}