{
  "incumbent_ids": [
    2
  ],
  "rejected_config_ids": [
    1
  ],
  "incumbents_changed": 2,
  "trajectory": [
    {
      "config_ids": [
        1
      ],
      "costs": [
        192.38104834558865
      ],
      "trial": 1,
      "walltime": 5.990733861923218
    },
    {
      "config_ids": [
        2
      ],
      "costs": [
        112.83838101775939
      ],
      "trial": 2,
      "walltime": 13.276916980743408
    }
  ],
  "state": {
    "queue": [
      [
        2,
        1
      ]
    ]
  }
}