{
  "stats": {
    "submitted": 2,
    "finished": 2,
    "running": 0
  },
  "data": [
    [
      1,
      null,
      1309451595,
      null,
      192.38104834558865,
      5.988719701766968,
      1,
      1719508746.1314428,
      1719508752.1207886,
      {}
    ],
    [
      2,
      null,
      1309451595,
      null,
      112.83838101775939,
      7.283703327178955,
      1,
      1719508752.1224873,
      1719508759.406637,
      {}
    ]
  ],
  "configs": {
    "1": {
      "discount_factor": 0.9372571152728051,
      "gae_lambda": 0.8627819740064442,
      "learning_rate": 0.00010263329087532142
    },
    "2": {
      "discount_factor": 0.9552479845052585,
      "gae_lambda": 0.9626204454209656,
      "learning_rate": 0.0032178987099004174
    }
  },
  "config_origins": {
    "1": "Initial Design: Sobol",
    "2": "Initial Design: Sobol"
  }
}