{
  "stats": {
    "submitted": 2,
    "finished": 1,
    "running": 1
  },
  "data": [
    [
      1,
      null,
      260589964,
      null,
      22.50532341003418,
      23.052432537078857,
      1,
      1720338132.7759824,
      1720338155.8289883,
      {}
    ],
    [
      2,
      null,
      260589964,
      null,
      2147483647.0,
      0.0,
      0,
      0.0,
      0.0,
      {}
    ]
  ],
  "configs": {
    "1": {
      "discount_factor": 0.9953987054284662,
      "gae_lambda": 0.9276143726063892,
      "learning_rate": 0.00012842362515384385
    },
    "2": {
      "discount_factor": 0.9068821245096624,
      "gae_lambda": 0.9947587654776872,
      "learning_rate": 0.002566832675882587
    }
  },
  "config_origins": {
    "1": "Initial Design: Sobol",
    "2": "Initial Design: Sobol"
  }
}