{
  "stats": {
    "submitted": 4,
    "finished": 4,
    "running": 0
  },
  "data": [
    [
      1,
      null,
      135604014,
      15000.0,
      180.83665074852863,
      10.675929069519043,
      1,
      1719580521.5541723,
      1719580532.230486,
      {}
    ],
    [
      2,
      null,
      135604014,
      15000.0,
      96.05578152165515,
      14.764606237411499,
      1,
      1719580532.2318487,
      1719580546.9968343,
      {}
    ],
    [
      3,
      null,
      135604014,
      15000.0,
      170.216805338773,
      10.650166749954224,
      1,
      1719580546.998182,
      1719580557.6487365,
      {}
    ],
    [
      4,
      null,
      135604014,
      15000.0,
      179.51029367579096,
      10.735213041305542,
      1,
      1719580557.6517167,
      1719580568.3877237,
      {}
    ]
  ],
  "configs": {
    "1": {
      "discount_factor": 0.9031257044981635,
      "gae_lambda": 0.8362598266307513,
      "learning_rate": 3.150317743422171e-05
    },
    "2": {
      "discount_factor": 0.9449429546087568,
      "gae_lambda": 0.9483311009164361,
      "learning_rate": 0.0024235353981082327
    },
    "3": {
      "discount_factor": 0.9232992516803056,
      "gae_lambda": 0.8354355477954736,
      "learning_rate": 3.1720350082044714e-05
    },
    "4": {
      "discount_factor": 0.9301090307613918,
      "gae_lambda": 0.8438826084105964,
      "learning_rate": 2.5209898345207707e-05
    }
  },
  "config_origins": {
    "1": "Initial Design: Random",
    "2": "Initial Design: Random",
    "3": "Initial Design: Random",
    "4": "Initial Design: Random"
  }
}