{
  "stats": {
    "submitted": 1,
    "finished": 0,
    "running": 1
  },
  "data": [
    [
      1,
      null,
      329764815,
      11111.111111111111,
      2147483647.0,
      0.0,
      0,
      0.0,
      0.0,
      {}
    ]
  ],
  "configs": {
    "1": {
      "discount_factor": 0.9076011559303072,
      "gae_lambda": 0.8133387591852025,
      "learning_rate": 8.121233411913258e-05
    }
  },
  "config_origins": {
    "1": "Initial Design: Random"
  }
}