{
  "stats": {
    "submitted": 1,
    "finished": 0,
    "running": 1
  },
  "data": [
    [
      1,
      null,
      185002166,
      2.2222222222222223,
      2147483647.0,
      0.0,
      0,
      0.0,
      0.0,
      {}
    ]
  ],
  "configs": {
    "1": {
      "discount_factor": 0.9042643426771506,
      "gae_lambda": 0.8574925407902416,
      "learning_rate": 0.0024275665501414666
    }
  },
  "config_origins": {
    "1": "Initial Design: Random"
  }
}