{
  "incumbent_ids": [
    8
  ],
  "rejected_config_ids": [],
  "incumbents_changed": 1,
  "trajectory": [
    {
      "config_ids": [
        8
      ],
      "costs": [
        27.032466958464347
      ],
      "trial": 13,
      "walltime": 1699.7162554264069
    }
  ],
  "state": {
    "tracker": {
      "0,2": [
        [
          0,
          [
            {
              "discount_factor": 0.9954869017504236,
              "gae_lambda": 0.8207504810959223,
              "learning_rate": 0.001127444713711404
            }
          ]
        ]
      ]
    },
    "next_bracket": 1
  }
}