{
  "stats": {
    "submitted": 13,
    "finished": 13,
    "running": 0
  },
  "data": [
    [
      1,
      null,
      1170835047,
      11111.111111111111,
      178.4472157390384,
      34.73306226730347,
      1,
      1719523353.7701313,
      1719523388.5035553,
      {}
    ],
    [
      2,
      null,
      1170835047,
      11111.111111111111,
      164.8225790082905,
      35.38088798522949,
      1,
      1719523388.5048413,
      1719523423.8861184,
      {}
    ],
    [
      3,
      null,
      1170835047,
      11111.111111111111,
      169.21886439139834,
      37.22192645072937,
      1,
      1719523423.8872573,
      1719523461.1096206,
      {}
    ],
    [
      4,
      null,
      1170835047,
      11111.111111111111,
      160.8325767537988,
      35.433565855026245,
      1,
      1719523461.11063,
      1719523496.5445771,
      {}
    ],
    [
      5,
      null,
      1170835047,
      11111.111111111111,
      99.58883676531029,
      65.20228600502014,
      1,
      1719523496.5456278,
      1719523561.748309,
      {}
    ],
    [
      6,
      null,
      1170835047,
      11111.111111111111,
      120.13200284969328,
      40.55319857597351,
      1,
      1719523561.7493453,
      1719523602.3029225,
      {}
    ],
    [
      7,
      null,
      1170835047,
      11111.111111111111,
      103.13621199714704,
      54.079909563064575,
      1,
      1719523602.303977,
      1719523656.384267,
      {}
    ],
    [
      8,
      null,
      1170835047,
      11111.111111111111,
      55.113104360277134,
      67.59853649139404,
      1,
      1719523656.3853977,
      1719523723.9843264,
      {}
    ],
    [
      9,
      null,
      1170835047,
      11111.111111111111,
      131.46408554672612,
      47.49849033355713,
      1,
      1719523723.9855018,
      1719523771.4843874,
      {}
    ],
    [
      8,
      null,
      1170835047,
      33333.33333333333,
      35.70691392088261,
      236.55421686172485,
      1,
      1719523771.4863868,
      1719524008.040997,
      {}
    ],
    [
      5,
      null,
      1170835047,
      33333.33333333333,
      112.42940310114649,
      244.79296946525574,
      1,
      1719524008.0421665,
      1719524252.835531,
      {}
    ],
    [
      7,
      null,
      1170835047,
      33333.33333333333,
      64.26284192032935,
      219.1920201778412,
      1,
      1719524252.8366532,
      1719524472.0290625,
      {}
    ],
    [
      8,
      null,
      1170835047,
      100000.0,
      27.032466958464347,
      581.4541008472443,
      1,
      1719524472.0303764,
      1719525053.484849,
      {}
    ]
  ],
  "configs": {
    "1": {
      "discount_factor": 0.9269880214880638,
      "gae_lambda": 0.9203779181189211,
      "learning_rate": 4.892296415470187e-05
    },
    "2": {
      "discount_factor": 0.9616281748060194,
      "gae_lambda": 0.9377735040110556,
      "learning_rate": 2.871896989952205e-05
    },
    "3": {
      "discount_factor": 0.9315000257831755,
      "gae_lambda": 0.9490278047268962,
      "learning_rate": 1.703581282539303e-05
    },
    "4": {
      "discount_factor": 0.9038156066416339,
      "gae_lambda": 0.9925381315957278,
      "learning_rate": 2.52200720499184e-05
    },
    "5": {
      "discount_factor": 0.9362109445535548,
      "gae_lambda": 0.9340248880092309,
      "learning_rate": 0.0007834770155337963
    },
    "6": {
      "discount_factor": 0.9909534583374273,
      "gae_lambda": 0.9228659094163056,
      "learning_rate": 0.00015732664108019658
    },
    "7": {
      "discount_factor": 0.9641610432744825,
      "gae_lambda": 0.9673013772288183,
      "learning_rate": 0.0002585712476801001
    },
    "8": {
      "discount_factor": 0.9954869017504236,
      "gae_lambda": 0.8207504810959223,
      "learning_rate": 0.001127444713711404
    },
    "9": {
      "discount_factor": 0.9129625886534884,
      "gae_lambda": 0.9313080425597383,
      "learning_rate": 0.0001373898419505023
    }
  },
  "config_origins": {
    "1": "Initial Design: Random",
    "2": "Initial Design: Random",
    "3": "Initial Design: Random",
    "4": "Custom",
    "5": "Custom",
    "6": "Custom",
    "7": "Custom",
    "8": "Custom",
    "9": "Custom"
  }
}