{
  "incumbent_ids": [
    2
  ],
  "rejected_config_ids": [],
  "incumbents_changed": 1,
  "trajectory": [
    {
      "config_ids": [
        2
      ],
      "costs": [
        -431.6896551724137
      ],
      "trial": 4,
      "walltime": 63.00008797645569
    }
  ],
  "state": {
    "tracker": {
      "0,1": [
        [
          0,
          [
            {
              "discount_factor": 0.9193820651316802,
              "gae_lambda": 0.9698753000131328,
              "learning_rate": 0.0015070352966361194
            }
          ]
        ]
      ]
    },
    "next_bracket": 1
  }
}