{
  "stats": {
    "submitted": 4,
    "finished": 4,
    "running": 0
  },
  "data": [
    [
      1,
      null,
      1397410161,
      10000.0,
      -115.82222222222224,
      9.160756826400757,
      1,
      1709660373.8165112,
      1709660382.9776556,
      {}
    ],
    [
      2,
      null,
      1397410161,
      10000.0,
      -179.73333333333332,
      9.192381858825684,
      1,
      1709660382.980222,
      1709660392.1731443,
      {}
    ],
    [
      3,
      null,
      1397410161,
      10000.0,
      -135.9111111111111,
      9.868073225021362,
      1,
      1709660392.176481,
      1709660402.0456653,
      {}
    ],
    [
      2,
      null,
      1397410161,
      30000.0,
      -431.6896551724137,
      34.76697516441345,
      1,
      1709660402.047645,
      1709660436.8152907,
      {}
    ]
  ],
  "configs": {
    "1": {
      "discount_factor": 0.9322106310170625,
      "gae_lambda": 0.8886780912101325,
      "learning_rate": 0.00016362807974534932
    },
    "2": {
      "discount_factor": 0.9193820651316802,
      "gae_lambda": 0.9698753000131328,
      "learning_rate": 0.0015070352966361194
    },
    "3": {
      "discount_factor": 0.9174642871301782,
      "gae_lambda": 0.8032210642411467,
      "learning_rate": 0.001779977341030398
    }
  },
  "config_origins": {
    "1": "Initial Design: Random",
    "2": "Initial Design: Random",
    "3": "Custom"
  }
}