{
  "stats": {
    "submitted": 8,
    "finished": 8,
    "running": 0
  },
  "data": [
    [
      1,
      null,
      1684786823,
      1.1111111111111112,
      -250.2,
      24.38434648513794,
      1,
      1720295680.1295545,
      1720295704.5143015,
      {}
    ],
    [
      2,
      null,
      1684786823,
      1.1111111111111112,
      -271.50491803278686,
      24.110559463500977,
      1,
      1720295704.5164733,
      1720295728.6277206,
      {}
    ],
    [
      3,
      null,
      1684786823,
      1.1111111111111112,
      -89.18032786885246,
      10.820291519165039,
      1,
      1720295728.6287987,
      1720295739.4494925,
      {}
    ],
    [
      4,
      null,
      1684786823,
      1.1111111111111112,
      -340.7573770491803,
      29.622127056121826,
      1,
      1720295739.4511747,
      1720295769.0740082,
      {}
    ],
    [
      5,
      null,
      1684786823,
      1.1111111111111112,
      -266.67868852459014,
      24.991124153137207,
      1,
      1720295769.0752466,
      1720295794.066779,
      {}
    ],
    [
      6,
      null,
      1684786823,
      1.1111111111111112,
      -218.0590163934426,
      21.274365186691284,
      1,
      1720295794.068135,
      1720295815.3429325,
      {}
    ],
    [
      7,
      null,
      1684786823,
      1.1111111111111112,
      -332.73442622950824,
      29.68885326385498,
      1,
      1720295815.3442433,
      1720295845.0335143,
      {}
    ],
    [
      8,
      null,
      1684786823,
      1.1111111111111112,
      -158.77377049180333,
      17.105088710784912,
      1,
      1720295845.0348554,
      1720295862.140376,
      {}
    ]
  ],
  "configs": {
    "1": {
      "discount_factor": 0.9883347299241713,
      "gae_lambda": 0.9435325729807189,
      "learning_rate": 0.00034119835763580397
    },
    "2": {
      "discount_factor": 0.947990677825655,
      "gae_lambda": 0.9477089757786197,
      "learning_rate": 0.005507257636608199
    },
    "3": {
      "discount_factor": 0.9266783608676388,
      "gae_lambda": 0.907025461832206,
      "learning_rate": 0.009597205281521169
    },
    "4": {
      "discount_factor": 0.9665528202974971,
      "gae_lambda": 0.9939108059410192,
      "learning_rate": 0.0002642953207150772
    },
    "5": {
      "discount_factor": 0.9691350091832913,
      "gae_lambda": 0.9201866635666047,
      "learning_rate": 0.0010661442231332172
    },
    "6": {
      "discount_factor": 0.9441453514852852,
      "gae_lambda": 0.9620153095128634,
      "learning_rate": 0.0008644769848607585
    },
    "7": {
      "discount_factor": 0.9005901784296663,
      "gae_lambda": 0.9951133270519587,
      "learning_rate": 0.0003201149302430086
    },
    "8": {
      "discount_factor": 0.9072023008948757,
      "gae_lambda": 0.9699569716549522,
      "learning_rate": 0.0036343972825897287
    }
  },
  "config_origins": {
    "1": "Initial Design: Random",
    "2": "Initial Design: Random",
    "3": "Initial Design: Random",
    "4": "Initial Design: Random",
    "5": "Initial Design: Random",
    "6": "Custom",
    "7": "Custom",
    "8": "Custom"
  }
}