{
  "incumbent_ids": [
    1
  ],
  "rejected_config_ids": [],
  "incumbents_changed": 1,
  "trajectory": [
    {
      "config_ids": [
        1
      ],
      "costs": [
        100.62530639808756
      ],
      "trial": 1,
      "walltime": 14.802109003067017
    }
  ],
  "state": {
    "tracker": {
      "0,0": [
        [
          0,
          [
            {
              "discount_factor": 0.9904155522291541,
              "gae_lambda": 0.9587274878247114,
              "learning_rate": 0.0030095683466572804
            },
            {
              "discount_factor": 0.9732726908843155,
              "gae_lambda": 0.8375421778728946,
              "learning_rate": 0.0017847009180141362
            },
            {
              "discount_factor": 0.9522606836609456,
              "gae_lambda": 0.8016226165583791,
              "learning_rate": 2.991284779179173e-05
            }
          ]
        ]
      ]
    },
    "next_bracket": 1
  }
}