{
  "stats": {
    "submitted": 1,
    "finished": 1,
    "running": 0
  },
  "data": [
    [
      1,
      null,
      1775060162,
      3333.333333333333,
      100.62530639808756,
      14.799780368804932,
      1,
      1719525890.8634455,
      1719525905.6637275,
      {}
    ]
  ],
  "configs": {
    "1": {
      "discount_factor": 0.9904155522291541,
      "gae_lambda": 0.9587274878247114,
      "learning_rate": 0.0030095683466572804
    }
  },
  "config_origins": {
    "1": "Initial Design: Random"
  }
}