{
  "stats": {
    "submitted": 2,
    "finished": 1,
    "running": 1
  },
  "data": [
    [
      1,
      null,
      1248938627,
      2.2222222222222223,
      120.1139417568295,
      39.98927283287048,
      1,
      1719861070.2097485,
      1719861110.1993995,
      {}
    ],
    [
      2,
      null,
      1248938627,
      2.2222222222222223,
      2147483647.0,
      0.0,
      0,
      0.0,
      0.0,
      {}
    ]
  ],
  "configs": {
    "1": {
      "discount_factor": 0.9287883275071287,
      "gae_lambda": 0.850890581534219,
      "learning_rate": 0.0015249678189158265
    },
    "2": {
      "discount_factor": 0.9854372523166388,
      "gae_lambda": 0.8118352710013987,
      "learning_rate": 0.00010429405933357163
    }
  },
  "config_origins": {
    "1": "Initial Design: Random",
    "2": "Initial Design: Random"
  }
}