{
  "stats": {
    "submitted": 1,
    "finished": 0,
    "running": 1
  },
  "data": [
    [
      1,
      null,
      506559260,
      null,
      2147483647.0,
      0.0,
      0,
      0.0,
      0.0,
      {}
    ]
  ],
  "configs": {
    "1": {
      "discount_factor": 0.9278949933433905,
      "gae_lambda": 0.8574422474764287,
      "learning_rate": 0.005412514625609633
    }
  },
  "config_origins": {
    "1": "Initial Design: Sobol"
  }
}