{
  "incumbent_ids": [],
  "rejected_config_ids": [],
  "incumbents_changed": 0,
  "trajectory": [],
  "state": {
    "tracker": {
      "0,0": [
        [
          0,
          [
            {
              "discount_factor": 0.9537791149747314,
              "gae_lambda": 0.8091758692933659,
              "learning_rate": 0.00823158442409593
            },
            {
              "discount_factor": 0.9371654971796044,
              "gae_lambda": 0.9606234283277396,
              "learning_rate": 0.0007940043551433754
            },
            {
              "discount_factor": 0.9288844728301814,
              "gae_lambda": 0.8945798803713868,
              "learning_rate": 4.55339676948846e-05
            }
          ]
        ]
      ]
    }
  }
}