{
  "stats": {
    "submitted": 2,
    "finished": 2,
    "running": 0
  },
  "data": [
    [
      1,
      null,
      185643022,
      8333.333333333332,
      -209.9,
      6.461104393005371,
      1,
      1719520070.728096,
      1719520077.1895735,
      {}
    ],
    [
      2,
      null,
      185643022,
      8333.333333333332,
      -157.0,
      5.708530902862549,
      1,
      1719520077.1908045,
      1719520082.8997111,
      {}
    ]
  ],
  "configs": {
    "1": {
      "discount_factor": 0.9537791149747314,
      "gae_lambda": 0.8091758692933659,
      "learning_rate": 0.00823158442409593
    },
    "2": {
      "discount_factor": 0.9371654971796044,
      "gae_lambda": 0.9606234283277396,
      "learning_rate": 0.0007940043551433754
    }
  },
  "config_origins": {
    "1": "Initial Design: Random",
    "2": "Initial Design: Random"
  }
}