{
  "stats": {
    "submitted": 13,
    "finished": 13,
    "running": 0
  },
  "data": [
    [
      1,
      null,
      2041071129,
      11111.111111111111,
      174.75209828938802,
      32.249560832977295,
      1,
      1719526718.150579,
      1719526750.4005003,
      {}
    ],
    [
      2,
      null,
      2041071129,
      11111.111111111111,
      150.99005230589245,
      45.54579281806946,
      1,
      1719526750.4017444,
      1719526795.9479132,
      {}
    ],
    [
      3,
      null,
      2041071129,
      11111.111111111111,
      189.19677044650558,
      36.8743839263916,
      1,
      1719526795.9489186,
      1719526832.8236797,
      {}
    ],
    [
      4,
      null,
      2041071129,
      11111.111111111111,
      144.17289382588908,
      69.8641083240509,
      1,
      1719526832.824675,
      1719526902.6891685,
      {}
    ],
    [
      5,
      null,
      2041071129,
      11111.111111111111,
      106.24911747900275,
      49.477622747421265,
      1,
      1719526902.6901546,
      1719526952.1681461,
      {}
    ],
    [
      6,
      null,
      2041071129,
      11111.111111111111,
      59.41406661007494,
      55.88113212585449,
      1,
      1719526952.1691844,
      1719527008.0506926,
      {}
    ],
    [
      7,
      null,
      2041071129,
      11111.111111111111,
      576.1293747285878,
      39.789732933044434,
      1,
      1719527008.0517747,
      1719527047.841905,
      {}
    ],
    [
      8,
      null,
      2041071129,
      11111.111111111111,
      145.66028549937303,
      46.92985701560974,
      1,
      1719527047.843051,
      1719527094.7733119,
      {}
    ],
    [
      9,
      null,
      2041071129,
      11111.111111111111,
      96.79853196295635,
      55.814258098602295,
      1,
      1719527094.7744648,
      1719527150.589121,
      {}
    ],
    [
      6,
      null,
      2041071129,
      33333.33333333333,
      6.2292183688945775,
      212.4206418991089,
      1,
      1719527150.5918736,
      1719527363.012942,
      {}
    ],
    [
      9,
      null,
      2041071129,
      33333.33333333333,
      36.51031468822738,
      217.96662735939026,
      1,
      1719527363.0141501,
      1719527580.9812,
      {}
    ],
    [
      5,
      null,
      2041071129,
      33333.33333333333,
      37.49362649438587,
      211.87672019004822,
      1,
      1719527580.9823482,
      1719527792.8594763,
      {}
    ],
    [
      6,
      null,
      2041071129,
      100000.0,
      44.62998992755782,
      613.6348941326141,
      1,
      1719527792.8608365,
      1719528406.4961252,
      {}
    ]
  ],
  "configs": {
    "1": {
      "discount_factor": 0.9965471662968836,
      "gae_lambda": 0.9578530271415067,
      "learning_rate": 1.3972845172955404e-05
    },
    "2": {
      "discount_factor": 0.9031560951368325,
      "gae_lambda": 0.8488967978913654,
      "learning_rate": 0.0001174769008972321
    },
    "3": {
      "discount_factor": 0.9465805238454157,
      "gae_lambda": 0.862406837593668,
      "learning_rate": 3.345009546864593e-05
    },
    "4": {
      "discount_factor": 0.9331395784875868,
      "gae_lambda": 0.8444162820451626,
      "learning_rate": 0.0023512271803145545
    },
    "5": {
      "discount_factor": 0.977247910544477,
      "gae_lambda": 0.8890385247540805,
      "learning_rate": 0.0002875393811077704
    },
    "6": {
      "discount_factor": 0.9980620546244933,
      "gae_lambda": 0.9117800862188188,
      "learning_rate": 0.0004212070718855618
    },
    "7": {
      "discount_factor": 0.9043349408310257,
      "gae_lambda": 0.8027473094033257,
      "learning_rate": 0.00963234390613108
    },
    "8": {
      "discount_factor": 0.9957931069666005,
      "gae_lambda": 0.8177931728608732,
      "learning_rate": 0.00011828810551197068
    },
    "9": {
      "discount_factor": 0.9300460356464236,
      "gae_lambda": 0.8854885993958811,
      "learning_rate": 0.0003108132050093925
    }
  },
  "config_origins": {
    "1": "Initial Design: Random",
    "2": "Custom",
    "3": "Custom",
    "4": "Custom",
    "5": "Custom",
    "6": "Custom",
    "7": "Custom",
    "8": "Custom",
    "9": "Custom"
  }
}