{
  "stats": {
    "submitted": 11,
    "finished": 11,
    "running": 0
  },
  "data": [
    [
      1,
      null,
      987048484,
      2.2222222222222223,
      128.3143288103372,
      417.8076796531677,
      1,
      1719900130.4237716,
      1719900548.2318244,
      {}
    ],
    [
      2,
      null,
      987048484,
      2.2222222222222223,
      170.25979557952655,
      372.3701946735382,
      1,
      1719900548.233914,
      1719900920.6048126,
      {}
    ],
    [
      3,
      null,
      987048484,
      2.2222222222222223,
      145.9930488217678,
      384.41950726509094,
      1,
      1719900920.605906,
      1719901305.02582,
      {}
    ],
    [
      4,
      null,
      987048484,
      2.2222222222222223,
      220.84461123461875,
      259.98565435409546,
      1,
      1719901305.027078,
      1719901565.0131865,
      {}
    ],
    [
      5,
      null,
      987048484,
      2.2222222222222223,
      247.72507486383097,
      291.87148809432983,
      1,
      1719901565.0144658,
      1719901856.8863833,
      {}
    ],
    [
      6,
      null,
      987048484,
      2.2222222222222223,
      70.68744195766318,
      331.5114572048187,
      1,
      1719901856.887709,
      1719902188.3996232,
      {}
    ],
    [
      7,
      null,
      987048484,
      2.2222222222222223,
      155.9118888025816,
      465.7509536743164,
      1,
      1719902188.4009416,
      1719902654.152337,
      {}
    ],
    [
      8,
      null,
      987048484,
      2.2222222222222223,
      152.9401918152996,
      318.7998595237732,
      1,
      1719902654.1537237,
      1719902972.95407,
      {}
    ],
    [
      9,
      null,
      987048484,
      2.2222222222222223,
      213.63564156300853,
      296.7321243286133,
      1,
      1719902972.9563823,
      1719903269.6893306,
      {}
    ],
    [
      6,
      null,
      987048484,
      6.666666666666666,
      89.94025126580797,
      423.29539823532104,
      1,
      1719903269.6916628,
      1719903692.9875395,
      {}
    ],
    [
      1,
      null,
      987048484,
      6.666666666666666,
      108.07783604173822,
      570.319283246994,
      1,
      1719903692.988868,
      1719904263.3086038,
      {}
    ]
  ],
  "configs": {
    "1": {
      "discount_factor": 0.9722516988333386,
      "gae_lambda": 0.8421364818852402,
      "learning_rate": 8.961567756033054e-05
    },
    "2": {
      "discount_factor": 0.9600578532802848,
      "gae_lambda": 0.9222415475779654,
      "learning_rate": 0.00024895651198338374
    },
    "3": {
      "discount_factor": 0.9038304892873459,
      "gae_lambda": 0.909598767364294,
      "learning_rate": 3.779437080427425e-05
    },
    "4": {
      "discount_factor": 0.9614088347416329,
      "gae_lambda": 0.9946659380166444,
      "learning_rate": 0.006333090600891744
    },
    "5": {
      "discount_factor": 0.9963690693287106,
      "gae_lambda": 0.8065395182589294,
      "learning_rate": 0.005066521596749137
    },
    "6": {
      "discount_factor": 0.9795403050086834,
      "gae_lambda": 0.9495071167772756,
      "learning_rate": 5.186761507834445e-05
    },
    "7": {
      "discount_factor": 0.9497523476941422,
      "gae_lambda": 0.8652291100588612,
      "learning_rate": 0.00028726083268038727
    },
    "8": {
      "discount_factor": 0.9943627986939632,
      "gae_lambda": 0.9270312183991762,
      "learning_rate": 0.001337296040844782
    },
    "9": {
      "discount_factor": 0.9698011625538809,
      "gae_lambda": 0.9882354322724333,
      "learning_rate": 0.004028393995431258
    }
  },
  "config_origins": {
    "1": "Initial Design: Random",
    "2": "Initial Design: Random",
    "3": "Initial Design: Random",
    "4": "Initial Design: Random",
    "5": "Initial Design: Random",
    "6": "Custom",
    "7": "Custom",
    "8": "Custom",
    "9": "Custom"
  }
}