{
  "stats": {
    "submitted": 5,
    "finished": 0,
    "running": 5
  },
  "data": [
    [
      1,
      null,
      1040131097,
      3333.333333333333,
      2147483647.0,
      0.0,
      0,
      0.0,
      0.0,
      {}
    ],
    [
      2,
      null,
      1040131097,
      3333.333333333333,
      2147483647.0,
      0.0,
      0,
      0.0,
      0.0,
      {}
    ],
    [
      3,
      null,
      1040131097,
      3333.333333333333,
      2147483647.0,
      0.0,
      0,
      0.0,
      0.0,
      {}
    ],
    [
      4,
      null,
      1040131097,
      3333.333333333333,
      2147483647.0,
      0.0,
      0,
      0.0,
      0.0,
      {}
    ],
    [
      5,
      null,
      1040131097,
      3333.333333333333,
      2147483647.0,
      0.0,
      0,
      0.0,
      0.0,
      {}
    ]
  ],
  "configs": {
    "1": {
      "discount_factor": 0.9734752649953972,
      "gae_lambda": 0.822829710907301,
      "learning_rate": 0.00012607372804860175
    },
    "2": {
      "discount_factor": 0.9595586158842567,
      "gae_lambda": 0.9114102554281707,
      "learning_rate": 0.00015603182149016373
    },
    "3": {
      "discount_factor": 0.9330946708566532,
      "gae_lambda": 0.9305585683359445,
      "learning_rate": 5.036048664451499e-05
    },
    "4": {
      "discount_factor": 0.9366600704299701,
      "gae_lambda": 0.9524240484846306,
      "learning_rate": 7.834673575275488e-05
    },
    "5": {
      "discount_factor": 0.9694533704904864,
      "gae_lambda": 0.9553373590763766,
      "learning_rate": 0.00201882057676314
    }
  },
  "config_origins": {
    "1": "Initial Design: Random",
    "2": null,
    "3": null,
    "4": null,
    "5": null
  }
}