{
  "stats": {
    "submitted": 7,
    "finished": 7,
    "running": 0
  },
  "data": [
    [
      1,
      null,
      1173913687,
      8333.333333333332,
      -137.3,
      6.151004314422607,
      1,
      1719485813.1541605,
      1719485819.3055303,
      {}
    ],
    [
      2,
      null,
      1173913687,
      8333.333333333332,
      -33.625,
      5.0762763023376465,
      1,
      1719485819.3067923,
      1719485824.3835526,
      {}
    ],
    [
      3,
      null,
      1173913687,
      8333.333333333332,
      -224.2,
      6.736325740814209,
      1,
      1719485824.3845835,
      1719485831.1212893,
      {}
    ],
    [
      3,
      null,
      1173913687,
      25000.0,
      -186.525,
      18.2675302028656,
      1,
      1719485831.122577,
      1719485849.3904912,
      {}
    ],
    [
      4,
      null,
      1173913687,
      8333.333333333332,
      -37.8,
      4.840023994445801,
      1,
      1719485849.4743457,
      1719485854.3147511,
      {}
    ],
    [
      5,
      null,
      1173913687,
      8333.333333333332,
      -165.675,
      5.970881938934326,
      1,
      1719485854.3158853,
      1719485860.2871475,
      {}
    ],
    [
      6,
      null,
      1173913687,
      8333.333333333332,
      -31.400000000000002,
      5.0489113330841064,
      1,
      1719485860.288242,
      1719485865.3375409,
      {}
    ]
  ],
  "configs": {
    "1": {
      "discount_factor": 0.9270589848396271,
      "gae_lambda": 0.9185318826460814,
      "learning_rate": 0.0003592866605588485
    },
    "2": {
      "discount_factor": 0.9630435375964371,
      "gae_lambda": 0.8079294097181828,
      "learning_rate": 6.915492561526187e-05
    },
    "3": {
      "discount_factor": 0.9014516322960368,
      "gae_lambda": 0.8308239064796278,
      "learning_rate": 0.0013281634857948608
    },
    "4": {
      "discount_factor": 0.9504462201913005,
      "gae_lambda": 0.8416378360012831,
      "learning_rate": 7.035820313704803e-05
    },
    "5": {
      "discount_factor": 0.9173637335365932,
      "gae_lambda": 0.9641750743613583,
      "learning_rate": 0.0006254454308744626
    },
    "6": {
      "discount_factor": 0.9018366967270064,
      "gae_lambda": 0.8035417511169959,
      "learning_rate": 1.5399650521029482e-05
    }
  },
  "config_origins": {
    "1": "Initial Design: Random",
    "2": "Initial Design: Random",
    "3": "Initial Design: Random",
    "4": "Initial Design: Random",
    "5": "Initial Design: Random",
    "6": "Acquisition Function Maximizer: Random Search (sorted)"
  }
}