{
  "stats": {
    "submitted": 2,
    "finished": 2,
    "running": 0
  },
  "data": [
    [
      1,
      null,
      477449805,
      10000.0,
      187.95125659711752,
      7.929931163787842,
      1,
      1718789169.410736,
      1718789177.3410323,
      {}
    ],
    [
      2,
      null,
      477449805,
      10000.0,
      191.6764263617027,
      9.475531578063965,
      1,
      1718789177.3425672,
      1718789186.818572,
      {}
    ]
  ],
  "configs": {
    "1": {
      "discount_factor": 0.9110053299984701,
      "gae_lambda": 0.8053602230949953,
      "learning_rate": 0.0006312603979637085
    },
    "2": {
      "discount_factor": 0.9200725296021094,
      "gae_lambda": 0.8197100862222954,
      "learning_rate": 0.00022347860021415414
    }
  },
  "config_origins": {
    "1": "Initial Design: Random",
    "2": "Initial Design: Random"
  }
}