{
  "stats": {
    "submitted": 4,
    "finished": 4,
    "running": 0
  },
  "data": [
    [
      1,
      null,
      1372593540,
      9.375,
      -222.92307692307693,
      12.382892370223999,
      1,
      1719481047.815008,
      1719481060.1983113,
      {}
    ],
    [
      2,
      null,
      1372593540,
      9.375,
      -242.1538461538462,
      12.2954740524292,
      1,
      1719481060.2168412,
      1719481072.5127382,
      {}
    ],
    [
      3,
      null,
      1372593540,
      9.375,
      -279.24615384615385,
      11.958163499832153,
      1,
      1719481072.514484,
      1719481084.4730904,
      {}
    ],
    [
      4,
      null,
      1372593540,
      9.375,
      -334.09230769230766,
      13.254449129104614,
      1,
      1719481084.4748058,
      1719481097.7296247,
      {}
    ]
  ],
  "configs": {
    "1": {
      "discount_factor": 0.9316386018996112,
      "gae_lambda": 0.975459588203719,
      "learning_rate": 0.0032225792695339405
    },
    "2": {
      "discount_factor": 0.9264694624540568,
      "gae_lambda": 0.8499019176808373,
      "learning_rate": 0.0019812158400000063
    },
    "3": {
      "discount_factor": 0.9300994843754468,
      "gae_lambda": 0.9454136359155993,
      "learning_rate": 0.0012084795338449836
    },
    "4": {
      "discount_factor": 0.9982173792382292,
      "gae_lambda": 0.9788465387468247,
      "learning_rate": 0.003272397522916897
    }
  },
  "config_origins": {
    "1": "Initial Design: Random",
    "2": "Initial Design: Random",
    "3": "Initial Design: Random",
    "4": "Initial Design: Random"
  }
}