{
  "stats": {
    "submitted": 2,
    "finished": 2,
    "running": 0
  },
  "data": [
    [
      1,
      null,
      1882106808,
      8333.333333333332,
      -204.10000000000002,
      7.042766332626343,
      1,
      1719519873.6512542,
      1719519880.6944125,
      {}
    ],
    [
      2,
      null,
      1882106808,
      8333.333333333332,
      -21.975,
      5.016011714935303,
      1,
      1719519880.6956518,
      1719519885.7121174,
      {}
    ]
  ],
  "configs": {
    "1": {
      "discount_factor": 0.943383001403505,
      "gae_lambda": 0.8774240942259058,
      "learning_rate": 0.0024720264996608934
    },
    "2": {
      "discount_factor": 0.9357803652543614,
      "gae_lambda": 0.9871944708469578,
      "learning_rate": 1.0547222585905844e-05
    }
  },
  "config_origins": {
    "1": "Initial Design: Random",
    "2": "Custom"
  }
}