{
  "stats": {
    "submitted": 1,
    "finished": 0,
    "running": 1
  },
  "data": [
    [
      1,
      null,
      863641582,
      null,
      2147483647.0,
      0.0,
      0,
      0.0,
      0.0,
      {}
    ]
  ],
  "configs": {
    "1": {
      "discount_factor": 0.9676243802430108,
      "gae_lambda": 0.9632686333581806,
      "learning_rate": 0.0005612575030987736
    }
  },
  "config_origins": {
    "1": "Initial Design: Sobol"
  }
}