{
  "stats": {
    "submitted": 1,
    "finished": 1,
    "running": 0
  },
  "data": [
    [
      1,
      null,
      1711242480,
      10000.0,
      197.22139948993419,
      10.154112100601196,
      1,
      1718788103.9329338,
      1718788114.0874624,
      {}
    ]
  ],
  "configs": {
    "1": {
      "discount_factor": 0.9394445389117868,
      "gae_lambda": 0.9298077336287952,
      "learning_rate": 0.0002937420659127718
    }
  },
  "config_origins": {
    "1": "Initial Design: Random"
  }
}