{
  "stats": {
    "submitted": 5,
    "finished": 5,
    "running": 0
  },
  "data": [
    [
      1,
      null,
      519355521,
      8333.333333333332,
      -23.6,
      5.283233880996704,
      1,
      1719486993.448373,
      1719486998.7319973,
      {}
    ],
    [
      2,
      null,
      519355521,
      8333.333333333332,
      -22.924999999999997,
      5.410262823104858,
      1,
      1719486998.733221,
      1719487004.1438875,
      {}
    ],
    [
      3,
      null,
      519355521,
      8333.333333333332,
      -142.77499999999998,
      6.3450093269348145,
      1,
      1719487004.1449914,
      1719487010.4903948,
      {}
    ],
    [
      3,
      null,
      519355521,
      25000.0,
      -407.0916666666667,
      28.198113918304443,
      1,
      1719487010.4918413,
      1719487038.690381,
      {}
    ],
    [
      4,
      null,
      519355521,
      8333.333333333332,
      -197.10000000000002,
      6.617117643356323,
      1,
      1719487038.7766151,
      1719487045.3941338,
      {}
    ]
  ],
  "configs": {
    "1": {
      "discount_factor": 0.9119712662876401,
      "gae_lambda": 0.8648984346479183,
      "learning_rate": 1.1351426351967688e-05
    },
    "2": {
      "discount_factor": 0.9379991297759225,
      "gae_lambda": 0.9132545201387242,
      "learning_rate": 1.0781092630235407e-05
    },
    "3": {
      "discount_factor": 0.9874822918849707,
      "gae_lambda": 0.9297635308665846,
      "learning_rate": 0.0009238729881736749
    },
    "4": {
      "discount_factor": 0.9320980328031384,
      "gae_lambda": 0.8081953763684819,
      "learning_rate": 0.008149629672761918
    }
  },
  "config_origins": {
    "1": "Initial Design: Random",
    "2": "Initial Design: Random",
    "3": "Custom",
    "4": "Acquisition Function Maximizer: Random Search (sorted)"
  }
}