{
  "stats": {
    "submitted": 12,
    "finished": 12,
    "running": 0
  },
  "data": [
    [
      1,
      null,
      742381787,
      22222.222222222223,
      36.018133233728214,
      112.68980646133423,
      1,
      1719590556.4393022,
      1719590669.1295543,
      {}
    ],
    [
      2,
      null,
      742381787,
      22222.222222222223,
      124.68857210006497,
      135.37550735473633,
      1,
      1719590669.1312144,
      1719590804.5071056,
      {}
    ],
    [
      3,
      null,
      742381787,
      22222.222222222223,
      140.21843590140583,
      80.496333360672,
      1,
      1719590804.5083575,
      1719590885.0050735,
      {}
    ],
    [
      4,
      null,
      742381787,
      22222.222222222223,
      169.86835902775127,
      69.97451734542847,
      1,
      1719590885.0064464,
      1719590954.9813545,
      {}
    ],
    [
      5,
      null,
      742381787,
      22222.222222222223,
      154.27724391310647,
      85.90885019302368,
      1,
      1719590954.9826708,
      1719591040.8919353,
      {}
    ],
    [
      6,
      null,
      742381787,
      22222.222222222223,
      178.372841950943,
      72.76113247871399,
      1,
      1719591040.893257,
      1719591113.654768,
      {}
    ],
    [
      7,
      null,
      742381787,
      22222.222222222223,
      -7.892684580344876,
      129.43307065963745,
      1,
      1719591113.6561456,
      1719591243.0896041,
      {}
    ],
    [
      8,
      null,
      742381787,
      22222.222222222223,
      177.68743034706995,
      76.02116060256958,
      1,
      1719591243.0911477,
      1719591319.1127157,
      {}
    ],
    [
      9,
      null,
      742381787,
      22222.222222222223,
      64.9260841589549,
      117.4837396144867,
      1,
      1719591319.1165469,
      1719591436.6011002,
      {}
    ],
    [
      7,
      null,
      742381787,
      66666.66666666666,
      124.77559204960143,
      410.0927064418793,
      1,
      1719591436.6032631,
      1719591846.69635,
      {}
    ],
    [
      1,
      null,
      742381787,
      66666.66666666666,
      87.55045247066042,
      438.82444882392883,
      1,
      1719591846.6978009,
      1719592285.5226438,
      {}
    ],
    [
      9,
      null,
      742381787,
      66666.66666666666,
      78.6580112200066,
      458.8824534416199,
      1,
      1719592285.5243142,
      1719592744.4071603,
      {}
    ]
  ],
  "configs": {
    "1": {
      "discount_factor": 0.9666120731913649,
      "gae_lambda": 0.97698570618588,
      "learning_rate": 0.005275656092858085
    },
    "2": {
      "discount_factor": 0.9045136591847952,
      "gae_lambda": 0.9762668240907346,
      "learning_rate": 0.0006720710584198522
    },
    "3": {
      "discount_factor": 0.9458366144190287,
      "gae_lambda": 0.9032867357537371,
      "learning_rate": 4.4996355792674816e-05
    },
    "4": {
      "discount_factor": 0.9491018453131425,
      "gae_lambda": 0.9013508797444114,
      "learning_rate": 1.011718624194625e-05
    },
    "5": {
      "discount_factor": 0.9223906884614853,
      "gae_lambda": 0.911491933451364,
      "learning_rate": 4.04836181192755e-05
    },
    "6": {
      "discount_factor": 0.9777600720361903,
      "gae_lambda": 0.8974203208664059,
      "learning_rate": 2.317111930174683e-05
    },
    "7": {
      "discount_factor": 0.9683306116798488,
      "gae_lambda": 0.9938246165253154,
      "learning_rate": 0.004041407637186504
    },
    "8": {
      "discount_factor": 0.9467418538991952,
      "gae_lambda": 0.8422211961040866,
      "learning_rate": 2.975525321983822e-05
    },
    "9": {
      "discount_factor": 0.9662791941156137,
      "gae_lambda": 0.9687567361747087,
      "learning_rate": 0.003048203067982932
    }
  },
  "config_origins": {
    "1": "Initial Design: Random",
    "2": "Initial Design: Random",
    "3": "Initial Design: Random",
    "4": "Initial Design: Random",
    "5": "Initial Design: Random",
    "6": "Custom",
    "7": "Custom",
    "8": "Custom",
    "9": "Custom"
  }
}