{
  "incumbent_ids": [
    2
  ],
  "rejected_config_ids": [
    1
  ],
  "incumbents_changed": 2,
  "trajectory": [
    {
      "config_ids": [
        1
      ],
      "costs": [
        172.63744305555582
      ],
      "trial": 1,
      "walltime": 60.7790584564209
    },
    {
      "config_ids": [
        2
      ],
      "costs": [
        112.55952486076332
      ],
      "trial": 2,
      "walltime": 181.83483862876892
    }
  ],
  "state": {
    "tracker": {
      "0,0": [
        [
          0,
          [
            {
              "discount_factor": 0.9626482575280011,
              "gae_lambda": 0.8626467747876703,
              "learning_rate": 0.004207892514546193
            }
          ]
        ]
      ]
    },
    "next_bracket": 0
  }
}