{
  "stats": {
    "submitted": 2,
    "finished": 2,
    "running": 0
  },
  "data": [
    [
      1,
      null,
      1768510635,
      15000.0,
      172.63744305555582,
      60.7766056060791,
      1,
      1719578231.2673504,
      1719578292.0443602,
      {}
    ],
    [
      2,
      null,
      1768510635,
      15000.0,
      112.55952486076332,
      121.05082678794861,
      1,
      1719578292.0478446,
      1719578413.0994153,
      {}
    ]
  ],
  "configs": {
    "1": {
      "discount_factor": 0.9902645833716062,
      "gae_lambda": 0.9567511763987223,
      "learning_rate": 1.013702470533026e-05
    },
    "2": {
      "discount_factor": 0.9626482575280011,
      "gae_lambda": 0.8626467747876703,
      "learning_rate": 0.004207892514546193
    }
  },
  "config_origins": {
    "1": "Initial Design: Random",
    "2": "Initial Design: Random"
  }
}