{
  "stats": {
    "submitted": 11,
    "finished": 11,
    "running": 0
  },
  "data": [
    [
      1,
      null,
      1552961590,
      1.1111111111111112,
      57.6360246952381,
      142.10876512527466,
      1,
      1720016861.2164512,
      1720017003.3255835,
      {}
    ],
    [
      2,
      null,
      1552961590,
      1.1111111111111112,
      -30.821166390476193,
      137.42427039146423,
      1,
      1720017003.3277543,
      1720017140.7527566,
      {}
    ],
    [
      3,
      null,
      1552961590,
      1.1111111111111112,
      374.5119602285714,
      143.74049186706543,
      1,
      1720017140.7538016,
      1720017284.4946818,
      {}
    ],
    [
      4,
      null,
      1552961590,
      1.1111111111111112,
      166.3526743714286,
      143.43332886695862,
      1,
      1720017284.495819,
      1720017427.9295766,
      {}
    ],
    [
      5,
      null,
      1552961590,
      1.1111111111111112,
      163.17540179047614,
      147.77002453804016,
      1,
      1720017427.930677,
      1720017575.7010972,
      {}
    ],
    [
      6,
      null,
      1552961590,
      1.1111111111111112,
      598.2369562571429,
      146.72387313842773,
      1,
      1720017575.702383,
      1720017722.4266622,
      {}
    ],
    [
      7,
      null,
      1552961590,
      1.1111111111111112,
      298.1109952285714,
      151.8287055492401,
      1,
      1720017722.4278567,
      1720017874.2569642,
      {}
    ],
    [
      8,
      null,
      1552961590,
      1.1111111111111112,
      190.47410972380953,
      143.16283249855042,
      1,
      1720017874.2587786,
      1720018017.4222674,
      {}
    ],
    [
      9,
      null,
      1552961590,
      1.1111111111111112,
      499.49512871428567,
      145.24784803390503,
      1,
      1720018017.4236114,
      1720018162.671851,
      {}
    ],
    [
      2,
      null,
      1552961590,
      3.333333333333333,
      -89.14427057,
      267.66941118240356,
      1,
      1720018162.6738875,
      1720018430.3436935,
      {}
    ],
    [
      1,
      null,
      1552961590,
      3.333333333333333,
      102.124806915,
      264.64313220977783,
      1,
      1720018430.3449855,
      1720018694.988537,
      {}
    ]
  ],
  "configs": {
    "1": {
      "discount_factor": 0.9852961273120167,
      "gae_lambda": 0.9950497002693752,
      "learning_rate": 0.006789789880659138
    },
    "2": {
      "discount_factor": 0.9958878279557071,
      "gae_lambda": 0.9201954048199021,
      "learning_rate": 0.0006559676785207848
    },
    "3": {
      "discount_factor": 0.978737642471057,
      "gae_lambda": 0.964375331386417,
      "learning_rate": 0.00011678570038055858
    },
    "4": {
      "discount_factor": 0.9275793652209751,
      "gae_lambda": 0.968129850886924,
      "learning_rate": 0.0019495698367097693
    },
    "5": {
      "discount_factor": 0.948331471614535,
      "gae_lambda": 0.9826107759605215,
      "learning_rate": 0.0007835076696775379
    },
    "6": {
      "discount_factor": 0.9414333877092933,
      "gae_lambda": 0.9881233813949362,
      "learning_rate": 0.00011962675676097756
    },
    "7": {
      "discount_factor": 0.9003213856009153,
      "gae_lambda": 0.92594446969264,
      "learning_rate": 0.00041834921456571626
    },
    "8": {
      "discount_factor": 0.913901594745748,
      "gae_lambda": 0.9661263074372489,
      "learning_rate": 0.008623180020031604
    },
    "9": {
      "discount_factor": 0.9813736939669959,
      "gae_lambda": 0.9327324353457412,
      "learning_rate": 0.00019750140453265826
    }
  },
  "config_origins": {
    "1": "Initial Design: Random",
    "2": "Initial Design: Random",
    "3": "Initial Design: Random",
    "4": "Initial Design: Random",
    "5": "Initial Design: Random",
    "6": "Custom",
    "7": "Custom",
    "8": "Custom",
    "9": "Custom"
  }
}