{
  "incumbent_ids": [],
  "rejected_config_ids": [],
  "incumbents_changed": 0,
  "trajectory": [],
  "state": {
    "tracker": {
      "0,0": [
        [
          0,
          [
            {
              "discount_factor": 0.9079565866011611,
              "gae_lambda": 0.9015392969897368,
              "learning_rate": 0.004008370048686986
            },
            {
              "discount_factor": 0.9125747563053662,
              "gae_lambda": 0.8029781403891039,
              "learning_rate": 0.002580498190368206
            },
            {
              "discount_factor": 0.9713496320376735,
              "gae_lambda": 0.9963272092153976,
              "learning_rate": 1.3135092871582778e-05
            }
          ]
        ]
      ]
    }
  }
}