{
  "stats": {
    "submitted": 3,
    "finished": 3,
    "running": 0
  },
  "data": [
    [
      1,
      null,
      345184616,
      8333.333333333332,
      -196.85000000000002,
      6.53128981590271,
      1,
      1719519196.0605254,
      1719519202.5921726,
      {}
    ],
    [
      2,
      null,
      345184616,
      8333.333333333332,
      -186.825,
      6.167280912399292,
      1,
      1719519202.59324,
      1719519208.760895,
      {}
    ],
    [
      3,
      null,
      345184616,
      8333.333333333332,
      -23.775,
      4.847341537475586,
      1,
      1719519208.761736,
      1719519213.609435,
      {}
    ]
  ],
  "configs": {
    "1": {
      "discount_factor": 0.9079565866011611,
      "gae_lambda": 0.9015392969897368,
      "learning_rate": 0.004008370048686986
    },
    "2": {
      "discount_factor": 0.9125747563053662,
      "gae_lambda": 0.8029781403891039,
      "learning_rate": 0.002580498190368206
    },
    "3": {
      "discount_factor": 0.9713496320376735,
      "gae_lambda": 0.9963272092153976,
      "learning_rate": 1.3135092871582778e-05
    }
  },
  "config_origins": {
    "1": "Initial Design: Random",
    "2": "Initial Design: Random",
    "3": "Initial Design: Random"
  }
}