{
  "stats": {
    "submitted": 2,
    "finished": 2,
    "running": 0
  },
  "data": [
    [
      1,
      null,
      1880773037,
      8333.333333333332,
      -120.45,
      5.826293230056763,
      1,
      1719519975.3921986,
      1719519981.2188423,
      {}
    ],
    [
      2,
      null,
      1880773037,
      8333.333333333332,
      -179.8,
      5.916183710098267,
      1,
      1719519981.2199345,
      1719519987.1365314,
      {}
    ]
  ],
  "configs": {
    "1": {
      "discount_factor": 0.9928522584574355,
      "gae_lambda": 0.8378692246841025,
      "learning_rate": 0.0005213405341373067
    },
    "2": {
      "discount_factor": 0.9513951102614554,
      "gae_lambda": 0.9708448031363165,
      "learning_rate": 0.0009974180308997764
    }
  },
  "config_origins": {
    "1": "Initial Design: Random",
    "2": "Custom"
  }
}