{
  "incumbent_ids": [],
  "rejected_config_ids": [],
  "incumbents_changed": 0,
  "trajectory": [],
  "state": {
    "tracker": {
      "0,0": [
        [
          0,
          [
            {
              "discount_factor": 0.9586593740393116,
              "gae_lambda": 0.8447651353594566,
              "learning_rate": 0.005722542722407386
            }
          ]
        ]
      ]
    }
  }
}