{
  "stats": {
    "submitted": 1,
    "finished": 0,
    "running": 1
  },
  "data": [
    [
      1,
      null,
      397365771,
      100000.0,
      2147483647.0,
      0.0,
      0,
      0.0,
      0.0,
      {}
    ]
  ],
  "configs": {
    "1": {
      "discount_factor": 0.9586593740393116,
      "gae_lambda": 0.8447651353594566,
      "learning_rate": 0.005722542722407386
    }
  },
  "config_origins": {
    "1": "Initial Design: Random"
  }
}