{
  "stats": {
    "submitted": 12,
    "finished": 11,
    "running": 1
  },
  "data": [
    [
      1,
      null,
      209652396,
      8.333333333333332,
      0.0567595171773444,
      1.8764615058898926,
      1,
      1719484337.1627257,
      1719484339.0397842,
      {}
    ],
    [
      2,
      null,
      209652396,
      8.333333333333332,
      0.16304859176725484,
      0.3844170570373535,
      1,
      1719484339.0439308,
      1719484339.4294624,
      {}
    ],
    [
      3,
      null,
      209652396,
      8.333333333333332,
      0.04953729495512216,
      0.7396183013916016,
      1,
      1719484339.431589,
      1719484340.1723244,
      {}
    ],
    [
      3,
      null,
      209652396,
      25.0,
      0.04062674094707519,
      1.6048593521118164,
      1,
      1719484340.1757374,
      1719484341.7817457,
      {}
    ],
    [
      4,
      null,
      209652396,
      8.333333333333332,
      0.8820055710306407,
      1.641237735748291,
      1,
      1719484341.940507,
      1719484343.5823276,
      {}
    ],
    [
      5,
      null,
      209652396,
      8.333333333333332,
      0.7996610956360259,
      0.26035332679748535,
      1,
      1719484343.58499,
      1719484343.8465793,
      {}
    ],
    [
      6,
      null,
      209652396,
      8.333333333333332,
      0.09961157536366438,
      0.32538914680480957,
      1,
      1719484343.8481076,
      1719484344.1741035,
      {}
    ],
    [
      6,
      null,
      209652396,
      25.0,
      0.04452800990405448,
      0.8577492237091064,
      1,
      1719484344.1771514,
      1719484345.036056,
      {}
    ],
    [
      7,
      null,
      209652396,
      8.333333333333332,
      0.04563447848963165,
      4.885257720947266,
      1,
      1719484345.0393357,
      1719484349.9257352,
      {}
    ],
    [
      8,
      null,
      209652396,
      8.333333333333332,
      0.07234138037759208,
      0.5693762302398682,
      1,
      1719484349.928368,
      1719484350.4988885,
      {}
    ],
    [
      9,
      null,
      209652396,
      8.333333333333332,
      0.5314175177963479,
      0.16590261459350586,
      1,
      1719484350.5016797,
      1719484350.6687658,
      {}
    ],
    [
      7,
      null,
      209652396,
      25.0,
      2147483647.0,
      0.0,
      0,
      0.0,
      0.0,
      {}
    ]
  ],
  "configs": {
    "1": {
      "activation": "tanh",
      "n_layer": 4,
      "n_neurons": 123,
      "solver": "lbfgs"
    },
    "2": {
      "activation": "relu",
      "n_layer": 3,
      "n_neurons": 49,
      "solver": "lbfgs"
    },
    "3": {
      "activation": "tanh",
      "n_layer": 5,
      "n_neurons": 56,
      "solver": "adam",
      "batch_size": 155,
      "learning_rate_init": 0.006677306766018313
    },
    "4": {
      "activation": "tanh",
      "n_layer": 5,
      "n_neurons": 197,
      "solver": "adam",
      "batch_size": 241,
      "learning_rate_init": 0.018781738757161916
    },
    "5": {
      "activation": "tanh",
      "n_layer": 2,
      "n_neurons": 10,
      "solver": "adam",
      "batch_size": 62,
      "learning_rate_init": 0.00011889379831773019
    },
    "6": {
      "activation": "relu",
      "n_layer": 3,
      "n_neurons": 39,
      "solver": "adam",
      "batch_size": 230,
      "learning_rate_init": 0.0018805107040212943
    },
    "7": {
      "activation": "tanh",
      "n_layer": 4,
      "n_neurons": 246,
      "solver": "lbfgs"
    },
    "8": {
      "activation": "tanh",
      "n_layer": 2,
      "n_neurons": 75,
      "solver": "lbfgs"
    },
    "9": {
      "activation": "tanh",
      "n_layer": 4,
      "n_neurons": 11,
      "solver": "lbfgs"
    }
  },
  "config_origins": {
    "1": "Initial Design: Random",
    "2": "Initial Design: Random",
    "3": "Initial Design: Random",
    "4": "Initial Design: Random",
    "5": "Initial Design: Random",
    "6": "Acquisition Function Maximizer: Random Search (sorted)",
    "7": "Acquisition Function Maximizer: Random Search (sorted)",
    "8": "Acquisition Function Maximizer: Random Search (sorted)",
    "9": "Acquisition Function Maximizer: Random Search (sorted)"
  }
}