{
  "stats": {
    "submitted": 2,
    "finished": 2,
    "running": 0
  },
  "data": [
    [
      1,
      null,
      209652396,
      null,
      -38.050000000000004,
      26.982285261154175,
      1,
      1709138653.4498804,
      1709138680.4327571,
      {}
    ],
    [
      1,
      null,
      398764591,
      null,
      -45.38333333333333,
      20.97174644470215,
      1,
      1709138680.4372473,
      1709138701.4099698,
      {}
    ]
  ],
  "configs": {
    "1": {
      "discount_factor": 0.9264209735859186,
      "gae_lambda": 0.923492374394089,
      "learning_rate": 2.1014721804024183e-05
    }
  },
  "config_origins": {
    "1": "Initial Design: Sobol"
  }
}