{
  "incumbent_ids": [],
  "rejected_config_ids": [],
  "incumbents_changed": 0,
  "trajectory": [],
  "state": {
    "tracker": {
      "0,0": [
        [
          0,
          [
            {
              "discount_factor": 0.9165005294945177,
              "gae_lambda": 0.8600283415114622,
              "learning_rate": 1.2805386676016876e-05
            },
            {
              "discount_factor": 0.9788188156460418,
              "gae_lambda": 0.8855048920021311,
              "learning_rate": 0.00013452888413166287
            },
            {
              "discount_factor": 0.9367803459046714,
              "gae_lambda": 0.8150097490421001,
              "learning_rate": 6.858068619983976e-05
            }
          ]
        ]
      ]
    },
    "next_bracket": 1
  }
}