{
  "stats": {
    "submitted": 1,
    "finished": 1,
    "running": 0
  },
  "data": [
    [
      1,
      null,
      715850867,
      20000.0,
      169.93134990810395,
      25.525764226913452,
      1,
      1718818574.0949068,
      1718818599.6216195,
      {}
    ]
  ],
  "configs": {
    "1": {
      "discount_factor": 0.9165005294945177,
      "gae_lambda": 0.8600283415114622,
      "learning_rate": 1.2805386676016876e-05
    }
  },
  "config_origins": {
    "1": "Initial Design: Random"
  }
}