{
  "incumbent_ids": [
    1
  ],
  "rejected_config_ids": [],
  "incumbents_changed": 1,
  "trajectory": [
    {
      "config_ids": [
        1
      ],
      "costs": [
        -132.13333333333333
      ],
      "trial": 1,
      "walltime": 17.61969828605652
    }
  ],
  "state": {
    "tracker": {
      "0,0": [
        [
          0,
          [
            {
              "discount_factor": 0.9295838217102936,
              "gae_lambda": 0.8898513663138441,
              "learning_rate": 1.3033537809243527e-05
            }
          ]
        ]
      ]
    },
    "next_bracket": 0
  }
}