{
  "stats": {
    "submitted": 2,
    "finished": 2,
    "running": 0
  },
  "data": [
    [
      1,
      null,
      927403418,
      25000.0,
      -132.13333333333333,
      17.61792826652527,
      1,
      1719482117.0776181,
      1719482134.6959794,
      {}
    ],
    [
      2,
      null,
      927403418,
      25000.0,
      -33.175000000000004,
      14.300631046295166,
      1,
      1719482134.6976473,
      1719482148.9987051,
      {}
    ]
  ],
  "configs": {
    "1": {
      "discount_factor": 0.9708768649896276,
      "gae_lambda": 0.8730987605013238,
      "learning_rate": 7.526011109070538e-05
    },
    "2": {
      "discount_factor": 0.9295838217102936,
      "gae_lambda": 0.8898513663138441,
      "learning_rate": 1.3033537809243527e-05
    }
  },
  "config_origins": {
    "1": "Initial Design: Random",
    "2": "Initial Design: Random"
  }
}