{
  "stats": {
    "submitted": 7,
    "finished": 7,
    "running": 0
  },
  "data": [
    [
      1,
      null,
      612321369,
      8333.333333333332,
      -34.5,
      5.303008556365967,
      1,
      1719486783.500889,
      1719486788.8042505,
      {}
    ],
    [
      2,
      null,
      612321369,
      8333.333333333332,
      -177.25,
      6.197845697402954,
      1,
      1719486788.805582,
      1719486795.0038073,
      {}
    ],
    [
      3,
      null,
      612321369,
      8333.333333333332,
      -50.675,
      4.989431381225586,
      1,
      1719486795.0047777,
      1719486799.9946685,
      {}
    ],
    [
      2,
      null,
      612321369,
      25000.0,
      -203.65,
      18.741488218307495,
      1,
      1719486799.9959154,
      1719486818.7377725,
      {}
    ],
    [
      4,
      null,
      612321369,
      8333.333333333332,
      -173.32500000000002,
      6.006807327270508,
      1,
      1719486818.8180838,
      1719486824.8252668,
      {}
    ],
    [
      5,
      null,
      612321369,
      8333.333333333332,
      -191.375,
      6.150392532348633,
      1,
      1719486824.8263812,
      1719486830.9772189,
      {}
    ],
    [
      6,
      null,
      612321369,
      8333.333333333332,
      -74.125,
      5.19000506401062,
      1,
      1719486830.9783702,
      1719486836.1687546,
      {}
    ]
  ],
  "configs": {
    "1": {
      "discount_factor": 0.9636141502868839,
      "gae_lambda": 0.8998590145311908,
      "learning_rate": 3.804351916014665e-05
    },
    "2": {
      "discount_factor": 0.9153339907300064,
      "gae_lambda": 0.8387615482034196,
      "learning_rate": 0.0022316330641283405
    },
    "3": {
      "discount_factor": 0.9054943705528103,
      "gae_lambda": 0.8023613317188066,
      "learning_rate": 8.688856333030604e-05
    },
    "4": {
      "discount_factor": 0.9808340256466882,
      "gae_lambda": 0.9781937594662956,
      "learning_rate": 0.0016659389844812442
    },
    "5": {
      "discount_factor": 0.9608786026968139,
      "gae_lambda": 0.8332239095669708,
      "learning_rate": 0.0019215231722129753
    },
    "6": {
      "discount_factor": 0.9707056895002315,
      "gae_lambda": 0.8761368694128383,
      "learning_rate": 0.00019528920116028127
    }
  },
  "config_origins": {
    "1": "Initial Design: Random",
    "2": "Initial Design: Random",
    "3": "Initial Design: Random",
    "4": "Initial Design: Random",
    "5": "Initial Design: Random",
    "6": "Acquisition Function Maximizer: Random Search (sorted)"
  }
}