{
  "stats": {
    "submitted": 1,
    "finished": 1,
    "running": 0
  },
  "data": [
    [
      1,
      null,
      209652396,
      null,
      258.3453391522513,
      9.804372310638428,
      1,
      1708189567.308231,
      1708189577.1132817,
      {}
    ]
  ],
  "configs": {
    "1": {
      "discount_factor": 0.9264209735859186,
      "gae_lambda": 0.923492374394089,
      "learning_rate": 2.1014721804024183e-05
    }
  },
  "config_origins": {
    "1": "Initial Design: Sobol"
  }
}