{
  "incumbent_ids": [],
  "rejected_config_ids": [],
  "incumbents_changed": 0,
  "trajectory": [],
  "state": {
    "tracker": {
      "0,0": [
        [
          0,
          [
            {
              "discount_factor": 0.9237259309758729,
              "gae_lambda": 0.9815152589411206,
              "learning_rate": 0.002607977824519906
            },
            {
              "discount_factor": 0.9796036445201295,
              "gae_lambda": 0.8453969108787311,
              "learning_rate": 6.30019645819662e-05
            },
            {
              "discount_factor": 0.9732591111583875,
              "gae_lambda": 0.9487363706947027,
              "learning_rate": 0.006104585597439424
            }
          ]
        ]
      ]
    },
    "next_bracket": 1
  }
}