{
  "stats": {
    "submitted": 1,
    "finished": 1,
    "running": 0
  },
  "data": [
    [
      1,
      null,
      1029314134,
      10000.0,
      128.28654064845895,
      9.101678371429443,
      1,
      1718788901.7276518,
      1718788910.830017,
      {}
    ]
  ],
  "configs": {
    "1": {
      "discount_factor": 0.9237259309758729,
      "gae_lambda": 0.9815152589411206,
      "learning_rate": 0.002607977824519906
    }
  },
  "config_origins": {
    "1": "Initial Design: Random"
  }
}