{
  "stats": {
    "submitted": 10,
    "finished": 10,
    "running": 0
  },
  "data": [
    [
      1,
      null,
      412994845,
      null,
      183.02530034598436,
      11.453542947769165,
      1,
      1719511285.5860317,
      1719511297.040307,
      {}
    ],
    [
      2,
      null,
      412994845,
      null,
      144.7115513989115,
      13.77503490447998,
      1,
      1719511297.0420878,
      1719511310.817544,
      {}
    ],
    [
      3,
      null,
      412994845,
      null,
      127.81304806358212,
      11.164683818817139,
      1,
      1719511310.819312,
      1719511321.9843931,
      {}
    ],
    [
      4,
      null,
      412994845,
      null,
      128.8693466107367,
      12.750835418701172,
      1,
      1719511321.9862227,
      1719511334.7374542,
      {}
    ],
    [
      5,
      null,
      412994845,
      null,
      119.4907841315423,
      12.60678219795227,
      1,
      1719511334.7392118,
      1719511347.346364,
      {}
    ],
    [
      6,
      null,
      412994845,
      null,
      165.54163261887678,
      11.287517786026001,
      1,
      1719511347.3483453,
      1719511358.6362503,
      {}
    ],
    [
      7,
      null,
      412994845,
      null,
      100.14697166920386,
      12.449314832687378,
      1,
      1719511358.63815,
      1719511371.0878336,
      {}
    ],
    [
      8,
      null,
      412994845,
      null,
      220.33765694611864,
      12.2745041847229,
      1,
      1719511371.08983,
      1719511383.364708,
      {}
    ],
    [
      9,
      null,
      412994845,
      null,
      110.10427113480905,
      13.604506254196167,
      1,
      1719511383.366753,
      1719511396.9716713,
      {}
    ],
    [
      10,
      null,
      412994845,
      null,
      168.69171168141727,
      11.404882669448853,
      1,
      1719511396.9756446,
      1719511408.3811707,
      {}
    ]
  ],
  "configs": {
    "1": {
      "discount_factor": 0.9239278576327488,
      "gae_lambda": 0.9192261414527894,
      "learning_rate": 2.121665158809896e-05
    },
    "2": {
      "discount_factor": 0.9946640553865582,
      "gae_lambda": 0.8296817927807569,
      "learning_rate": 0.0009744070242088314
    },
    "3": {
      "discount_factor": 0.9555407680207864,
      "gae_lambda": 0.9906921446025372,
      "learning_rate": 0.0003061047644772276
    },
    "4": {
      "discount_factor": 0.927276788379997,
      "gae_lambda": 0.8576186335235835,
      "learning_rate": 0.0024999839876931667
    },
    "5": {
      "discount_factor": 0.9451401814296841,
      "gae_lambda": 0.9678458638126031,
      "learning_rate": 0.00045823124970707546
    },
    "6": {
      "discount_factor": 0.9733550548525527,
      "gae_lambda": 0.8813395264828578,
      "learning_rate": 5.6104571993955595e-05
    },
    "7": {
      "discount_factor": 0.9769464364405721,
      "gae_lambda": 0.9460321233505383,
      "learning_rate": 0.005316377582519441
    },
    "8": {
      "discount_factor": 0.9061611560722813,
      "gae_lambda": 0.8035560871148483,
      "learning_rate": 0.00011575127733007164
    },
    "9": {
      "discount_factor": 0.9073480865517631,
      "gae_lambda": 0.9747133088978007,
      "learning_rate": 0.008213510029482953
    },
    "10": {
      "discount_factor": 0.9843382748253644,
      "gae_lambda": 0.8742815870465711,
      "learning_rate": 7.54138252042724e-05
    }
  },
  "config_origins": {
    "1": "Initial Design: Sobol",
    "2": "Initial Design: Sobol",
    "3": "Initial Design: Sobol",
    "4": "Initial Design: Sobol",
    "5": "Initial Design: Sobol",
    "6": "Initial Design: Sobol",
    "7": "Initial Design: Sobol",
    "8": "Initial Design: Sobol",
    "9": "Initial Design: Sobol",
    "10": "Initial Design: Sobol"
  }
}