{
  "incumbent_ids": [
    1
  ],
  "rejected_config_ids": [],
  "incumbents_changed": 1,
  "trajectory": [
    {
      "config_ids": [
        1
      ],
      "costs": [
        208.28697383213066
      ],
      "trial": 4,
      "walltime": 175.56220602989197
    }
  ],
  "state": {
    "tracker": {
      "0,1": [
        [
          0,
          [
            {
              "discount_factor": 0.9598677760881432,
              "gae_lambda": 0.9821980838976675,
              "learning_rate": 0.0011375734838540807
            }
          ]
        ]
      ]
    },
    "next_bracket": 1
  }
}