{
  "stats": {
    "submitted": 4,
    "finished": 4,
    "running": 0
  },
  "data": [
    [
      1,
      null,
      449790502,
      10000.0,
      131.25095521095378,
      7.865335464477539,
      1,
      1718789502.4376967,
      1718789510.3034632,
      {}
    ],
    [
      2,
      null,
      449790502,
      10000.0,
      193.8134672648626,
      8.974468231201172,
      1,
      1718789510.3047523,
      1718789519.279625,
      {}
    ],
    [
      3,
      null,
      449790502,
      10000.0,
      197.77481557738201,
      8.188396692276001,
      1,
      1718789519.2806826,
      1718789527.469494,
      {}
    ],
    [
      1,
      null,
      449790502,
      30000.0,
      208.28697383213066,
      150.52752113342285,
      1,
      1718789527.4708064,
      1718789677.998725,
      {}
    ]
  ],
  "configs": {
    "1": {
      "discount_factor": 0.9598677760881432,
      "gae_lambda": 0.9821980838976675,
      "learning_rate": 0.0011375734838540807
    },
    "2": {
      "discount_factor": 0.9378452252932359,
      "gae_lambda": 0.9868554693941718,
      "learning_rate": 1.9756373777528963e-05
    },
    "3": {
      "discount_factor": 0.9458105856520448,
      "gae_lambda": 0.8418822084116675,
      "learning_rate": 2.1012389094091725e-05
    }
  },
  "config_origins": {
    "1": "Initial Design: Random",
    "2": "Initial Design: Random",
    "3": "Custom"
  }
}