{
  "stats": {
    "submitted": 2,
    "finished": 1,
    "running": 1
  },
  "data": [
    [
      1,
      null,
      1742268301,
      null,
      -140.96842105263158,
      14.03575086593628,
      1,
      1719693655.427482,
      1719693669.4636884,
      {}
    ],
    [
      2,
      null,
      1742268301,
      null,
      2147483647.0,
      0.0,
      0,
      0.0,
      0.0,
      {}
    ]
  ],
  "configs": {
    "1": {
      "discount_factor": 0.935684936371632,
      "gae_lambda": 0.8036502971658483,
      "learning_rate": 7.535789157551374e-05
    },
    "2": {
      "discount_factor": 0.9628556616827846,
      "gae_lambda": 0.9822063068831339,
      "learning_rate": 0.001684494133342198
    }
  },
  "config_origins": {
    "1": "Initial Design: Sobol",
    "2": "Initial Design: Sobol"
  }
}