{
  "incumbent_ids": [
    4
  ],
  "rejected_config_ids": [
    1,
    2
  ],
  "incumbents_changed": 3,
  "trajectory": [
    {
      "config_ids": [
        1
      ],
      "costs": [
        192.42318126456203
      ],
      "trial": 1,
      "walltime": 11.60243272781372
    },
    {
      "config_ids": [
        2
      ],
      "costs": [
        143.10209916583844
      ],
      "trial": 2,
      "walltime": 23.350298643112183
    },
    {
      "config_ids": [
        4
      ],
      "costs": [
        126.74515329776025
      ],
      "trial": 4,
      "walltime": 51.96530342102051
    }
  ],
  "state": {
    "tracker": {
      "0,0": [
        [
          0,
          [
            {
              "discount_factor": 0.9657570400119453,
              "gae_lambda": 0.8201264272654775,
              "learning_rate": 0.0019634886328361444
            }
          ]
        ]
      ]
    },
    "next_bracket": 0
  }
}