{
  "stats": {
    "submitted": 4,
    "finished": 4,
    "running": 0
  },
  "data": [
    [
      1,
      null,
      1898166516,
      15000.0,
      192.42318126456203,
      11.600834608078003,
      1,
      1719579783.5925848,
      1719579795.1937795,
      {}
    ],
    [
      2,
      null,
      1898166516,
      15000.0,
      143.10209916583844,
      11.74619722366333,
      1,
      1719579795.1951783,
      1719579806.9417565,
      {}
    ],
    [
      3,
      null,
      1898166516,
      15000.0,
      212.60774014828652,
      12.439221858978271,
      1,
      1719579806.9430778,
      1719579819.38267,
      {}
    ],
    [
      4,
      null,
      1898166516,
      15000.0,
      126.74515329776025,
      16.17234230041504,
      1,
      1719579819.38394,
      1719579835.5566618,
      {}
    ]
  ],
  "configs": {
    "1": {
      "discount_factor": 0.9437531816637339,
      "gae_lambda": 0.9155670693454226,
      "learning_rate": 2.0170284493425347e-05
    },
    "2": {
      "discount_factor": 0.9189909115901571,
      "gae_lambda": 0.8974464977337973,
      "learning_rate": 0.0006347691461762064
    },
    "3": {
      "discount_factor": 0.9626814037344105,
      "gae_lambda": 0.807346093014079,
      "learning_rate": 0.00010217272190892342
    },
    "4": {
      "discount_factor": 0.9657570400119453,
      "gae_lambda": 0.8201264272654775,
      "learning_rate": 0.0019634886328361444
    }
  },
  "config_origins": {
    "1": "Initial Design: Random",
    "2": "Initial Design: Random",
    "3": "Initial Design: Random",
    "4": "Initial Design: Random"
  }
}