{
  "incumbent_ids": [],
  "rejected_config_ids": [],
  "incumbents_changed": 0,
  "trajectory": [],
  "state": {
    "tracker": {
      "0,0": [
        [
          0,
          [
            {
              "discount_factor": 0.9687690318546706,
              "gae_lambda": 0.850985988782583,
              "learning_rate": 1.5929147515495278e-05
            },
            {
              "discount_factor": 0.9392969174167508,
              "gae_lambda": 0.9437503616741795,
              "learning_rate": 0.0010518039869302125
            },
            {
              "discount_factor": 0.9023562123784467,
              "gae_lambda": 0.9333453369647183,
              "learning_rate": 0.0008541793316737717
            }
          ]
        ]
      ]
    }
  }
}