{
  "stats": {
    "submitted": 3,
    "finished": 2,
    "running": 1
  },
  "data": [
    [
      1,
      null,
      835958192,
      8333.333333333332,
      -25.475,
      4.949801206588745,
      1,
      1719519585.829421,
      1719519590.7796152,
      {}
    ],
    [
      2,
      null,
      835958192,
      8333.333333333332,
      -165.525,
      5.758286714553833,
      1,
      1719519590.7808814,
      1719519596.5396132,
      {}
    ],
    [
      3,
      null,
      835958192,
      8333.333333333332,
      2147483647.0,
      0.0,
      0,
      0.0,
      0.0,
      {}
    ]
  ],
  "configs": {
    "1": {
      "discount_factor": 0.9687690318546706,
      "gae_lambda": 0.850985988782583,
      "learning_rate": 1.5929147515495278e-05
    },
    "2": {
      "discount_factor": 0.9392969174167508,
      "gae_lambda": 0.9437503616741795,
      "learning_rate": 0.0010518039869302125
    },
    "3": {
      "discount_factor": 0.9023562123784467,
      "gae_lambda": 0.9333453369647183,
      "learning_rate": 0.0008541793316737717
    }
  },
  "config_origins": {
    "1": "Initial Design: Random",
    "2": "Initial Design: Random",
    "3": "Initial Design: Random"
  }
}