{
  "stats": {
    "submitted": 27,
    "finished": 27,
    "running": 0
  },
  "data": [
    [
      1,
      null,
      209652396,
      2.7777777777777777,
      0.2737805632930981,
      0.5496249198913574,
      1,
      1719525476.178362,
      1719525476.7285342,
      {}
    ],
    [
      2,
      null,
      209652396,
      2.7777777777777777,
      0.8987093779015785,
      0.0974280834197998,
      1,
      1719525476.730511,
      1719525476.8288617,
      {}
    ],
    [
      3,
      null,
      209652396,
      2.7777777777777777,
      0.8179897864438255,
      0.2686433792114258,
      1,
      1719525476.8300817,
      1719525477.0992603,
      {}
    ],
    [
      4,
      null,
      209652396,
      2.7777777777777777,
      0.11629835964097812,
      0.09883928298950195,
      1,
      1719525477.1011786,
      1719525477.2011125,
      {}
    ],
    [
      5,
      null,
      209652396,
      2.7777777777777777,
      0.41290622098421537,
      0.049794912338256836,
      1,
      1719525477.2028565,
      1719525477.2535524,
      {}
    ],
    [
      6,
      null,
      209652396,
      2.7777777777777777,
      0.8703064066852368,
      0.09310674667358398,
      1,
      1719525477.2554471,
      1719525477.3494847,
      {}
    ],
    [
      7,
      null,
      209652396,
      2.7777777777777777,
      0.8285902197462086,
      0.08437705039978027,
      1,
      1719525477.3508446,
      1719525477.435758,
      {}
    ],
    [
      8,
      null,
      209652396,
      2.7777777777777777,
      0.7350696378830084,
      0.04753303527832031,
      1,
      1719525477.437851,
      1719525477.4863322,
      {}
    ],
    [
      9,
      null,
      209652396,
      2.7777777777777777,
      0.8881398947694212,
      0.06270527839660645,
      1,
      1719525477.488493,
      1719525477.5521104,
      {}
    ],
    [
      4,
      null,
      209652396,
      8.333333333333332,
      0.05563912101516555,
      0.2760343551635742,
      1,
      1719525477.5555286,
      1719525477.8324418,
      {}
    ],
    [
      1,
      null,
      209652396,
      8.333333333333332,
      0.09294181367997523,
      0.8430442810058594,
      1,
      1719525477.8344376,
      1719525478.6784122,
      {}
    ],
    [
      5,
      null,
      209652396,
      8.333333333333332,
      0.10071804394924178,
      0.13666820526123047,
      1,
      1719525478.6804256,
      1719525478.818059,
      {}
    ],
    [
      4,
      null,
      209652396,
      25.0,
      0.04508356545961001,
      0.7120218276977539,
      1,
      1719525478.8203545,
      1719525479.5332937,
      {}
    ],
    [
      10,
      null,
      209652396,
      2.7777777777777777,
      0.180307954193748,
      0.10054445266723633,
      1,
      1719525479.9156048,
      1719525480.0166326,
      {}
    ],
    [
      11,
      null,
      209652396,
      2.7777777777777777,
      0.6861792014856082,
      0.04298567771911621,
      1,
      1719525480.0180166,
      1719525480.0614872,
      {}
    ],
    [
      12,
      null,
      209652396,
      2.7777777777777777,
      0.8375038687712782,
      0.07554316520690918,
      1,
      1719525480.0629628,
      1719525480.13899,
      {}
    ],
    [
      13,
      null,
      209652396,
      2.7777777777777777,
      0.46465490560198086,
      0.06451249122619629,
      1,
      1719525480.1404827,
      1719525480.2054985,
      {}
    ],
    [
      14,
      null,
      209652396,
      2.7777777777777777,
      0.3238749613122872,
      0.15277338027954102,
      1,
      1719525480.2079303,
      1719525480.361588,
      {}
    ],
    [
      15,
      null,
      209652396,
      2.7777777777777777,
      0.21203342618384402,
      0.1911611557006836,
      1,
      1719525480.364128,
      1719525480.5562057,
      {}
    ],
    [
      16,
      null,
      209652396,
      2.7777777777777777,
      0.07902197462086025,
      0.42023301124572754,
      1,
      1719525480.5588064,
      1719525480.979984,
      {}
    ],
    [
      17,
      null,
      209652396,
      2.7777777777777777,
      0.03616991643454026,
      0.14218997955322266,
      1,
      1719525480.9827557,
      1719525481.1258914,
      {}
    ],
    [
      18,
      null,
      209652396,
      2.7777777777777777,
      0.89983286908078,
      0.10353899002075195,
      1,
      1719525481.1284504,
      1719525481.232861,
      {}
    ],
    [
      17,
      null,
      209652396,
      8.333333333333332,
      0.02282575054162783,
      0.36270594596862793,
      1,
      1719525481.2355406,
      1719525481.5987816,
      {}
    ],
    [
      16,
      null,
      209652396,
      8.333333333333332,
      0.031162178891983805,
      1.2054152488708496,
      1,
      1719525481.6013393,
      1719525482.807665,
      {}
    ],
    [
      10,
      null,
      209652396,
      8.333333333333332,
      0.06065923862581246,
      0.3241879940032959,
      1,
      1719525482.810418,
      1719525483.1355505,
      {}
    ],
    [
      17,
      null,
      209652396,
      25.0,
      0.018372021046115683,
      0.8110785484313965,
      1,
      1719525483.137342,
      1719525483.9489212,
      {}
    ],
    [
      19,
      null,
      209652396,
      2.7777777777777777,
      0.29437790157845867,
      2.7630434036254883,
      1,
      1719525484.1879568,
      1719525486.9515169,
      {}
    ]
  ],
  "configs": {
    "1": {
      "activation": "tanh",
      "batch_size": 205,
      "learning_rate": "adaptive",
      "learning_rate_init": 0.00022310905607443037,
      "n_layer": 5,
      "n_neurons": 72,
      "solver": "lbfgs"
    },
    "2": {
      "activation": "relu",
      "batch_size": 148,
      "learning_rate": "invscaling",
      "learning_rate_init": 0.00012046852412030328,
      "n_layer": 4,
      "n_neurons": 12,
      "solver": "adam"
    },
    "3": {
      "activation": "tanh",
      "batch_size": 271,
      "learning_rate": "invscaling",
      "learning_rate_init": 0.2140323314098606,
      "n_layer": 3,
      "n_neurons": 211,
      "solver": "sgd"
    },
    "4": {
      "activation": "tanh",
      "batch_size": 291,
      "learning_rate": "adaptive",
      "learning_rate_init": 0.1296065659727972,
      "n_layer": 4,
      "n_neurons": 47,
      "solver": "sgd"
    },
    "5": {
      "activation": "tanh",
      "batch_size": 133,
      "learning_rate": "constant",
      "learning_rate_init": 0.3020289640158664,
      "n_layer": 1,
      "n_neurons": 32,
      "solver": "lbfgs"
    },
    "6": {
      "activation": "tanh",
      "batch_size": 195,
      "learning_rate": "invscaling",
      "learning_rate_init": 0.5956516018710561,
      "n_layer": 4,
      "n_neurons": 27,
      "solver": "sgd"
    },
    "7": {
      "activation": "relu",
      "batch_size": 46,
      "learning_rate": "adaptive",
      "learning_rate_init": 0.04814503186400561,
      "n_layer": 2,
      "n_neurons": 12,
      "solver": "lbfgs"
    },
    "8": {
      "activation": "tanh",
      "batch_size": 184,
      "learning_rate": "invscaling",
      "learning_rate_init": 0.898452977392254,
      "n_layer": 1,
      "n_neurons": 16,
      "solver": "lbfgs"
    },
    "9": {
      "activation": "tanh",
      "batch_size": 98,
      "learning_rate": "invscaling",
      "learning_rate_init": 0.0009499535455183805,
      "n_layer": 1,
      "n_neurons": 11,
      "solver": "sgd"
    },
    "10": {
      "activation": "relu",
      "batch_size": 110,
      "learning_rate": "invscaling",
      "learning_rate_init": 0.0014375546764731776,
      "n_layer": 4,
      "n_neurons": 36,
      "solver": "adam"
    },
    "11": {
      "activation": "logistic",
      "batch_size": 294,
      "learning_rate": "constant",
      "learning_rate_init": 0.02012732142826834,
      "n_layer": 3,
      "n_neurons": 18,
      "solver": "adam"
    },
    "12": {
      "activation": "relu",
      "batch_size": 106,