{
  "incumbent_ids": [],
  "rejected_config_ids": [],
  "incumbents_changed": 0,
  "trajectory": [],
  "state": {
    "tracker": {
      "0,0": [
        [
          0,
          [
            {
              "discount_factor": 0.9222536396925605,
              "gae_lambda": 0.8109108114810942,
              "learning_rate": 0.004774678268702281
            },
            {
              "discount_factor": 0.9127516439040154,
              "gae_lambda": 0.8889305226411143,
              "learning_rate": 7.84805514926339e-05
            },
            {
              "discount_factor": 0.968745408822412,
              "gae_lambda": 0.8031858789067655,
              "learning_rate": 0.0013427913527692874
            }
          ]
        ]
      ]
    }
  }
}