{
  "stats": {
    "submitted": 1,
    "finished": 0,
    "running": 1
  },
  "data": [
    [
      1,
      null,
      970659040,
      11111.111111111111,
      2147483647.0,
      0.0,
      0,
      0.0,
      0.0,
      {}
    ]
  ],
  "configs": {
    "1": {
      "discount_factor": 0.922373918265085,
      "gae_lambda": 0.8809754966926524,
      "learning_rate": 1.197765103347295e-05
    }
  },
  "config_origins": {
    "1": "Initial Design: Random"
  }
}