{
  "incumbent_ids": [
    2
  ],
  "rejected_config_ids": [
    1
  ],
  "incumbents_changed": 2,
  "trajectory": [
    {
      "config_ids": [
        1
      ],
      "costs": [
        -115.38947368421053
      ],
      "trial": 1,
      "walltime": 14.707118272781372
    },
    {
      "config_ids": [
        2
      ],
      "costs": [
        -320.63157894736844
      ],
      "trial": 2,
      "walltime": 36.57466387748718
    }
  ],
  "state": {
    "queue": [
      [
        12,
        1
      ]
    ]
  }
}