{
  "stats": {
    "submitted": 12,
    "finished": 12,
    "running": 0
  },
  "data": [
    [
      1,
      null,
      1451635569,
      null,
      -115.38947368421053,
      14.705596446990967,
      1,
      1719694768.7180665,
      1719694783.424051,
      {}
    ],
    [
      2,
      null,
      1451635569,
      null,
      -320.63157894736844,
      21.86501979827881,
      1,
      1719694783.425805,
      1719694805.291273,
      {}
    ],
    [
      3,
      null,
      1451635569,
      null,
      -28.442105263157895,
      16.034449577331543,
      1,
      1719694805.2938557,
      1719694821.3287544,
      {}
    ],
    [
      4,
      null,
      1451635569,
      null,
      -129.45263157894738,
      14.546496868133545,
      1,
      1719694821.3307593,
      1719694835.87772,
      {}
    ],
    [
      5,
      null,
      1451635569,
      null,
      -277.7157894736842,
      17.261171340942383,
      1,
      1719694835.8793452,
      1719694853.1409512,
      {}
    ],
    [
      6,
      null,
      1451635569,
      null,
      -217.7684210526316,
      15.960056066513062,
      1,
      1719694853.144598,
      1719694869.1054165,
      {}
    ],
    [
      7,
      null,
      1451635569,
      null,
      -318.44210526315794,
      18.098132133483887,
      1,
      1719694869.1071076,
      1719694887.205635,
      {}
    ],
    [
      8,
      null,
      1451635569,
      null,
      -42.9578947368421,
      12.304528951644897,
      1,
      1719694887.2073212,
      1719694899.5122666,
      {}
    ],
    [
      9,
      null,
      1451635569,
      null,
      -222.23157894736846,
      16.03186821937561,
      1,
      1719694899.5141556,
      1719694915.5464358,
      {}
    ],
    [
      10,
      null,
      1451635569,
      null,
      -56.547368421052624,
      12.540247201919556,
      1,
      1719694915.548258,
      1719694928.0888965,
      {}
    ],
    [
      11,
      null,
      1451635569,
      null,
      -257.178947368421,
      16.828028202056885,
      1,
      1719694928.0907674,
      1719694944.9191945,
      {}
    ],
    [
      12,
      null,
      1451635569,
      null,
      -289.7473684210526,
      17.509328365325928,
      1,
      1719694944.9209988,
      1719694962.4307253,
      {}
    ]
  ],
  "configs": {
    "1": {
      "discount_factor": 0.9415519508086145,
      "gae_lambda": 0.8704991022786126,
      "learning_rate": 6.539284764014233e-05
    },
    "2": {
      "discount_factor": 0.9909604842541739,
      "gae_lambda": 0.9480097630647942,
      "learning_rate": 0.0012570403014837929
    },
    "3": {
      "discount_factor": 0.9672667964352295,
      "gae_lambda": 0.8142108347043395,
      "learning_rate": 1.1077385832149288e-05
    },
    "4": {
      "discount_factor": 0.9176769885756075,
      "gae_lambda": 0.9917084680907429,
      "learning_rate": 0.0075277921732600445
    },
    "5": {
      "discount_factor": 0.9093543860865757,
      "gae_lambda": 0.829999212753959,
      "learning_rate": 0.0006234081678373519
    },
    "6": {
      "discount_factor": 0.9589578490890562,
      "gae_lambda": 0.9510028173932805,
      "learning_rate": 0.0002030303710211862
    },
    "7": {
      "discount_factor": 0.9861229419372975,
      "gae_lambda": 0.8858439257349819,
      "learning_rate": 0.004157986680691179
    },
    "8": {
      "discount_factor": 0.9367249232707545,
      "gae_lambda": 0.9078322137389332,
      "learning_rate": 3.087992322907337e-05
    },
    "9": {
      "discount_factor": 0.9293612546687946,
      "gae_lambda": 0.805998988387175,
      "learning_rate": 0.001863619725801791
    },
    "10": {
      "discount_factor": 0.9787577088698745,
      "gae_lambda": 0.9767518279710785,
      "learning_rate": 4.4182885133329226e-05
    },
    "11": {
      "discount_factor": 0.9546954076141119,
      "gae_lambda": 0.861648837601766,
      "learning_rate": 0.00039116181007576494
    },
    "12": {
      "discount_factor": 0.9050935090770945,
      "gae_lambda": 0.9333878906611354,
      "learning_rate": 0.00021282164690939666
    }
  },
  "config_origins": {
    "1": "Initial Design: Sobol",
    "2": "Initial Design: Sobol",
    "3": "Initial Design: Sobol",
    "4": "Initial Design: Sobol",
    "5": "Initial Design: Sobol",
    "6": "Initial Design: Sobol",
    "7": "Initial Design: Sobol",
    "8": "Initial Design: Sobol",
    "9": "Initial Design: Sobol",
    "10": "Initial Design: Sobol",
    "11": "Initial Design: Sobol",
    "12": "Initial Design: Sobol"
  }
}