{
  "incumbent_ids": [
    12
  ],
  "rejected_config_ids": [
    1,
    3
  ],
  "incumbents_changed": 3,
  "trajectory": [
    {
      "config_ids": [
        1
      ],
      "costs": [
        -238.38571428571427
      ],
      "trial": 1,
      "walltime": 12.12532377243042
    },
    {
      "config_ids": [
        3
      ],
      "costs": [
        -259.7
      ],
      "trial": 3,
      "walltime": 32.779778480529785
    },
    {
      "config_ids": [
        12
      ],
      "costs": [
        -264.31428571428575
      ],
      "trial": 12,
      "walltime": 125.80530524253845
    }
  ],
  "state": {
    "queue": [
      [
        12,
        1
      ]
    ]
  }
}