{
  "stats": {
    "submitted": 12,
    "finished": 12,
    "running": 0
  },
  "data": [
    [
      1,
      null,
      1601635090,
      null,
      -238.38571428571427,
      12.12317156791687,
      1,
      1719511053.6444368,
      1719511065.7684753,
      {}
    ],
    [
      2,
      null,
      1601635090,
      null,
      -36.214285714285715,
      8.595829725265503,
      1,
      1719511065.770198,
      1719511074.3664353,
      {}
    ],
    [
      3,
      null,
      1601635090,
      null,
      -259.7,
      12.054638147354126,
      1,
      1719511074.3679194,
      1719511086.4229188,
      {}
    ],
    [
      4,
      null,
      1601635090,
      null,
      -178.77142857142857,
      10.808733701705933,
      1,
      1719511086.4247446,
      1719511097.2340102,
      {}
    ],
    [
      5,
      null,
      1601635090,
      null,
      -26.61428571428571,
      8.461863994598389,
      1,
      1719511097.269426,
      1719511105.7317886,
      {}
    ],
    [
      6,
      null,
      1601635090,
      null,
      -232.91428571428568,
      11.595274448394775,
      1,
      1719511105.7333817,
      1719511117.3290315,
      {}
    ],
    [
      7,
      null,
      1601635090,
      null,
      -120.98571428571428,
      9.910851240158081,
      1,
      1719511117.3307319,
      1719511127.2419753,
      {}
    ],
    [
      8,
      null,
      1601635090,
      null,
      -224.47142857142856,
      11.566936016082764,
      1,
      1719511127.2435992,
      1719511138.8109279,
      {}
    ],
    [
      9,
      null,
      1601635090,
      null,
      -60.5,
      9.03570008277893,
      1,
      1719511138.8128126,
      1719511147.8488803,
      {}
    ],
    [
      10,
      null,
      1601635090,
      null,
      -176.59999999999997,
      10.792189836502075,
      1,
      1719511147.8506172,
      1719511158.6431837,
      {}
    ],
    [
      11,
      null,
      1601635090,
      null,
      -31.35714285714286,
      8.603640794754028,
      1,
      1719511158.6450062,
      1719511167.2490153,
      {}
    ],
    [
      12,
      null,
      1601635090,
      null,
      -264.31428571428575,
      12.197245836257935,
      1,
      1719511167.2508152,
      1719511179.4484367,
      {}
    ]
  ],
  "configs": {
    "1": {
      "discount_factor": 0.9760870767049491,
      "gae_lambda": 0.814856082962826,
      "learning_rate": 0.0053356125730796245
    },
    "2": {
      "discount_factor": 0.9257661977671087,
      "gae_lambda": 0.924603031550534,
      "learning_rate": 3.151330877711924e-05
    },
    "3": {
      "discount_factor": 0.9050969112915919,
      "gae_lambda": 0.8538197734560817,
      "learning_rate": 0.0017615630186444216
    },
    "4": {
      "discount_factor": 0.9538727090908214,
      "gae_lambda": 0.99155394524429,
      "learning_rate": 0.00029633605995920494
    },
    "5": {
      "discount_factor": 0.9651822177534923,
      "gae_lambda": 0.8886036066543311,
      "learning_rate": 1.297550649339071e-05
    },
    "6": {
      "discount_factor": 0.9181484481906519,
      "gae_lambda": 0.9513273358130827,
      "learning_rate": 0.002431130033262545
    },
    "7": {
      "discount_factor": 0.9376617967933416,
      "gae_lambda": 0.8309823376927525,
      "learning_rate": 0.00012883960056997757
    },
    "8": {
      "discount_factor": 0.9893379852175712,
      "gae_lambda": 0.9154745370866731,
      "learning_rate": 0.0006829340139224346
    },
    "9": {
      "discount_factor": 0.9949057217817754,
      "gae_lambda": 0.8733437226973474,
      "learning_rate": 5.7403650194738476e-05
    },
    "10": {
      "discount_factor": 0.9444862748812884,
      "gae_lambda": 0.9842716825893149,
      "learning_rate": 0.00034241062478050036
    },
    "11": {
      "discount_factor": 0.9234081760989502,
      "gae_lambda": 0.8065915099084378,
      "learning_rate": 1.9039305586329924e-05
    },
    "12": {
      "discount_factor": 0.9722787653105334,
      "gae_lambda": 0.9455009995652363,
      "learning_rate": 0.0032132067028381463
    }
  },
  "config_origins": {
    "1": "Initial Design: Sobol",
    "2": "Initial Design: Sobol",
    "3": "Initial Design: Sobol",
    "4": "Initial Design: Sobol",
    "5": "Initial Design: Sobol",
    "6": "Initial Design: Sobol",
    "7": "Initial Design: Sobol",
    "8": "Initial Design: Sobol",
    "9": "Initial Design: Sobol",
    "10": "Initial Design: Sobol",
    "11": "Initial Design: Sobol",
    "12": "Initial Design: Sobol"
  }
}