{
  "stats": {
    "submitted": 11,
    "finished": 11,
    "running": 0
  },
  "data": [
    [
      1,
      null,
      1719979429,
      null,
      -160.22857142857143,
      12.428624868392944,
      1,
      1719510211.5514169,
      1719510223.9807367,
      {}
    ],
    [
      2,
      null,
      1719979429,
      null,
      -239.22857142857137,
      13.751760721206665,
      1,
      1719510223.9827614,
      1719510237.7350085,
      {}
    ],
    [
      3,
      null,
      1719979429,
      null,
      -28.4,
      9.95951533317566,
      1,
      1719510237.7367883,
      1719510247.6967244,
      {}
    ],
    [
      4,
      null,
      1719979429,
      null,
      -235.17142857142858,
      13.813119173049927,
      1,
      1719510247.6986167,
      1719510261.5121934,
      {}
    ],
    [
      5,
      null,
      1719979429,
      null,
      -234.55714285714285,
      12.417641162872314,
      1,
      1719510261.514113,
      1719510273.9321992,
      {}
    ],
    [
      6,
      null,
      1719979429,
      null,
      -87.10000000000001,
      9.801785230636597,
      1,
      1719510273.9338737,
      1719510283.7362025,
      {}
    ],
    [
      7,
      null,
      1719979429,
      null,
      -185.8,
      10.924091339111328,
      1,
      1719510283.7380593,
      1719510294.6625347,
      {}
    ],
    [
      8,
      null,
      1719979429,
      null,
      -40.3142857142857,
      8.699122667312622,
      1,
      1719510294.6644938,
      1719510303.3639963,
      {}
    ],
    [
      9,
      null,
      1719979429,
      null,
      -195.14285714285717,
      11.061066150665283,
      1,
      1719510303.3657055,
      1719510314.4272695,
      {}
    ],
    [
      10,
      null,
      1719979429,
      null,
      -57.471428571428575,
      9.006785869598389,
      1,
      1719510314.4292367,
      1719510323.4364135,
      {}
    ],
    [
      11,
      null,
      1719979429,
      null,
      -250.88571428571427,
      11.990493059158325,
      1,
      1719510323.4382942,
      1719510335.429158,
      {}
    ]
  ],
  "configs": {
    "1": {
      "discount_factor": 0.9173942600330338,
      "gae_lambda": 0.8384113416094333,
      "learning_rate": 0.00022886047536208008
    },
    "2": {
      "discount_factor": 0.9497653364036233,
      "gae_lambda": 0.9479999274322763,
      "learning_rate": 0.0015469104341948056
    },
    "3": {
      "discount_factor": 0.9905605216696859,
      "gae_lambda": 0.8915751336058602,
      "learning_rate": 1.0804364648631916e-05
    },
    "4": {
      "discount_factor": 0.9272519633704797,
      "gae_lambda": 0.9949297687709331,
      "learning_rate": 0.0024613905574230846
    },
    "5": {
      "discount_factor": 0.9451242007026449,
      "gae_lambda": 0.8509134743362665,
      "learning_rate": 0.0005733756612788109
    },
    "6": {
      "discount_factor": 0.983909356445074,
      "gae_lambda": 0.9604807779779658,
      "learning_rate": 0.0001099868364437644
    },
    "7": {
      "discount_factor": 0.9690184708256274,
      "gae_lambda": 0.8045453556636348,
      "learning_rate": 0.004312276739673201
    },
    "8": {
      "discount_factor": 0.9116708088135347,
      "gae_lambda": 0.9079212789405138,
      "learning_rate": 3.4620193996513295e-05
    },
    "9": {
      "discount_factor": 0.9047067764047534,
      "gae_lambda": 0.8807626936016605,
      "learning_rate": 0.006717909528993425
    },
    "10": {
      "discount_factor": 0.9620665290942416,
      "gae_lambda": 0.9810512505657971,
      "learning_rate": 5.557420219986479e-05
    },
    "11": {
      "discount_factor": 0.9784983361149207,
      "gae_lambda": 0.8274091426562519,
      "learning_rate": 0.000388156931491983
    }
  },
  "config_origins": {
    "1": "Initial Design: Sobol",
    "2": "Initial Design: Sobol",
    "3": "Initial Design: Sobol",
    "4": "Initial Design: Sobol",
    "5": "Initial Design: Sobol",
    "6": "Initial Design: Sobol",
    "7": "Initial Design: Sobol",
    "8": "Initial Design: Sobol",
    "9": "Initial Design: Sobol",
    "10": "Initial Design: Sobol",
    "11": "Initial Design: Sobol"
  }
}