{
  "incumbent_ids": [],
  "rejected_config_ids": [],
  "incumbents_changed": 0,
  "trajectory": [],
  "state": {
    "tracker": {
      "0,0": [
        [
          0,
          [
            {
              "discount_factor": 0.9365738367381718,
              "gae_lambda": 0.8712792576593976,
              "learning_rate": 0.00021174366454266192
            },
            {
              "discount_factor": 0.9916265910671723,
              "gae_lambda": 0.8194955624927893,
              "learning_rate": 0.0009080088023249066
            },
            {
              "discount_factor": 0.9547492479341838,
              "gae_lambda": 0.8192703441604055,
              "learning_rate": 0.007719032492214937
            }
          ]
        ]
      ]
    }
  }
}