{
  "stats": {
    "submitted": 3,
    "finished": 3,
    "running": 0
  },
  "data": [
    [
      1,
      null,
      1586701320,
      8333.333333333332,
      -88.775,
      5.532006025314331,
      1,
      1719518700.8003666,
      1719518706.33272,
      {}
    ],
    [
      2,
      null,
      1586701320,
      8333.333333333332,
      -171.95,
      5.936742067337036,
      1,
      1719518706.3337986,
      1719518712.2709706,
      {}
    ],
    [
      3,
      null,
      1586701320,
      8333.333333333332,
      -204.9,
      5.947413921356201,
      1,
      1719518712.2717903,
      1719518718.2195697,
      {}
    ]
  ],
  "configs": {
    "1": {
      "discount_factor": 0.9365738367381718,
      "gae_lambda": 0.8712792576593976,
      "learning_rate": 0.00021174366454266192
    },
    "2": {
      "discount_factor": 0.9916265910671723,
      "gae_lambda": 0.8194955624927893,
      "learning_rate": 0.0009080088023249066
    },
    "3": {
      "discount_factor": 0.9547492479341838,
      "gae_lambda": 0.8192703441604055,
      "learning_rate": 0.007719032492214937
    }
  },
  "config_origins": {
    "1": "Initial Design: Random",
    "2": "Initial Design: Random",
    "3": "Initial Design: Random"
  }
}