{
  "stats": {
    "submitted": 27,
    "finished": 27,
    "running": 0
  },
  "data": [
    [
      1,
      null,
      209652396,
      2.7777777777777777,
      0.23093160012380076,
      1.2021484375,
      1,
      1719525385.9321957,
      1719525387.1349843,
      {}
    ],
    [
      2,
      null,
      209652396,
      2.7777777777777777,
      0.7100479727638502,
      0.22233200073242188,
      1,
      1719525387.137029,
      1719525387.3603535,
      {}
    ],
    [
      3,
      null,
      209652396,
      2.7777777777777777,
      0.0628814608480347,
      0.26476573944091797,
      1,
      1719525387.361964,
      1719525387.6276782,
      {}
    ],
    [
      4,
      null,
      209652396,
      2.7777777777777777,
      0.8992773135252244,
      0.8307783603668213,
      1,
      1719525387.6295896,
      1719525388.461469,
      {}
    ],
    [
      5,
      null,
      209652396,
      2.7777777777777777,
      0.8447369235530795,
      0.11112308502197266,
      1,
      1719525388.4632583,
      1719525388.5753882,
      {}
    ],
    [
      6,
      null,
      209652396,
      2.7777777777777777,
      0.07458062519343867,
      0.1390399932861328,
      1,
      1719525388.576466,
      1719525388.7160277,
      {}
    ],
    [
      7,
      null,
      209652396,
      2.7777777777777777,
      0.14246672856700704,
      0.11157917976379395,
      1,
      1719525388.7177749,
      1719525388.8303125,
      {}
    ],
    [
      8,
      null,
      209652396,
      2.7777777777777777,
      0.35391519653358094,
      0.17193078994750977,
      1,
      1719525388.8323677,
      1719525389.0053208,
      {}
    ],
    [
      9,
      null,
      209652396,
      2.7777777777777777,
      0.36563138347260904,
      0.09498381614685059,
      1,
      1719525389.0066183,
      1719525389.1021893,
      {}
    ],
    [
      3,
      null,
      209652396,
      8.333333333333332,
      0.04953729495512216,
      0.6364634037017822,
      1,
      1719525389.1061735,
      1719525389.7436476,
      {}
    ],
    [
      6,
      null,
      209652396,
      8.333333333333332,
      0.04119312906220984,
      0.5341925621032715,
      1,
      1719525389.7456284,
      1719525390.2808516,
      {}
    ],
    [
      7,
      null,
      209652396,
      8.333333333333332,
      0.05732281027545638,
      0.3186776638031006,
      1,
      1719525390.283003,
      1719525390.6027184,
      {}
    ],
    [
      6,
      null,
      209652396,
      25.0,
      0.030055710306406747,
      1.273439645767212,
      1,
      1719525390.6052616,
      1719525391.8797612,
      {}
    ],
    [
      10,
      null,
      209652396,
      2.7777777777777777,
      0.7145481275147013,
      0.1313762664794922,
      1,
      1719525392.2401853,
      1719525392.3721013,
      {}
    ],
    [
      11,
      null,
      209652396,
      2.7777777777777777,
      0.8981615598885794,
      0.10884928703308105,
      1,
      1719525392.3743877,
      1719525392.4842465,
      {}
    ],
    [
      12,
      null,
      209652396,
      2.7777777777777777,
      0.6594305168678427,
      0.10791349411010742,
      1,
      1719525392.485691,
      1719525392.5941582,
      {}
    ],
    [
      13,
      null,
      209652396,
      2.7777777777777777,
      0.10626586196224075,
      0.23162603378295898,
      1,
      1719525392.5965683,
      1719525392.829172,
      {}
    ],
    [
      14,
      null,
      209652396,
      2.7777777777777777,
      0.9015041782729805,
      0.05078601837158203,
      1,
      1719525392.8306262,
      1719525392.8819647,
      {}
    ],
    [
      15,
      null,
      209652396,
      2.7777777777777777,
      0.8080377592076756,
      0.06120729446411133,
      1,
      1719525392.8843548,
      1719525392.946526,
      {}
    ],
    [
      16,
      null,
      209652396,
      2.7777777777777777,
      0.08291705354379442,
      0.062026023864746094,
      1,
      1719525392.949127,
      1719525393.0121326,
      {}
    ],
    [
      17,
      null,
      209652396,
      2.7777777777777777,
      0.043402971216341735,
      0.21025657653808594,
      1,
      1719525393.013778,
      1719525393.2245805,
      {}
    ],
    [
      18,
      null,
      209652396,
      2.7777777777777777,
      0.2565459610027855,
      0.09647631645202637,
      1,
      1719525393.227331,
      1719525393.3248372,
      {}
    ],
    [
      17,
      null,
      209652396,
      8.333333333333332,
      0.027267099969049746,
      0.5875368118286133,
      1,
      1719525393.32942,
      1719525393.9179668,
      {}
    ],
    [
      16,
      null,
      209652396,
      8.333333333333332,
      0.049538842463633714,
      0.15581226348876953,
      1,
      1719525393.9204383,
      1719525394.0771646,
      {}
    ],
    [
      13,
      null,
      209652396,
      8.333333333333332,
      0.05843392138656767,
      0.5449705123901367,
      1,
      1719525394.078787,
      1719525394.624319,
      {}
    ],
    [
      17,
      null,
      209652396,
      25.0,
      0.0178087279480037,
      1.2787818908691406,
      1,
      1719525394.626086,
      1719525395.9054172,
      {}
    ],
    [
      19,
      null,
      209652396,
      2.7777777777777777,
      0.3288796038378211,
      0.08252763748168945,
      1,
      1719525396.1082282,
      1719525396.191286,
      {}
    ]
  ],
  "configs": {
    "1": {
      "activation": "tanh",
      "n_layer": 4,
      "n_neurons": 123,
      "solver": "lbfgs"
    },
    "2": {
      "activation": "relu",
      "n_layer": 3,
      "n_neurons": 49,
      "solver": "lbfgs"
    },
    "3": {
      "activation": "tanh",
      "n_layer": 5,
      "n_neurons": 56,
      "solver": "adam",
      "batch_size": 155,
      "learning_rate_init": 0.006677306766018313
    },
    "4": {
      "activation": "tanh",
      "n_layer": 5,
      "n_neurons": 197,
      "solver": "adam",
      "batch_size": 241,
      "learning_rate_init": 0.018781738757161916
    },
    "5": {
      "activation": "tanh",
      "n_layer": 2,
      "n_neurons": 10,
      "solver": "adam",
      "batch_size": 62,
      "learning_rate_init": 0.00011889379831773019
    },
    "6": {
      "activation": "tanh",
      "n_layer": 4,
      "n_neurons": 66,
      "solver": "adam",
      "batch_size": 214,
      "learning_rate_init": 0.005599223654063347
    },
    "7": {
      "activation": "relu",
      "n_layer": 1,
      "n_neurons": 79,
      "solver": "adam",
      "batch_size": 87,
      "learning_rate_init": 0.0018268942281532308
    },
    "8": {
      "activation": "tanh",
      "n_layer": 3,
      "n_neurons": 35,
      "solver": "adam",
      "batch_size": 57,
      "learning_rate_init": 0.00044181257379025503
    },
    "9": {
      "activation": "tanh",
      "n_layer": 2,
      "n_neurons": 39,
      "solver": "lbfgs"
    },
    "10": {
      "activation": "relu",
      "n_layer": 2,
      "n_neurons": 48,
      "solver": "lbfgs"
    },
    "11": {
      "activation": "logistic",
      "n_layer": 5,
      "n_neurons": 23,
      "solver": "sgd",
      "batch_size": 188,
      "learning_rate": "constant",
      "learning_rate_init": 0.06279384856082841
    },
    "12": {
      "activation": "relu",
      "n_layer": 2,
      "n_neurons": 55,
      "solver": "lbfgs"
    },
    "13": {
      "activation": "tanh",
      "n_layer": 4,
      "n_neurons": 32,
      "solver": "adam",
      "batch_size": 35,
      "learning_rate_init": 0.001547917475869209
    },
    "14": {
      "activation": "logistic",
      "n_layer": 3,
      "n_neurons": 11,
      "solver": "lbfgs"
    },
    "15": {
      "activation": "relu",
      "n_layer": 4,
      "n_neurons": 9,
      "solver": "lbfgs"
    },
    "16": {
      "activation": "logistic",
      "n_layer": 1,
      "n_neurons": 19,
      "solver": "adam",
      "batch_size": 103,
      "learning_rate_init": 0.02113934324402315
    },