{
  "incumbent_ids": [],
  "rejected_config_ids": [],
  "incumbents_changed": 0,
  "trajectory": [],
  "state": {
    "tracker": {
      "0,0": [
        [
          0,
          [
            {
              "discount_factor": 0.9312619844984301,
              "gae_lambda": 0.9901175479548892,
              "learning_rate": 0.002630304868530193
            },
            {
              "discount_factor": 0.9318534357920677,
              "gae_lambda": 0.8249532786937371,
              "learning_rate": 0.0004409896179423545
            },
            {
              "discount_factor": 0.9193578791027203,
              "gae_lambda": 0.8182836868184753,
              "learning_rate": 1.1219042673282755e-05
            }
          ]
        ]
      ]
    },
    "next_bracket": 1
  }
}