{
  "stats": {
    "submitted": 2,
    "finished": 2,
    "running": 0
  },
  "data": [
    [
      1,
      null,
      1356254538,
      8333.333333333332,
      -282.525,
      7.116040229797363,
      1,
      1719520967.1867738,
      1719520974.30319,
      {}
    ],
    [
      2,
      null,
      1356254538,
      8333.333333333332,
      -123.72500000000001,
      5.416147708892822,
      1,
      1719520974.3043034,
      1719520979.720861,
      {}
    ]
  ],
  "configs": {
    "1": {
      "discount_factor": 0.9312619844984301,
      "gae_lambda": 0.9901175479548892,
      "learning_rate": 0.002630304868530193
    },
    "2": {
      "discount_factor": 0.9318534357920677,
      "gae_lambda": 0.8249532786937371,
      "learning_rate": 0.0004409896179423545
    }
  },
  "config_origins": {
    "1": "Initial Design: Random",
    "2": "Custom"
  }
}