{
  "stats": {
    "submitted": 2,
    "finished": 1,
    "running": 1
  },
  "data": [
    [
      1,
      null,
      1220914397,
      null,
      -231.59166666666667,
      22.938300371170044,
      1,
      1709653627.010084,
      1709653649.9489248,
      {}
    ],
    [
      2,
      null,
      1220914397,
      null,
      2147483647.0,
      0.0,
      0,
      0.0,
      0.0,
      {}
    ]
  ],
  "configs": {
    "1": {
      "discount_factor": 0.9144767047287896,
      "gae_lambda": 0.8231069042943419,
      "learning_rate": 0.00029707077825288014
    },
    "2": {
      "discount_factor": 0.9897433762575621,
      "gae_lambda": 0.9670981406128665,
      "learning_rate": 0.0011386371424547332
    }
  },
  "config_origins": {
    "1": "Initial Design: Sobol",
    "2": "Acquisition Function Maximizer: Random Search (sorted)"
  }
}