{
  "stats": {
    "submitted": 2,
    "finished": 2,
    "running": 0
  },
  "data": [
    [
      1,
      null,
      319043378,
      15.0,
      -193.97142857142856,
      16.55835509300232,
      1,
      1719481800.7710462,
      1719481817.329836,
      {}
    ],
    [
      2,
      null,
      319043378,
      15.0,
      -277.85714285714283,
      18.045727252960205,
      1,
      1719481817.3313038,
      1719481835.3774288,
      {}
    ]
  ],
  "configs": {
    "1": {
      "discount_factor": 0.9568540240455365,
      "gae_lambda": 0.8900262622588704,
      "learning_rate": 0.00016973856540252944
    },
    "2": {
      "discount_factor": 0.9697425750333271,
      "gae_lambda": 0.9732858995956695,
      "learning_rate": 0.0004398635676186108
    }
  },
  "config_origins": {
    "1": "Initial Design: Random",
    "2": "Initial Design: Random"
  }
}