{
  "stats": {
    "submitted": 10,
    "finished": 10,
    "running": 0
  },
  "data": [
    [
      1,
      null,
      1621241949,
      20000.0,
      -164.93684210526314,
      14.528987646102905,
      1,
      1719691382.0592036,
      1719691396.5887828,
      {}
    ],
    [
      2,
      null,
      1621241949,
      20000.0,
      -330.93684210526317,
      17.128684520721436,
      1,
      1719691396.5902126,
      1719691413.7192795,
      {}
    ],
    [
      3,
      null,
      1621241949,
      20000.0,
      -354.2210526315789,
      19.145244359970093,
      1,
      1719691413.7206411,
      1719691432.8662815,
      {}
    ],
    [
      4,
      null,
      1621241949,
      20000.0,
      -102.61052631578947,
      13.666782140731812,
      1,
      1719691432.8677878,
      1719691446.534977,
      {}
    ],
    [
      5,
      null,
      1621241949,
      20000.0,
      -361.4421052631579,
      19.474914073944092,
      1,
      1719691446.536303,
      1719691466.0116084,
      {}
    ],
    [
      6,
      null,
      1621241949,
      20000.0,
      -387.77894736842103,
      19.70240354537964,
      1,
      1719691466.1357312,
      1719691485.8385127,
      {}
    ],
    [
      7,
      null,
      1621241949,
      20000.0,
      -400.70526315789476,
      20.044548749923706,
      1,
      1719691485.840113,
      1719691505.8850405,
      {}
    ],
    [
      8,
      null,
      1621241949,
      20000.0,
      -343.0,
      18.81161117553711,
      1,
      1719691505.8867874,
      1719691524.6987896,
      {}
    ],
    [
      9,
      null,
      1621241949,
      20000.0,
      -385.87368421052633,
      19.77660322189331,
      1,
      1719691524.7002993,
      1719691544.4772878,
      {}
    ],
    [
      10,
      null,
      1621241949,
      20000.0,
      -385.11578947368423,
      20.423282146453857,
      1,
      1719691544.4788878,
      1719691564.9025536,
      {}
    ]
  ],
  "configs": {
    "1": {
      "discount_factor": 0.9868700057284122,
      "gae_lambda": 0.9706365749037147,
      "learning_rate": 0.0001537157849088349
    },
    "2": {
      "discount_factor": 0.9810792663738716,
      "gae_lambda": 0.9112113388117764,
      "learning_rate": 0.0028531365695927753
    },
    "3": {
      "discount_factor": 0.9857022566317357,
      "gae_lambda": 0.9184159658645826,
      "learning_rate": 0.002595376068869366
    },
    "4": {
      "discount_factor": 0.963563962642214,
      "gae_lambda": 0.9121430502753652,
      "learning_rate": 5.756680035344349e-05
    },
    "5": {
      "discount_factor": 0.9980129189826237,
      "gae_lambda": 0.8926766485291375,
      "learning_rate": 0.001678471807138176
    },
    "6": {
      "discount_factor": 0.9966837541612981,
      "gae_lambda": 0.9190930671635658,
      "learning_rate": 0.0026222985982018473
    },
    "7": {
      "discount_factor": 0.9973732644675936,
      "gae_lambda": 0.9428212003267635,
      "learning_rate": 0.002080040838116675
    },
    "8": {
      "discount_factor": 0.9965215922982478,
      "gae_lambda": 0.8654925176238635,
      "learning_rate": 0.0021631554565374154
    },
    "9": {
      "discount_factor": 0.9980653380367397,
      "gae_lambda": 0.8213701625860254,
      "learning_rate": 0.002435649145913825
    },
    "10": {
      "discount_factor": 0.9957577043152409,
      "gae_lambda": 0.8171901995639712,
      "learning_rate": 0.003607559825399786
    }
  },
  "config_origins": {
    "1": "Initial Design: Random",
    "2": "Initial Design: Random",
    "3": "Initial Design: Random",
    "4": "Initial Design: Random",
    "5": "Initial Design: Random",
    "6": "Acquisition Function Maximizer: Local Search",
    "7": "Acquisition Function Maximizer: Local Search",
    "8": "Acquisition Function Maximizer: Local Search",
    "9": "Acquisition Function Maximizer: Local Search",
    "10": "Acquisition Function Maximizer: Random Search (sorted)"
  }
}