{
  "incumbent_ids": [
    5
  ],
  "rejected_config_ids": [
    1,
    2
  ],
  "incumbents_changed": 3,
  "trajectory": [
    {
      "config_ids": [
        1
      ],
      "costs": [
        -198.60000000000002
      ],
      "trial": 1,
      "walltime": 16.580567359924316
    },
    {
      "config_ids": [
        2
      ],
      "costs": [
        -299.2105263157894
      ],
      "trial": 2,
      "walltime": 35.831034660339355
    },
    {
      "config_ids": [
        5
      ],
      "costs": [
        -303.8
      ],
      "trial": 5,
      "walltime": 91.62108206748962
    }
  ],
  "state": {
    "queue": [
      [
        10,
        1
      ]
    ]
  }
}