{
  "stats": {
    "submitted": 10,
    "finished": 10,
    "running": 0
  },
  "data": [
    [
      1,
      null,
      2136230928,
      null,
      -198.60000000000002,
      16.57816791534424,
      1,
      1719694521.5983586,
      1719694538.177186,
      {}
    ],
    [
      2,
      null,
      2136230928,
      null,
      -299.2105263157894,
      19.247827768325806,
      1,
      1719694538.179044,
      1719694557.4273012,
      {}
    ],
    [
      3,
      null,
      2136230928,
      null,
      -29.347368421052632,
      14.6819908618927,
      1,
      1719694557.4299233,
      1719694572.1125493,
      {}
    ],
    [
      4,
      null,
      2136230928,
      null,
      -257.5684210526316,
      20.07430672645569,
      1,
      1719694572.1143005,
      1719694592.189045,
      {}
    ],
    [
      5,
      null,
      2136230928,
      null,
      -303.8,
      21.026166439056396,
      1,
      1719694592.1908526,
      1719694613.2174666,
      {}
    ],
    [
      6,
      null,
      2136230928,
      null,
      -94.91578947368421,
      15.730768203735352,
      1,
      1719694613.219959,
      1719694628.9512517,
      {}
    ],
    [
      7,
      null,
      2136230928,
      null,
      -266.25263157894744,
      20.068807125091553,
      1,
      1719694628.953175,
      1719694649.0224113,
      {}
    ],
    [
      8,
      null,
      2136230928,
      null,
      -120.92631578947368,
      16.352706909179688,
      1,
      1719694649.0243316,
      1719694665.3775046,
      {}
    ],
    [
      9,
      null,
      2136230928,
      null,
      -277.74736842105267,
      20.789903163909912,
      1,
      1719694665.3802621,
      1719694686.1705875,
      {}
    ],
    [
      10,
      null,
      2136230928,
      null,
      -46.21052631578947,
      18.17960786819458,
      1,
      1719694686.172581,
      1719694704.3526137,
      {}
    ]
  ],
  "configs": {
    "1": {
      "discount_factor": 0.9036346982326359,
      "gae_lambda": 0.8077764424923808,
      "learning_rate": 0.0002949465279584066
    },
    "2": {
      "discount_factor": 0.9604027273580432,
      "gae_lambda": 0.9770002041021362,
      "learning_rate": 0.001260563785719391
    },
    "3": {
      "discount_factor": 0.9753903700215742,
      "gae_lambda": 0.8803489630110563,
      "learning_rate": 1.1142672053125599e-05
    },
    "4": {
      "discount_factor": 0.9338947073305026,
      "gae_lambda": 0.9111087427837774,
      "learning_rate": 0.002350551737748805
    },
    "5": {
      "discount_factor": 0.9397742458814755,
      "gae_lambda": 0.8647631394993514,
      "learning_rate": 0.00039396799733679627
    },
    "6": {
      "discount_factor": 0.9941883276058361,
      "gae_lambda": 0.9452726464616135,
      "learning_rate": 6.691531976161564e-05
    },
    "7": {
      "discount_factor": 0.967019047267735,
      "gae_lambda": 0.8482371933534741,
      "learning_rate": 0.006725148358388111
    },
    "8": {
      "discount_factor": 0.9216958744581789,
      "gae_lambda": 0.9677114175548778,
      "learning_rate": 5.487908212572686e-05
    },
    "9": {
      "discount_factor": 0.9159482893673703,
      "gae_lambda": 0.8885268038380891,
      "learning_rate": 0.004465855574643112
    },
    "10": {
      "discount_factor": 0.9728633004287258,
      "gae_lambda": 0.918399635293521,
      "learning_rate": 3.31864069953379e-05
    }
  },
  "config_origins": {
    "1": "Initial Design: Sobol",
    "2": "Initial Design: Sobol",
    "3": "Initial Design: Sobol",
    "4": "Initial Design: Sobol",
    "5": "Initial Design: Sobol",
    "6": "Initial Design: Sobol",
    "7": "Initial Design: Sobol",
    "8": "Initial Design: Sobol",
    "9": "Initial Design: Sobol",
    "10": "Initial Design: Sobol"
  }
}