{
  "stats": {
    "submitted": 3,
    "finished": 2,
    "running": 1
  },
  "data": [
    [
      1,
      null,
      1185514225,
      null,
      832.4278509616852,
      832.9446656703949,
      1,
      1720338166.4627526,
      1720338999.4078562,
      {}
    ],
    [
      2,
      null,
      1185514225,
      null,
      894.2421989440918,
      894.3435363769531,
      1,
      1720338999.410716,
      1720339893.755,
      {}
    ],
    [
      3,
      null,
      1185514225,
      null,
      2147483647.0,
      0.0,
      0,
      0.0,
      0.0,
      {}
    ]
  ],
  "configs": {
    "1": {
      "discount_factor": 0.9286085592443124,
      "gae_lambda": 0.9010083184596152,
      "learning_rate": 0.0003974903623557484
    },
    "2": {
      "discount_factor": 0.958331188654527,
      "gae_lambda": 0.9535697228042409,
      "learning_rate": 0.0025280820919764036
    },
    "3": {
      "discount_factor": 0.9747909640911967,
      "gae_lambda": 0.9249902003081516,
      "learning_rate": 0.00024980037855029175
    }
  },
  "config_origins": {
    "1": "Initial Design: Sobol",
    "2": "Initial Design: Sobol",
    "3": "Initial Design: Sobol"
  }
}