{
  "stats": {
    "submitted": 1,
    "finished": 1,
    "running": 0
  },
  "data": [
    [
      1,
      null,
      1724337436,
      3333.333333333333,
      107.07355481214,
      16.629462480545044,
      1,
      1719526052.4749634,
      1719526069.104814,
      {}
    ]
  ],
  "configs": {
    "1": {
      "discount_factor": 0.9397463803715939,
      "gae_lambda": 0.8369770481866279,
      "learning_rate": 0.004698251272236633
    }
  },
  "config_origins": {
    "1": "Initial Design: Random"
  }
}