{
  "stats": {
    "submitted": 44,
    "finished": 43,
    "running": 1
  },
  "data": [
    [
      1,
      null,
      209652396,
      2.7777777777777777,
      0.23093160012380076,
      1.4353985786437988,
      1,
      1719484810.5985324,
      1719484812.0352337,
      {}
    ],
    [
      2,
      null,
      209652396,
      2.7777777777777777,
      0.7100479727638502,
      0.24835729598999023,
      1,
      1719484812.037725,
      1719484812.287455,
      {}
    ],
    [
      3,
      null,
      209652396,
      2.7777777777777777,
      0.0628814608480347,
      0.257936954498291,
      1,
      1719484812.2897284,
      1719484812.5490365,
      {}
    ],
    [
      4,
      null,
      209652396,
      2.7777777777777777,
      0.8992773135252244,
      0.8023796081542969,
      1,
      1719484812.5520246,
      1719484813.3557565,
      {}
    ],
    [
      5,
      null,
      209652396,
      2.7777777777777777,
      0.8447369235530795,
      0.14224529266357422,
      1,
      1719484813.3584356,
      1719484813.50204,
      {}
    ],
    [
      6,
      null,
      209652396,
      2.7777777777777777,
      0.07458062519343867,
      0.20133209228515625,
      1,
      1719484813.5036845,
      1719484813.7057993,
      {}
    ],
    [
      7,
      null,
      209652396,
      2.7777777777777777,
      0.14246672856700704,
      0.16055798530578613,
      1,
      1719484813.7085648,
      1719484813.8704658,
      {}
    ],
    [
      8,
      null,
      209652396,
      2.7777777777777777,
      0.35391519653358094,
      0.20270490646362305,
      1,
      1719484813.872951,
      1719484814.076969,
      {}
    ],
    [
      9,
      null,
      209652396,
      2.7777777777777777,
      0.36563138347260904,
      0.14669108390808105,
      1,
      1719484814.0787542,
      1719484814.226245,
      {}
    ],
    [
      3,
      null,
      209652396,
      8.333333333333332,
      0.04953729495512216,
      0.9231986999511719,
      1,
      1719484814.2314477,
      1719484815.1561892,
      {}
    ],
    [
      6,
      null,
      209652396,
      8.333333333333332,
      0.04119312906220984,
      0.5740892887115479,
      1,
      1719484815.1699078,
      1719484815.7453997,
      {}
    ],
    [
      7,
      null,
      209652396,
      8.333333333333332,
      0.05732281027545638,
      0.4459531307220459,
      1,
      1719484815.747964,
      1719484816.1952412,
      {}
    ],
    [
      6,
      null,
      209652396,
      25.0,
      0.030055710306406747,
      1.6595807075500488,
      1,
      1719484816.1984596,
      1719484817.8595152,
      {}
    ],
    [
      10,
      null,
      209652396,
      8.333333333333332,
      0.14800526152893845,
      0.29439544677734375,
      1,
      1719484818.1319814,
      1719484818.4271514,
      {}
    ],
    [
      11,
      null,
      209652396,
      8.333333333333332,
      0.8992757660167131,
      0.3280363082885742,
      1,
      1719484818.430017,
      1719484818.7593827,
      {}
    ],
    [
      12,
      null,
      209652396,
      8.333333333333332,
      0.1980965645311048,
      0.2827596664428711,
      1,
      1719484818.761357,
      1719484819.0449317,
      {}
    ],
    [
      13,
      null,
      209652396,
      8.333333333333332,
      0.05843392138656767,
      0.8616456985473633,
      1,
      1719484819.0479243,
      1719484819.9108853,
      {}
    ],
    [
      14,
      null,
      209652396,
      8.333333333333332,
      0.8118972454348499,
      0.17501187324523926,
      1,
      1719484819.9129674,
      1719484820.0888507,
      {}
    ],
    [
      13,
      null,
      209652396,
      25.0,
      0.041186939028164615,
      2.3606386184692383,
      1,
      1719484820.0927715,
      1719484822.4547749,
      {}
    ],
    [
      15,
      null,
      209652396,
      25.0,
      0.40786598576292166,
      0.23458194732666016,
      1,
      1719484822.458046,
      1719484822.6934304,
      {}
    ],
    [
      16,
      null,
      209652396,
      25.0,
      0.036736304549675025,
      0.46442580223083496,
      1,
      1719484822.6957989,
      1719484823.1610084,
      {}
    ],
    [
      17,
      null,
      209652396,
      25.0,
      0.0178087279480037,
      1.7573702335357666,
      1,
      1719484823.1634922,
      1719484824.921675,
      {}
    ],
    [
      18,
      null,
      209652396,
      2.7777777777777777,
      0.08848498916744041,
      0.193068265914917,
      1,
      1719484825.3439882,
      1719484825.5379555,
      {}
    ],
    [
      19,
      null,
      209652396,
      2.7777777777777777,
      0.04841844630145464,
      0.19879865646362305,
      1,
      1719484825.5418127,
      1719484825.7419577,
      {}
    ],
    [
      20,
      null,
      209652396,
      2.7777777777777777,
      0.2615459610027855,
      0.09178566932678223,
      1,
      1719484825.7456756,
      1719484825.8387797,
      {}
    ],
    [
      21,
      null,
      209652396,
      2.7777777777777777,
      0.14913803775920764,
      0.12914061546325684,
      1,
      1719484825.8426158,
      1719484825.9730787,
      {}
    ],
    [
      22,
      null,
      209652396,
      2.7777777777777777,
      0.07234138037759197,
      0.6147780418395996,
      1,
      1719484825.9770474,
      1719484826.593175,
      {}
    ],
    [
      23,
      null,
      209652396,
      2.7777777777777777,
      0.0806901887960384,
      0.12893247604370117,
      1,
      1719484826.608179,
      1719484826.738448,
      {}
    ],
    [
      24,
      null,
      209652396,
      2.7777777777777777,
      0.3542633859486226,
      0.9572901725769043,
      1,
      1719484826.7424483,
      1719484827.7010636,
      {}
    ],
    [
      25,
      null,
      209652396,
      2.7777777777777777,
      0.09181832250077382,
      0.3536229133605957,
      1,
      1719484827.7054586,
      1719484828.0632896,
      {}
    ],
    [
      26,
      null,
      209652396,
      2.7777777777777777,
      0.9009470752089137,
      0.08195209503173828,
      1,
      1719484828.0675712,
      1719484828.150836,
      {}
    ],
    [
      19,
      null,
      209652396,
      8.333333333333332,
      0.040072732900030994,
      0.542229413986206,
      1,
      1719484828.1574714,
      1719484828.7011745,
      {}
    ],
    [
      22,
      null,
      209652396,
      8.333333333333332,
      0.03172856700711857,
      1.882110357284546,
      1,
      1719484828.7052574,
      1719484830.588728,
      {}
    ],
    [
      23,
      null,
      209652396,
      8.333333333333332,
      0.03228102754565154,
      0.39508557319641113,
      1,
      1719484830.5929582,
      1719484830.9894183,
      {}
    ],
    [
      22,
      null,
      209652396,
      25.0,
      0.027279480037140202,
      5.392628192901611,
      1,
      1719484830.9941397,
      1719484836.3881147,
      {}
    ],
    [
      27,
      null,
      209652396,
      8.333333333333332,
      0.028944599195295573,
      0.5058846473693848,
      1,
      1719484836.8133376,
      1719484837.320021,
      {}
    ],
    [
      28,
      null,
      209652396,
      8.333333333333332,
      0.02727174249458364,
      1.0183258056640625,
      1,
      1719484837.3353727,
      1719484838.355149,
      {}
    ],
    [
      29,
      null,
      209652396,
      8.333333333333332,
      0.034512534818941676,
      0.4695425033569336,
      1,
      1719484838.3598275,
      1719484838.8307412,
      {}
    ],
    [
      30,
      null,
      209652396,
      8.333333333333332,
      0.29211699164345406,
      0.2428574562072754,
      1,
      1719484838.8354769,
      1719484839.0797172,
      {}
    ],
    [
      31,
      null,
      209652396,
      8.333333333333332,
      0.052304240173321026,
      0.3932766914367676,
      1,
      1719484839.0843809,
      1719484839.4790175,
      {}
