{
  "stats": {
    "submitted": 3,
    "finished": 3,
    "running": 0
  },
  "data": [
    [
      1,
      null,
      439564854,
      null,
      684.1845646828863,
      833.3541474342346,
      1,
      1720479288.5396335,
      1720480121.8942266,
      {}
    ],
    [
      2,
      null,
      439564854,
      null,
      761.1408344899845,
      915.515543460846,
      1,
      1720480121.8969693,
      1720481037.4129837,
      {}
    ],
    [
      3,
      null,
      439564854,
      null,
      776.5027899894774,
      914.7629053592682,
      1,
      1720481037.4147477,
      1720481952.1781032,
      {}
    ]
  ],
  "configs": {
    "1": {
      "discount_factor": 0.9667377612087875,
      "gae_lambda": 0.9491426176512614,
      "learning_rate": 0.00020745425820399156
    },
    "2": {
      "discount_factor": 0.9164113773219288,
      "gae_lambda": 0.9582294860444963,
      "learning_rate": 0.002870494827147852
    },
    "3": {
      "discount_factor": 0.9410766796991229,
      "gae_lambda": 0.9234147964948789,
      "learning_rate": 0.0004797645387483365
    }
  },
  "config_origins": {
    "1": "Initial Design: Sobol",
    "2": "Initial Design: Sobol",
    "3": "Initial Design: Sobol"
  }
}