{
  "incumbent_ids": [
    2
  ],
  "rejected_config_ids": [
    1
  ],
  "incumbents_changed": 2,
  "trajectory": [
    {
      "config_ids": [
        1
      ],
      "costs": [
        -101.65714285714286
      ],
      "trial": 1,
      "walltime": 7.095231771469116
    },
    {
      "config_ids": [
        2
      ],
      "costs": [
        -211.22857142857143
      ],
      "trial": 2,
      "walltime": 14.567283868789673
    }
  ],
  "state": {
    "queue": [
      [
        7,
        1
      ]
    ]
  }
}