{
  "stats": {
    "submitted": 7,
    "finished": 7,
    "running": 0
  },
  "data": [
    [
      1,
      null,
      1422703920,
      null,
      -101.65714285714286,
      7.092559099197388,
      1,
      1719506622.8717232,
      1719506629.9648476,
      {}
    ],
    [
      2,
      null,
      1422703920,
      null,
      -211.22857142857143,
      7.469660758972168,
      1,
      1719506629.9667969,
      1719506637.436882,
      {}
    ],
    [
      3,
      null,
      1422703920,
      null,
      -117.91428571428573,
      6.961294889450073,
      1,
      1719506637.558698,
      1719506644.520722,
      {}
    ],
    [
      4,
      null,
      1422703920,
      null,
      -99.54285714285713,
      6.382496356964111,
      1,
      1719506644.522779,
      1719506650.9057577,
      {}
    ],
    [
      5,
      null,
      1422703920,
      null,
      -87.94285714285715,
      7.611004590988159,
      1,
      1719506650.9074788,
      1719506658.5191426,
      {}
    ],
    [
      6,
      null,
      1422703920,
      null,
      -124.2,
      7.5861265659332275,
      1,
      1719506658.5212717,
      1719506666.1078932,
      {}
    ],
    [
      7,
      null,
      1422703920,
      null,
      -172.28571428571428,
      8.658732175827026,
      1,
      1719506666.1106315,
      1719506674.7698634,
      {}
    ]
  ],
  "configs": {
    "1": {
      "discount_factor": 0.9313030372448265,
      "gae_lambda": 0.9204690911099315,
      "learning_rate": 0.00027164801472804846
    },
    "2": {
      "discount_factor": 0.9782901468649506,
      "gae_lambda": 0.80609756507352,
      "learning_rate": 0.006508652620184517
    },
    "3": {
      "discount_factor": 0.9971899208989199,
      "gae_lambda": 0.8013049243359511,
      "learning_rate": 0.0007920837622491065
    },
    "4": {
      "discount_factor": 0.994867338240472,
      "gae_lambda": 0.9387245658804196,
      "learning_rate": 0.0005177398261350399
    },
    "5": {
      "discount_factor": 0.9987832542969624,
      "gae_lambda": 0.943823137316018,
      "learning_rate": 0.0007873725144025053
    },
    "6": {
      "discount_factor": 0.988329471550618,
      "gae_lambda": 0.8245494736972506,
      "learning_rate": 0.0007920837622491065
    },
    "7": {
      "discount_factor": 0.9799520478982005,
      "gae_lambda": 0.8253409509164087,
      "learning_rate": 0.005973699597788644
    }
  },
  "config_origins": {
    "1": "Initial Design: Sobol",
    "2": "Initial Design: Sobol",
    "3": "Acquisition Function Maximizer: Random Search (sorted)",
    "4": "Acquisition Function Maximizer: Random Search (sorted)",
    "5": "Acquisition Function Maximizer: Local Search",
    "6": "Acquisition Function Maximizer: Local Search",
    "7": "Acquisition Function Maximizer: Local Search"
  }
}