{
  "stats": {
    "submitted": 1,
    "finished": 1,
    "running": 0
  },
  "data": [
    [
      1,
      null,
      74235834,
      3333.333333333333,
      187.51162670109437,
      11.53480839729309,
      1,
      1719525855.832447,
      1719525867.3676143,
      {}
    ]
  ],
  "configs": {
    "1": {
      "discount_factor": 0.9512111534068578,
      "gae_lambda": 0.8737007240485596,
      "learning_rate": 1.5532273131393072e-05
    }
  },
  "config_origins": {
    "1": "Initial Design: Random"
  }
}