{
  "incumbent_ids": [],
  "rejected_config_ids": [],
  "incumbents_changed": 0,
  "trajectory": [],
  "state": {
    "tracker": {
      "0,0": [
        [
          0,
          [
            {
              "discount_factor": 0.9718961465944183,
              "gae_lambda": 0.9941625925421744,
              "learning_rate": 3.1919361309108294e-05
            },
            {
              "discount_factor": 0.9221449924981555,
              "gae_lambda": 0.9717652829168724,
              "learning_rate": 1.4160433484125589e-05
            },
            {
              "discount_factor": 0.9474523748981803,
              "gae_lambda": 0.9270624961384555,
              "learning_rate": 0.008864619392486384
            }
          ]
        ]
      ]
    }
  }
}