{
  "stats": {
    "submitted": 3,
    "finished": 3,
    "running": 0
  },
  "data": [
    [
      1,
      null,
      971623418,
      8333.333333333332,
      -29.825,
      5.235278129577637,
      1,
      1719519353.620876,
      1719519358.8566232,
      {}
    ],
    [
      2,
      null,
      971623418,
      8333.333333333332,
      -24.1,
      4.791539669036865,
      1,
      1719519358.8576887,
      1719519363.6496468,
      {}
    ],
    [
      3,
      null,
      971623418,
      8333.333333333332,
      -141.625,
      5.709390878677368,
      1,
      1719519363.6504607,
      1719519369.360192,
      {}
    ]
  ],
  "configs": {
    "1": {
      "discount_factor": 0.9718961465944183,
      "gae_lambda": 0.9941625925421744,
      "learning_rate": 3.1919361309108294e-05
    },
    "2": {
      "discount_factor": 0.9221449924981555,
      "gae_lambda": 0.9717652829168724,
      "learning_rate": 1.4160433484125589e-05
    },
    "3": {
      "discount_factor": 0.9474523748981803,
      "gae_lambda": 0.9270624961384555,
      "learning_rate": 0.008864619392486384
    }
  },
  "config_origins": {
    "1": "Initial Design: Random",
    "2": "Initial Design: Random",
    "3": "Initial Design: Random"
  }
}