{
  "stats": {
    "submitted": 4,
    "finished": 4,
    "running": 0
  },
  "data": [
    [
      1,
      null,
      521839321,
      25000.0,
      -181.6,
      19.86611318588257,
      1,
      1719483923.7383778,
      1719483943.6048844,
      {}
    ],
    [
      2,
      null,
      521839321,
      25000.0,
      -262.18333333333334,
      24.884514808654785,
      1,
      1719483943.6063745,
      1719483968.4912987,
      {}
    ],
    [
      3,
      null,
      521839321,
      25000.0,
      -314.52500000000003,
      29.583760976791382,
      1,
      1719483968.4930596,
      1719483998.0772617,
      {}
    ],
    [
      4,
      null,
      521839321,
      25000.0,
      -80.97500000000001,
      20.223679065704346,
      1,
      1719483998.078852,
      1719484018.3029697,
      {}
    ]
  ],
  "configs": {
    "1": {
      "discount_factor": 0.9615285181064798,
      "gae_lambda": 0.9568956685111629,
      "learning_rate": 0.00018214075833294496
    },
    "2": {
      "discount_factor": 0.9526502280806101,
      "gae_lambda": 0.8217393850390868,
      "learning_rate": 0.005951922275910569
    },
    "3": {
      "discount_factor": 0.9484536685275036,
      "gae_lambda": 0.8845159343768059,
      "learning_rate": 0.005025069421320101
    },
    "4": {
      "discount_factor": 0.9104467072013485,
      "gae_lambda": 0.9249102026902509,
      "learning_rate": 2.960242448151182e-05
    }
  },
  "config_origins": {
    "1": "Initial Design: Random",
    "2": "Initial Design: Random",
    "3": "Initial Design: Random",
    "4": "Initial Design: Random"
  }
}