{
  "stats": {
    "submitted": 13,
    "finished": 13,
    "running": 0
  },
  "data": [
    [
      1,
      null,
      788060608,
      11111.111111111111,
      18.44025716917363,
      61.510167837142944,
      1,
      1719557461.0588386,
      1719557522.5694027,
      {}
    ],
    [
      2,
      null,
      788060608,
      11111.111111111111,
      182.5179982379538,
      41.35463261604309,
      1,
      1719557522.5707116,
      1719557563.9257364,
      {}
    ],
    [
      3,
      null,
      788060608,
      11111.111111111111,
      110.08968269620037,
      69.92849850654602,
      1,
      1719557563.926745,
      1719557633.855668,
      {}
    ],
    [
      4,
      null,
      788060608,
      11111.111111111111,
      163.43984536874137,
      34.67078971862793,
      1,
      1719557633.8566654,
      1719557668.5278351,
      {}
    ],
    [
      5,
      null,
      788060608,
      11111.111111111111,
      110.81955063853249,
      61.870556354522705,
      1,
      1719557668.5288744,
      1719557730.3998315,
      {}
    ],
    [
      6,
      null,
      788060608,
      11111.111111111111,
      155.64083058391765,
      38.26608371734619,
      1,
      1719557730.4008632,
      1719557768.6673288,
      {}
    ],
    [
      7,
      null,
      788060608,
      11111.111111111111,
      154.57657286417503,
      35.53679609298706,
      1,
      1719557768.6684375,
      1719557804.2056358,
      {}
    ],
    [
      8,
      null,
      788060608,
      11111.111111111111,
      177.66968120210308,
      49.77466368675232,
      1,
      1719557804.2067657,
      1719557853.981832,
      {}
    ],
    [
      9,
      null,
      788060608,
      11111.111111111111,
      80.5124074534953,
      48.463226079940796,
      1,
      1719557853.9829292,
      1719557902.4465375,
      {}
    ],
    [
      1,
      null,
      788060608,
      33333.33333333333,
      56.824929544556696,
      199.5429244041443,
      1,
      1719557902.4484918,
      1719558101.9918156,
      {}
    ],
    [
      9,
      null,
      788060608,
      33333.33333333333,
      -24.871213559038782,
      166.73000049591064,
      1,
      1719558101.9929492,
      1719558268.723345,
      {}
    ],
    [
      3,
      null,
      788060608,
      33333.33333333333,
      116.08770459109493,
      212.74708366394043,
      1,
      1719558268.7244282,
      1719558481.4719121,
      {}
    ],
    [
      9,
      null,
      788060608,
      100000.0,
      57.84228443894959,
      573.495400428772,
      1,
      1719558481.473241,
      1719559054.9690156,
      {}
    ]
  ],
  "configs": {
    "1": {
      "discount_factor": 0.9676649812339537,
      "gae_lambda": 0.9024280089926842,
      "learning_rate": 0.003736771243285979
    },
    "2": {
      "discount_factor": 0.987834042355998,
      "gae_lambda": 0.8220580428795894,
      "learning_rate": 9.27662396436687e-05
    },
    "3": {
      "discount_factor": 0.9393677771679375,
      "gae_lambda": 0.8849248218783268,
      "learning_rate": 0.0025202166267488564
    },
    "4": {
      "discount_factor": 0.9170616787841258,
      "gae_lambda": 0.9874117527908967,
      "learning_rate": 2.3896692280010237e-05
    },
    "5": {
      "discount_factor": 0.9280746478556602,
      "gae_lambda": 0.9621434407651467,
      "learning_rate": 0.0008508653677083341
    },
    "6": {
      "discount_factor": 0.9607128549990053,
      "gae_lambda": 0.9582995236283792,
      "learning_rate": 0.00014897036197243865
    },
    "7": {
      "discount_factor": 0.9772541032005966,
      "gae_lambda": 0.919768283393529,
      "learning_rate": 1.2810128906328773e-05
    },
    "8": {
      "discount_factor": 0.9107199574856772,
      "gae_lambda": 0.9552100247085291,
      "learning_rate": 0.0027906220763678304
    },
    "9": {
      "discount_factor": 0.99718864637209,
      "gae_lambda": 0.935566658521404,
      "learning_rate": 0.000349716188040096
    }
  },
  "config_origins": {
    "1": "Initial Design: Random",
    "2": "Custom",
    "3": "Custom",
    "4": "Custom",
    "5": "Custom",
    "6": "Custom",
    "7": "Custom",
    "8": "Custom",
    "9": "Custom"
  }
}