{
  "incumbent_ids": [
    1
  ],
  "rejected_config_ids": [],
  "incumbents_changed": 1,
  "trajectory": [
    {
      "config_ids": [
        1
      ],
      "costs": [
        -235.53333333333333
      ],
      "trial": 1,
      "walltime": 20.474019765853882
    }
  ],
  "state": {
    "tracker": {
      "0,0": [
        [
          0,
          [
            {
              "discount_factor": 0.9451722852002407,
              "gae_lambda": 0.8432593126525812,
              "learning_rate": 0.0076585748922366765
            }
          ]
        ]
      ]
    },
    "next_bracket": 0
  }
}