{
  "stats": {
    "submitted": 1,
    "finished": 1,
    "running": 0
  },
  "data": [
    [
      1,
      null,
      1959732223,
      25000.0,
      -235.53333333333333,
      20.47237753868103,
      1,
      1719478028.7034094,
      1719478049.1761703,
      {}
    ]
  ],
  "configs": {
    "1": {
      "discount_factor": 0.9451722852002407,
      "gae_lambda": 0.8432593126525812,
      "learning_rate": 0.0076585748922366765
    }
  },
  "config_origins": {
    "1": "Initial Design: Random"
  }
}