{
  "stats": {
    "submitted": 11,
    "finished": 10,
    "running": 1
  },
  "data": [
    [
      1,
      null,
      550013805,
      null,
      696.0690284272098,
      879.1988606452942,
      1,
      1720469625.3858855,
      1720470504.5852604,
      {}
    ],
    [
      2,
      null,
      550013805,
      null,
      811.526327496389,
      946.2723896503448,
      1,
      1720470504.5880382,
      1720471450.8608885,
      {}
    ],
    [
      3,
      null,
      550013805,
      null,
      750.0168058035114,
      885.8109018802643,
      1,
      1720471450.8627145,
      1720472336.6740627,
      {}
    ],
    [
      4,
      null,
      550013805,
      null,
      505.36960863329796,
      796.3382232189178,
      1,
      1720472336.675729,
      1720473133.0144408,
      {}
    ],
    [
      5,
      null,
      550013805,
      null,
      629.6265903341443,
      859.581619977951,
      1,
      1720473133.016286,
      1720473992.5983078,
      {}
    ],
    [
      6,
      null,
      550013805,
      null,
      755.6698420051654,
      891.4883275032043,
      1,
      1720473992.6001623,
      1720474884.0889277,
      {}
    ],
    [
      7,
      null,
      550013805,
      null,
      587.521959007343,
      845.1714198589325,
      1,
      1720474884.0905955,
      1720475729.2624176,
      {}
    ],
    [
      8,
      null,
      550013805,
      null,
      753.2132711903089,
      865.2633430957794,
      1,
      1720475729.2653656,
      1720476594.529433,
      {}
    ],
    [
      9,
      null,
      550013805,
      null,
      844.5478636594664,
      979.0205399990082,
      1,
      1720476594.5324972,
      1720477573.5538044,
      {}
    ],
    [
      10,
      null,
      550013805,
      null,
      698.0623064220259,
      866.7739608287811,
      1,
      1720477573.5556908,
      1720478440.330062,
      {}
    ],
    [
      11,
      null,
      550013805,
      null,
      2147483647.0,
      0.0,
      0,
      0.0,
      0.0,
      {}
    ]
  ],
  "configs": {
    "1": {
      "discount_factor": 0.9632892066137866,
      "gae_lambda": 0.9380752495732159,
      "learning_rate": 0.00011034649785894833
    },
    "2": {
      "discount_factor": 0.9114469301914796,
      "gae_lambda": 0.9705605198442936,
      "learning_rate": 0.0011790699716181896
    },
    "3": {
      "discount_factor": 0.9470608165226877,
      "gae_lambda": 0.9241742967171594,
      "learning_rate": 0.00040514697666536235
    },
    "4": {
      "discount_factor": 0.9771515278313309,
      "gae_lambda": 0.9906890234956518,
      "learning_rate": 0.0032540431853837746
    },
    "5": {
      "discount_factor": 0.9867206234335899,
      "gae_lambda": 0.9042398074362428,
      "learning_rate": 0.0030576598803390967
    },
    "6": {
      "discount_factor": 0.9363738612961024,
      "gae_lambda": 0.9862231923826039,
      "learning_rate": 0.00024776795744120295
    },
    "7": {
      "discount_factor": 0.922487370156683,
      "gae_lambda": 0.9332597248395905,
      "learning_rate": 0.008446946085008723
    },
    "8": {
      "discount_factor": 0.9510825671805069,
      "gae_lambda": 0.9502763428436592,
      "learning_rate": 0.0009108523510638767
    },
    "9": {
      "discount_factor": 0.9609210698576645,
      "gae_lambda": 0.9158173203365877,
      "learning_rate": 0.0074621624122717676
    },
    "10": {
      "discount_factor": 0.9138146892925725,
      "gae_lambda": 0.997800705282949,
      "learning_rate": 0.0006034130084374813
    },
    "11": {
      "discount_factor": 0.9276774294711649,
      "gae_lambda": 0.9448855375684798,
      "learning_rate": 0.0020176437893162725
    }
  },
  "config_origins": {
    "1": "Initial Design: Sobol",
    "2": "Initial Design: Sobol",
    "3": "Initial Design: Sobol",
    "4": "Initial Design: Sobol",
    "5": "Initial Design: Sobol",
    "6": "Initial Design: Sobol",
    "7": "Initial Design: Sobol",
    "8": "Initial Design: Sobol",
    "9": "Initial Design: Sobol",
    "10": "Initial Design: Sobol",
    "11": "Initial Design: Sobol"
  }
}