{
  "stats": {
    "submitted": 16,
    "finished": 15,
    "running": 1
  },
  "data": [
    [
      1,
      null,
      209652396,
      2.7777777777777777,
      0.23093160012380076,
      1.5832970142364502,
      1,
      1719520807.5794082,
      1719520809.1638281,
      {}
    ],
    [
      2,
      null,
      209652396,
      2.7777777777777777,
      0.7100479727638502,
      0.2241678237915039,
      1,
      1719520809.1669946,
      1719520809.3925166,
      {}
    ],
    [
      3,
      null,
      209652396,
      2.7777777777777777,
      0.0628814608480347,
      0.25893688201904297,
      1,
      1719520809.3947482,
      1719520809.6550384,
      {}
    ],
    [
      4,
      null,
      209652396,
      2.7777777777777777,
      0.8992773135252244,
      0.6926751136779785,
      1,
      1719520809.65731,
      1719520810.351308,
      {}
    ],
    [
      5,
      null,
      209652396,
      2.7777777777777777,
      0.8447369235530795,
      0.14166641235351562,
      1,
      1719520810.3537574,
      1719520810.4967747,
      {}
    ],
    [
      6,
      null,
      209652396,
      2.7777777777777777,
      0.07458062519343867,
      0.2353200912475586,
      1,
      1719520810.4983745,
      1719520810.7344792,
      {}
    ],
    [
      7,
      null,
      209652396,
      2.7777777777777777,
      0.14246672856700704,
      0.1514427661895752,
      1,
      1719520810.7370687,
      1719520810.889854,
      {}
    ],
    [
      8,
      null,
      209652396,
      2.7777777777777777,
      0.35391519653358094,
      0.2036573886871338,
      1,
      1719520810.892494,
      1719520811.097479,
      {}
    ],
    [
      9,
      null,
      209652396,
      2.7777777777777777,
      0.36563138347260904,
      0.12290573120117188,
      1,
      1719520811.0992525,
      1719520811.2229817,
      {}
    ],
    [
      3,
      null,
      209652396,
      8.333333333333332,
      0.04953729495512216,
      0.7087783813476562,
      1,
      1719520811.227838,
      1719520811.9379268,
      {}
    ],
    [
      6,
      null,
      209652396,
      8.333333333333332,
      0.04119312906220984,
      0.5861244201660156,
      1,
      1719520811.9513516,
      1719520812.53894,
      {}
    ],
    [
      7,
      null,
      209652396,
      8.333333333333332,
      0.05732281027545638,
      0.42119383811950684,
      1,
      1719520812.541849,
      1719520812.9644153,
      {}
    ],
    [
      6,
      null,
      209652396,
      25.0,
      0.0328334880841844,
      1.6303057670593262,
      1,
      1719520812.9676077,
      1719520814.599281,
      {}
    ],
    [
      10,
      null,
      209652396,
      8.333333333333332,
      0.14800526152893845,
      0.295912504196167,
      1,
      1719520814.885705,
      1719520815.1824305,
      {}
    ],
    [
      11,
      null,
      209652396,
      8.333333333333332,
      0.8992757660167131,
      0.2637662887573242,
      1,
      1719520815.1852891,
      1719520815.4503553,
      {}
    ],
    [
      12,
      null,
      209652396,
      8.333333333333332,
      2147483647.0,
      0.0,
      0,
      0.0,
      0.0,
      {}
    ]
  ],
  "configs": {
    "1": {
      "activation": "tanh",
      "n_layer": 4,
      "n_neurons": 123,
      "solver": "lbfgs"
    },
    "2": {
      "activation": "relu",
      "n_layer": 3,
      "n_neurons": 49,
      "solver": "lbfgs"
    },
    "3": {
      "activation": "tanh",
      "n_layer": 5,
      "n_neurons": 56,
      "solver": "adam",
      "batch_size": 155,
      "learning_rate_init": 0.006677306766018313
    },
    "4": {
      "activation": "tanh",
      "n_layer": 5,
      "n_neurons": 197,
      "solver": "adam",
      "batch_size": 241,
      "learning_rate_init": 0.018781738757161916
    },
    "5": {
      "activation": "tanh",
      "n_layer": 2,
      "n_neurons": 10,
      "solver": "adam",
      "batch_size": 62,
      "learning_rate_init": 0.00011889379831773019
    },
    "6": {
      "activation": "tanh",
      "n_layer": 4,
      "n_neurons": 66,
      "solver": "adam",
      "batch_size": 214,
      "learning_rate_init": 0.005599223654063347
    },
    "7": {
      "activation": "relu",
      "n_layer": 1,
      "n_neurons": 79,
      "solver": "adam",
      "batch_size": 87,
      "learning_rate_init": 0.0018268942281532308
    },
    "8": {
      "activation": "tanh",
      "n_layer": 3,
      "n_neurons": 35,
      "solver": "adam",
      "batch_size": 57,
      "learning_rate_init": 0.00044181257379025503
    },
    "9": {
      "activation": "tanh",
      "n_layer": 2,
      "n_neurons": 39,
      "solver": "lbfgs"
    },
    "10": {
      "activation": "relu",
      "n_layer": 2,
      "n_neurons": 48,
      "solver": "lbfgs"
    },
    "11": {
      "activation": "logistic",
      "n_layer": 5,
      "n_neurons": 23,
      "solver": "sgd",
      "batch_size": 188,
      "learning_rate": "constant",
      "learning_rate_init": 0.06279384856082841
    },
    "12": {
      "activation": "relu",
      "n_layer": 2,
      "n_neurons": 55,
      "solver": "lbfgs"
    }
  },
  "config_origins": {
    "1": "Initial Design: Random",
    "2": "Initial Design: Random",
    "3": "Initial Design: Random",
    "4": "Initial Design: Random",
    "5": "Initial Design: Random",
    "6": "Custom",
    "7": "Custom",
    "8": "Custom",
    "9": "Custom",
    "10": "Acquisition Function Maximizer: Random Search (sorted)",
    "11": "Acquisition Function Maximizer: Random Search (sorted)",
    "12": "Acquisition Function Maximizer: Random Search (sorted)"
  }
}