{
  "stats": {
    "submitted": 2,
    "finished": 1,
    "running": 1
  },
  "data": [
    [
      1,
      null,
      1772924811,
      null,
      -100.72760736196318,
      23.978756189346313,
      1,
      1720294822.0720837,
      1720294846.0512826,
      {}
    ],
    [
      2,
      null,
      1772924811,
      null,
      2147483647.0,
      0.0,
      0,
      0.0,
      0.0,
      {}
    ]
  ],
  "configs": {
    "1": {
      "discount_factor": 0.9011956158075481,
      "gae_lambda": 0.9234934466583654,
      "learning_rate": 0.007307278443080037
    },
    "2": {
      "discount_factor": 0.9945082852263003,
      "gae_lambda": 0.9562477587042376,
      "learning_rate": 0.0009093119336815612
    }
  },
  "config_origins": {
    "1": "Initial Design: Sobol",
    "2": "Initial Design: Sobol"
  }
}