{
  "stats": {
    "submitted": 3,
    "finished": 3,
    "running": 0
  },
  "data": [
    [
      1,
      null,
      1468956288,
      2500.0,
      112.83889914300534,
      7.957958936691284,
      1,
      1719578130.6595545,
      1719578138.617897,
      {}
    ],
    [
      2,
      null,
      1468956288,
      2500.0,
      154.3449851945712,
      8.381141901016235,
      1,
      1719578138.6207542,
      1719578147.0024304,
      {}
    ],
    [
      3,
      null,
      1468956288,
      2500.0,
      201.09704156814155,
      7.490065097808838,
      1,
      1719578147.0036824,
      1719578154.4941583,
      {}
    ]
  ],
  "configs": {
    "1": {
      "discount_factor": 0.9833597860183848,
      "gae_lambda": 0.8741150906144869,
      "learning_rate": 0.0010061390992336953
    },
    "2": {
      "discount_factor": 0.9539728509859812,
      "gae_lambda": 0.8743995883189127,
      "learning_rate": 0.0011943660260519031
    },
    "3": {
      "discount_factor": 0.9772890849222107,
      "gae_lambda": 0.969842529434048,
      "learning_rate": 1.857157421471536e-05
    }
  },
  "config_origins": {
    "1": "Initial Design: Random",
    "2": "Initial Design: Random",
    "3": "Initial Design: Random"
  }
}