{
  "incumbent_ids": [
    2
  ],
  "rejected_config_ids": [
    1
  ],
  "incumbents_changed": 2,
  "trajectory": [
    {
      "config_ids": [
        1
      ],
      "costs": [
        171.96468104524638
      ],
      "trial": 1,
      "walltime": 2.650984525680542
    },
    {
      "config_ids": [
        2
      ],
      "costs": [
        138.06046773488836
      ],
      "trial": 2,
      "walltime": 4.997183561325073
    }
  ],
  "state": {
    "tracker": {
      "0,0": [
        [
          0,
          [
            {
              "discount_factor": 0.9884819141632235,
              "gae_lambda": 0.9860851008165405,
              "learning_rate": 0.007968623154612345
            }
          ]
        ]
      ]
    }
  }
}