{
  "stats": {
    "submitted": 5,
    "finished": 5,
    "running": 0
  },
  "data": [
    [
      1,
      null,
      159094923,
      1000.0,
      171.96468104524638,
      2.6494035720825195,
      1,
      1719526584.2975392,
      1719526586.9473042,
      {}
    ],
    [
      2,
      null,
      159094923,
      1000.0,
      138.06046773488836,
      2.276613473892212,
      1,
      1719526587.0165133,
      1719526589.2934992,
      {}
    ],
    [
      3,
      null,
      159094923,
      1000.0,
      210.8468566393151,
      2.2973384857177734,
      1,
      1719526589.2948165,
      1719526591.5925205,
      {}
    ],
    [
      4,
      null,
      159094923,
      1000.0,
      237.3337718354378,
      2.2508323192596436,
      1,
      1719526591.5936515,
      1719526593.844851,
      {}
    ],
    [
      5,
      null,
      159094923,
      1000.0,
      157.5053813255898,
      2.217916965484619,
      1,
      1719526593.8460562,
      1719526596.0643446,
      {}
    ]
  ],
  "configs": {
    "1": {
      "discount_factor": 0.9531671751472051,
      "gae_lambda": 0.9235446445680638,
      "learning_rate": 0.004085419731065997
    },
    "2": {
      "discount_factor": 0.9823123981869593,
      "gae_lambda": 0.8195838381253727,
      "learning_rate": 0.0054507064075964284
    },
    "3": {
      "discount_factor": 0.9153804486470383,
      "gae_lambda": 0.91774191543905,
      "learning_rate": 0.00018859334181741666
    },
    "4": {
      "discount_factor": 0.9031925144011934,
      "gae_lambda": 0.8788476033851831,
      "learning_rate": 0.008277078726288325
    },
    "5": {
      "discount_factor": 0.9884819141632235,
      "gae_lambda": 0.9860851008165405,
      "learning_rate": 0.007968623154612345
    }
  },
  "config_origins": {
    "1": "Initial Design: Random",
    "2": "Acquisition Function Maximizer: Random Search (sorted)",
    "3": "Acquisition Function Maximizer: Random Search (sorted)",
    "4": "Acquisition Function Maximizer: Random Search (sorted)",
    "5": "Acquisition Function Maximizer: Random Search (sorted)"
  }
}