{
  "stats": {
    "submitted": 1,
    "finished": 1,
    "running": 0
  },
  "data": [
    [
      1,
      null,
      1809989117,
      8333.333333333332,
      -264.2,
      7.136995553970337,
      1,
      1719519802.2862024,
      1719519809.423558,
      {}
    ]
  ],
  "configs": {
    "1": {
      "discount_factor": 0.9912206715509203,
      "gae_lambda": 0.8977859188415925,
      "learning_rate": 0.001338542986692009
    }
  },
  "config_origins": {
    "1": "Initial Design: Random"
  }
}