{
  "incumbent_ids": [
    4
  ],
  "rejected_config_ids": [
    1,
    2
  ],
  "incumbents_changed": 3,
  "trajectory": [
    {
      "config_ids": [
        1
      ],
      "costs": [
        -130.18947368421053
      ],
      "trial": 1,
      "walltime": 14.852435111999512
    },
    {
      "config_ids": [
        2
      ],
      "costs": [
        -207.62105263157892
      ],
      "trial": 2,
      "walltime": 30.796351432800293
    },
    {
      "config_ids": [
        4
      ],
      "costs": [
        -358.57894736842104
      ],
      "trial": 4,
      "walltime": 69.34338998794556
    }
  ],
  "state": {
    "queue": [
      [
        11,
        1
      ]
    ]
  }
}