{
  "stats": {
    "submitted": 11,
    "finished": 11,
    "running": 0
  },
  "data": [
    [
      1,
      null,
      889829999,
      null,
      -130.18947368421053,
      14.850136518478394,
      1,
      1719694231.7776701,
      1719694246.628206,
      {}
    ],
    [
      2,
      null,
      889829999,
      null,
      -207.62105263157892,
      15.940659284591675,
      1,
      1719694246.6311243,
      1719694262.5723422,
      {}
    ],
    [
      3,
      null,
      889829999,
      null,
      -110.50526315789473,
      16.29407048225403,
      1,
      1719694262.5749161,
      1719694278.869552,
      {}
    ],
    [
      4,
      null,
      889829999,
      null,
      -358.57894736842104,
      22.247856616973877,
      1,
      1719694278.8712578,
      1719694301.1195524,
      {}
    ],
    [
      5,
      null,
      889829999,
      null,
      -252.7263157894737,
      19.863213777542114,
      1,
      1719694301.1221457,
      1719694320.986002,
      {}
    ],
    [
      6,
      null,
      889829999,
      null,
      -180.65263157894734,
      17.748406410217285,
      1,
      1719694320.987772,
      1719694338.7365994,
      {}
    ],
    [
      7,
      null,
      889829999,
      null,
      -228.10526315789474,
      19.079668283462524,
      1,
      1719694338.7391276,
      1719694357.8192172,
      {}
    ],
    [
      8,
      null,
      889829999,
      null,
      -35.315789473684205,
      14.388834238052368,
      1,
      1719694357.8210757,
      1719694372.210337,
      {}
    ],
    [
      9,
      null,
      889829999,
      null,
      -276.6105263157895,
      20.397537231445312,
      1,
      1719694372.212309,
      1719694392.6103063,
      {}
    ],
    [
      10,
      null,
      889829999,
      null,
      -32.136842105263156,
      14.477276802062988,
      1,
      1719694392.6130443,
      1719694407.0907547,
      {}
    ],
    [
      11,
      null,
      889829999,
      null,
      -182.09473684210528,
      18.323158025741577,
      1,
      1719694407.0928102,
      1719694425.4163957,
      {}
    ]
  ],
  "configs": {
    "1": {
      "discount_factor": 0.9673525660783052,
      "gae_lambda": 0.8091411881195382,
      "learning_rate": 9.714319076843421e-05
    },
    "2": {
      "discount_factor": 0.9411592961624264,
      "gae_lambda": 0.9696054301140831,
      "learning_rate": 0.007797615105071315
    },
    "3": {
      "discount_factor": 0.9097606494063512,
      "gae_lambda": 0.8908340738322587,
      "learning_rate": 5.2111189142321396e-05
    },
    "4": {
      "discount_factor": 0.9856488379994407,
      "gae_lambda": 0.9284315543808044,
      "learning_rate": 0.0007429792765819621
    },
    "5": {
      "discount_factor": 0.9885981012051925,
      "gae_lambda": 0.8618926434163005,
      "learning_rate": 0.0029073598329931514
    },
    "6": {
      "discount_factor": 0.9129047649046407,
      "gae_lambda": 0.92316988055408,
      "learning_rate": 0.0002092519716797032
    },
    "7": {
      "discount_factor": 0.9317312643025071,
      "gae_lambda": 0.8377212766343728,
      "learning_rate": 0.0015683514135537628
    },
    "8": {
      "discount_factor": 0.9581194219160825,
      "gae_lambda": 0.9752284458419308,
      "learning_rate": 2.009638145948783e-05
    },
    "9": {
      "discount_factor": 0.9511596632050351,
      "gae_lambda": 0.8819013894461095,
      "learning_rate": 0.001014064323323739
    },
    "10": {
      "discount_factor": 0.9247715232940391,
      "gae_lambda": 0.943570857597515,
      "learning_rate": 1.2980223491562944e-05
    },
    "11": {
      "discount_factor": 0.9198646209798753,
      "gae_lambda": 0.8173086695624516,
      "learning_rate": 0.0018897702736605558
    }
  },
  "config_origins": {
    "1": "Initial Design: Sobol",
    "2": "Initial Design: Sobol",
    "3": "Initial Design: Sobol",
    "4": "Initial Design: Sobol",
    "5": "Initial Design: Sobol",
    "6": "Initial Design: Sobol",
    "7": "Initial Design: Sobol",
    "8": "Initial Design: Sobol",
    "9": "Initial Design: Sobol",
    "10": "Initial Design: Sobol",
    "11": "Initial Design: Sobol"
  }
}