{
  "incumbent_ids": [
    1
  ],
  "rejected_config_ids": [],
  "incumbents_changed": 1,
  "trajectory": [
    {
      "config_ids": [
        1
      ],
      "costs": [
        -392.925
      ],
      "trial": 1,
      "walltime": 26.858105182647705
    }
  ],
  "state": {
    "tracker": {
      "0,0": [
        [
          0,
          [
            {
              "discount_factor": 0.9559908630612151,
              "gae_lambda": 0.9062452945175452,
              "learning_rate": 0.0006858676562065234
            }
          ]
        ]
      ]
    },
    "next_bracket": 0
  }
}