{
  "stats": {
    "submitted": 1,
    "finished": 1,
    "running": 0
  },
  "data": [
    [
      1,
      null,
      281596415,
      25000.0,
      -392.925,
      26.85641884803772,
      1,
      1719478401.6590257,
      1719478428.5158648,
      {}
    ]
  ],
  "configs": {
    "1": {
      "discount_factor": 0.9559908630612151,
      "gae_lambda": 0.9062452945175452,
      "learning_rate": 0.0006858676562065234
    }
  },
  "config_origins": {
    "1": "Initial Design: Random"
  }
}