{
  "stats": {
    "submitted": 1,
    "finished": 1,
    "running": 0
  },
  "data": [
    [
      1,
      null,
      136432583,
      11111.111111111111,
      87.68502252232061,
      50.83518624305725,
      1,
      1719525657.4525032,
      1719525708.288393,
      {}
    ]
  ],
  "configs": {
    "1": {
      "discount_factor": 0.9031448028209723,
      "gae_lambda": 0.8252677139082426,
      "learning_rate": 0.0010585294954634724
    }
  },
  "config_origins": {
    "1": "Initial Design: Random"
  }
}