{
  "stats": {
    "submitted": 1,
    "finished": 1,
    "running": 0
  },
  "data": [
    [
      1,
      null,
      614429481,
      null,
      -55.028571428571425,
      5.23408579826355,
      1,
      1713887415.872379,
      1713887421.107077,
      {}
    ]
  ],
  "configs": {
    "1": {
      "discount_factor": 0.9620997343389317,
      "gae_lambda": 0.8810485350228846,
      "learning_rate": 9.943925048155264e-05
    }
  },
  "config_origins": {
    "1": "Initial Design: Sobol"
  }
}