{
  "incumbent_ids": [
    1
  ],
  "rejected_config_ids": [],
  "incumbents_changed": 1,
  "trajectory": [
    {
      "config_ids": [
        1
      ],
      "costs": [
        -220.375
      ],
      "trial": 1,
      "walltime": 19.486243963241577
    }
  ],
  "state": {
    "tracker": {
      "0,0": [
        [
          0,
          [
            {
              "discount_factor": 0.9237890478095037,
              "gae_lambda": 0.8735067217206224,
              "learning_rate": 0.00011758485189552029
            }
          ]
        ]
      ]
    },
    "next_bracket": 0
  }
}