{
  "stats": {
    "submitted": 1,
    "finished": 1,
    "running": 0
  },
  "data": [
    [
      1,
      null,
      1032052321,
      15.0,
      -220.375,
      19.484548091888428,
      1,
      1719479409.618202,
      1719479429.1031785,
      {}
    ]
  ],
  "configs": {
    "1": {
      "discount_factor": 0.9237890478095037,
      "gae_lambda": 0.8735067217206224,
      "learning_rate": 0.00011758485189552029
    }
  },
  "config_origins": {
    "1": "Initial Design: Random"
  }
}