{
  "stats": {
    "submitted": 9,
    "finished": 8,
    "running": 1
  },
  "data": [
    [
      1,
      null,
      146015263,
      2.6666666666666665,
      228.42917809334605,
      375.1081807613373,
      1,
      1719907748.025386,
      1719908123.1339679,
      {}
    ],
    [
      2,
      null,
      146015263,
      2.6666666666666665,
      167.0670693797554,
      365.1103286743164,
      1,
      1719908123.1358407,
      1719908488.2469082,
      {}
    ],
    [
      3,
      null,
      146015263,
      2.6666666666666665,
      158.98143559751867,
      351.95284271240234,
      1,
      1719908488.2480402,
      1719908840.2013407,
      {}
    ],
    [
      3,
      null,
      146015263,
      8.0,
      172.29946509816457,
      684.1809933185577,
      1,
      1719908840.2033672,
      1719909524.385084,
      {}
    ],
    [
      4,
      null,
      146015263,
      8.0,
      238.523168756102,
      426.6442620754242,
      1,
      1719909524.3865027,
      1719909951.0311942,
      {}
    ],
    [
      5,
      null,
      146015263,
      8.0,
      145.73080161575373,
      585.6039516925812,
      1,
      1719909951.0326366,
      1719910536.6370056,
      {}
    ],
    [
      6,
      null,
      146015263,
      2.6666666666666665,
      159.89431296534735,
      360.84201288223267,
      1,
      1719910536.7701185,
      1719910897.6125379,
      {}
    ],
    [
      7,
      null,
      146015263,
      2.6666666666666665,
      148.6230498398816,
      326.6244170665741,
      1,
      1719910897.613919,
      1719911224.2387936,
      {}
    ],
    [
      8,
      null,
      146015263,
      2.6666666666666665,
      2147483647.0,
      0.0,
      0,
      0.0,
      0.0,
      {}
    ]
  ],
  "configs": {
    "1": {
      "discount_factor": 0.9033656852567045,
      "gae_lambda": 0.8248544656619656,
      "learning_rate": 0.0001234197137323237
    },
    "2": {
      "discount_factor": 0.9358310439528719,
      "gae_lambda": 0.8627713634772682,
      "learning_rate": 0.00030090269046011435
    },
    "3": {
      "discount_factor": 0.9330875436515734,
      "gae_lambda": 0.9390538814361609,
      "learning_rate": 0.0005216841469211946
    },
    "4": {
      "discount_factor": 0.9125897867534376,
      "gae_lambda": 0.9733954069812686,
      "learning_rate": 0.00666180531088771
    },
    "5": {
      "discount_factor": 0.9546297026808435,
      "gae_lambda": 0.9851866685001598,
      "learning_rate": 0.0002083396500800582
    },
    "6": {
      "discount_factor": 0.9405824777391985,
      "gae_lambda": 0.810832903590644,
      "learning_rate": 5.247073358444582e-05
    },
    "7": {
      "discount_factor": 0.9406665055497204,
      "gae_lambda": 0.8962859994867931,
      "learning_rate": 3.325062566856088e-05
    },
    "8": {
      "discount_factor": 0.9195189169218041,
      "gae_lambda": 0.8282420348729443,
      "learning_rate": 0.00017748891643938673
    }
  },
  "config_origins": {
    "1": "Initial Design: Random",
    "2": "Initial Design: Random",
    "3": "Initial Design: Random",
    "4": "Initial Design: Random",
    "5": "Initial Design: Random",
    "6": "Acquisition Function Maximizer: Random Search (sorted)",
    "7": "Acquisition Function Maximizer: Random Search (sorted)",
    "8": "Acquisition Function Maximizer: Local Search"
  }
}