{
  "stats": {
    "submitted": 1,
    "finished": 1,
    "running": 0
  },
  "data": [
    [
      1,
      null,
      1754137118,
      10000.0,
      221.32305214311884,
      8.285583257675171,
      1,
      1718788776.6806092,
      1718788784.966945,
      {}
    ]
  ],
  "configs": {
    "1": {
      "discount_factor": 0.9899332700027257,
      "gae_lambda": 0.8711205246398601,
      "learning_rate": 0.00011816593862839256
    }
  },
  "config_origins": {
    "1": "Initial Design: Random"
  }
}