{
  "stats": {
    "submitted": 6,
    "finished": 6,
    "running": 0
  },
  "data": [
    [
      1,
      null,
      1684622686,
      1.1111111111111112,
      -156.06317345978786,
      32.60828685760498,
      1,
      1720468887.7910738,
      1720468920.3997655,
      {}
    ],
    [
      2,
      null,
      1684622686,
      1.1111111111111112,
      -412.4952800973257,
      15.68179440498352,
      1,
      1720468920.4018288,
      1720468936.0843215,
      {}
    ],
    [
      3,
      null,
      1684622686,
      1.1111111111111112,
      -240.15081113909116,
      44.86616921424866,
      1,
      1720468936.0859106,
      1720468980.9527667,
      {}
    ],
    [
      4,
      null,
      1684622686,
      1.1111111111111112,
      -146.3047930303167,
      29.946863412857056,
      1,
      1720468980.9539678,
      1720469010.9012845,
      {}
    ],
    [
      5,
      null,
      1684622686,
      1.1111111111111112,
      -137.96293328394654,
      28.427873849868774,
      1,
      1720469010.902442,
      1720469039.3307195,
      {}
    ],
    [
      6,
      null,
      1684622686,
      1.1111111111111112,
      -170.16238533473407,
      34.89813446998596,
      1,
      1720469039.3320427,
      1720469074.2305868,
      {}
    ]
  ],
  "configs": {
    "1": {
      "discount_factor": 0.9883309465039832,
      "gae_lambda": 0.9138041880533567,
      "learning_rate": 0.00019615748125027685
    },
    "2": {
      "discount_factor": 0.9857342818162808,
      "gae_lambda": 0.9239174299667668,
      "learning_rate": 0.00043961823571846695
    },
    "3": {
      "discount_factor": 0.9170240110179766,
      "gae_lambda": 0.9545915653421909,
      "learning_rate": 0.004883465322532102
    },
    "4": {
      "discount_factor": 0.9387740238901857,
      "gae_lambda": 0.926363262939889,
      "learning_rate": 0.0001407363986457768
    },
    "5": {
      "discount_factor": 0.9531572039135568,
      "gae_lambda": 0.9185504353213648,
      "learning_rate": 0.004133118682971138
    },
    "6": {
      "discount_factor": 0.978233188332345,
      "gae_lambda": 0.9936204151633777,
      "learning_rate": 0.00044754151678365475
    }
  },
  "config_origins": {
    "1": "Initial Design: Random",
    "2": "Initial Design: Random",
    "3": "Initial Design: Random",
    "4": "Initial Design: Random",
    "5": "Initial Design: Random",
    "6": "Custom"
  }
}