{
  "stats": {
    "submitted": 1,
    "finished": 1,
    "running": 0
  },
  "data": [
    [
      1,
      null,
      117265158,
      10000.0,
      112.13050605069813,
      8.000858545303345,
      1,
      1718817362.3341951,
      1718817370.3354623,
      {}
    ]
  ],
  "configs": {
    "1": {
      "discount_factor": 0.9522029896438405,
      "gae_lambda": 0.8386613195755052,
      "learning_rate": 0.001073540830779072
    }
  },
  "config_origins": {
    "1": "Initial Design: Random"
  }
}