{
  "stats": {
    "submitted": 3,
    "finished": 2,
    "running": 1
  },
  "data": [
    [
      1,
      null,
      870247259,
      15000.0,
      166.1482220705458,
      12.821155548095703,
      1,
      1719580184.5862455,
      1719580197.407768,
      {}
    ],
    [
      2,
      null,
      870247259,
      15000.0,
      120.34317647043328,
      13.626208543777466,
      1,
      1719580197.4091468,
      1719580211.0357382,
      {}
    ],
    [
      3,
      null,
      870247259,
      15000.0,
      2147483647.0,
      0.0,
      0,
      0.0,
      0.0,
      {}
    ]
  ],
  "configs": {
    "1": {
      "discount_factor": 0.9695594024000106,
      "gae_lambda": 0.9016939967026565,
      "learning_rate": 0.0009093980943493116
    },
    "2": {
      "discount_factor": 0.9781836092078284,
      "gae_lambda": 0.8823060551351536,
      "learning_rate": 0.0030053315147362107
    },
    "3": {
      "discount_factor": 0.9954779235394168,
      "gae_lambda": 0.9928554864970378,
      "learning_rate": 0.0020567229857955433
    }
  },
  "config_origins": {
    "1": "Initial Design: Random",
    "2": "Initial Design: Random",
    "3": "Initial Design: Random"
  }
}