{
  "stats": {
    "submitted": 1,
    "finished": 0,
    "running": 1
  },
  "data": [
    [
      1,
      null,
      1285410695,
      15000.0,
      2147483647.0,
      0.0,
      0,
      0.0,
      0.0,
      {}
    ]
  ],
  "configs": {
    "1": {
      "discount_factor": 0.9296290171732783,
      "gae_lambda": 0.9107738218976053,
      "learning_rate": 1.2473244057664758e-05
    }
  },
  "config_origins": {
    "1": "Initial Design: Random"
  }
}