{
  "stats": {
    "submitted": 2,
    "finished": 2,
    "running": 0
  },
  "data": [
    [
      1,
      null,
      264317956,
      8333.333333333332,
      -177.9,
      7.47420334815979,
      1,
      1719520147.22198,
      1719520154.6966112,
      {}
    ],
    [
      2,
      null,
      264317956,
      8333.333333333332,
      -54.3,
      5.9594621658325195,
      1,
      1719520154.6981478,
      1719520160.6581025,
      {}
    ]
  ],
  "configs": {
    "1": {
      "discount_factor": 0.9555925911881793,
      "gae_lambda": 0.9410477949410483,
      "learning_rate": 0.0020308480122654834
    },
    "2": {
      "discount_factor": 0.9704511082339712,
      "gae_lambda": 0.8361131943277517,
      "learning_rate": 0.00011604345648634716
    }
  },
  "config_origins": {
    "1": "Initial Design: Random",
    "2": "Initial Design: Random"
  }
}