{
  "incumbent_ids": [],
  "rejected_config_ids": [],
  "incumbents_changed": 0,
  "trajectory": [],
  "state": {
    "tracker": {
      "0,0": [
        [
          0,
          [
            {
              "discount_factor": 0.9539325661712058,
              "gae_lambda": 0.8380219514256044,
              "learning_rate": 2.949310030880762e-05
            },
            {
              "discount_factor": 0.9052368213951009,
              "gae_lambda": 0.8351450601976054,
              "learning_rate": 0.0026573810994541466
            },
            {
              "discount_factor": 0.9168271010644402,
              "gae_lambda": 0.9711058688553615,
              "learning_rate": 2.4129186452720016e-05
            }
          ]
        ]
      ]
    },
    "next_bracket": 1
  }
}