{
  "stats": {
    "submitted": 2,
    "finished": 2,
    "running": 0
  },
  "data": [
    [
      1,
      null,
      192300275,
      8333.333333333332,
      -25.275,
      5.2670629024505615,
      1,
      1719485286.760877,
      1719485292.0283167,
      {}
    ],
    [
      2,
      null,
      192300275,
      8333.333333333332,
      -160.85,
      6.026850700378418,
      1,
      1719485292.0295904,
      1719485298.0568445,
      {}
    ]
  ],
  "configs": {
    "1": {
      "discount_factor": 0.9539325661712058,
      "gae_lambda": 0.8380219514256044,
      "learning_rate": 2.949310030880762e-05
    },
    "2": {
      "discount_factor": 0.9052368213951009,
      "gae_lambda": 0.8351450601976054,
      "learning_rate": 0.0026573810994541466
    }
  },
  "config_origins": {
    "1": "Initial Design: Random",
    "2": "Initial Design: Random"
  }
}