{
  "stats": {
    "submitted": 9,
    "finished": 9,
    "running": 0
  },
  "data": [
    [
      1,
      null,
      1603093705,
      8333.333333333332,
      -164.4,
      6.391029596328735,
      1,
      1719487274.8807187,
      1719487281.2721133,
      {}
    ],
    [
      2,
      null,
      1603093705,
      8333.333333333332,
      -229.95,
      6.595710277557373,
      1,
      1719487281.2733364,
      1719487287.8694432,
      {}
    ],
    [
      3,
      null,
      1603093705,
      8333.333333333332,
      -76.325,
      5.302418947219849,
      1,
      1719487287.8704515,
      1719487293.1732492,
      {}
    ],
    [
      2,
      null,
      1603093705,
      25000.0,
      -204.8166666666667,
      19.334577083587646,
      1,
      1719487293.1744688,
      1719487312.5094457,
      {}
    ],
    [
      4,
      null,
      1603093705,
      25000.0,
      -395.075,
      25.05826473236084,
      1,
      1719487312.5951154,
      1719487337.6537738,
      {}
    ],
    [
      5,
      null,
      1603093705,
      25000.0,
      -329.4083333333333,
      23.517005443572998,
      1,
      1719487337.655339,
      1719487361.1727448,
      {}
    ],
    [
      6,
      null,
      1603093705,
      8333.333333333332,
      -120.45,
      5.955238580703735,
      1,
      1719487361.1742718,
      1719487367.1299005,
      {}
    ],
    [
      7,
      null,
      1603093705,
      8333.333333333332,
      -207.925,
      6.759869813919067,
      1,
      1719487367.1311665,
      1719487373.8914323,
      {}
    ],
    [
      8,
      null,
      1603093705,
      8333.333333333332,
      -49.825,
      5.313931465148926,
      1,
      1719487373.8926804,
      1719487379.207008,
      {}
    ]
  ],
  "configs": {
    "1": {
      "discount_factor": 0.9864516845942443,
      "gae_lambda": 0.9485770947106129,
      "learning_rate": 0.004763597809079053
    },
    "2": {
      "discount_factor": 0.9471884232523324,
      "gae_lambda": 0.8150888990449423,
      "learning_rate": 0.0015195672985519571
    },
    "3": {
      "discount_factor": 0.9562391039717525,
      "gae_lambda": 0.9952621779478714,
      "learning_rate": 0.00011433491626141869
    },
    "4": {
      "discount_factor": 0.9873135635838273,
      "gae_lambda": 0.9243146692782229,
      "learning_rate": 0.0010711040033395504
    },
    "5": {
      "discount_factor": 0.9064656510414364,
      "gae_lambda": 0.9635366001639516,
      "learning_rate": 0.0025860711092079982
    },
    "6": {
      "discount_factor": 0.9490956001612834,
      "gae_lambda": 0.8654913204193885,
      "learning_rate": 0.0004132393434278299
    },
    "7": {
      "discount_factor": 0.9118396610548369,
      "gae_lambda": 0.8502999082027974,
      "learning_rate": 0.0018550255370020224
    },
    "8": {
      "discount_factor": 0.9473258583670181,
      "gae_lambda": 0.8390713768500225,
      "learning_rate": 7.238198113660186e-05
    }
  },
  "config_origins": {
    "1": "Initial Design: Random",
    "2": "Initial Design: Random",
    "3": "Custom",
    "4": "Acquisition Function Maximizer: Random Search (sorted)",
    "5": "Acquisition Function Maximizer: Random Search (sorted)",
    "6": "Acquisition Function Maximizer: Random Search (sorted)",
    "7": "Acquisition Function Maximizer: Random Search (sorted)",
    "8": "Acquisition Function Maximizer: Random Search (sorted)"
  }
}