{
  "stats": {
    "submitted": 3,
    "finished": 2,
    "running": 1
  },
  "data": [
    [
      1,
      null,
      1195581419,
      2.2222222222222223,
      250.66919357036946,
      1641.0731060504913,
      1,
      1719869469.589521,
      1719871110.663041,
      {}
    ],
    [
      2,
      null,
      1195581419,
      2.2222222222222223,
      164.73401098503606,
      1511.2594621181488,
      1,
      1719871110.6658518,
      1719872621.9262836,
      {}
    ],
    [
      3,
      null,
      1195581419,
      2.2222222222222223,
      2147483647.0,
      0.0,
      0,
      0.0,
      0.0,
      {}
    ]
  ],
  "configs": {
    "1": {
      "discount_factor": 0.9770584315001561,
      "gae_lambda": 0.8222635906339857,
      "learning_rate": 1.1086325011613914e-05
    },
    "2": {
      "discount_factor": 0.9895279238885297,
      "gae_lambda": 0.8919546177570639,
      "learning_rate": 1.588127038496715e-05
    },
    "3": {
      "discount_factor": 0.9006142955846846,
      "gae_lambda": 0.9834320284500734,
      "learning_rate": 2.3148766174996653e-05
    }
  },
  "config_origins": {
    "1": "Initial Design: Random",
    "2": "Initial Design: Random",
    "3": "Initial Design: Random"
  }
}