{
  "incumbent_ids": [
    2
  ],
  "rejected_config_ids": [
    1
  ],
  "incumbents_changed": 2,
  "trajectory": [
    {
      "config_ids": [
        1
      ],
      "costs": [
        187.87225814655238
      ],
      "trial": 1,
      "walltime": 15.180300235748291
    },
    {
      "config_ids": [
        2
      ],
      "costs": [
        126.57869442974062
      ],
      "trial": 2,
      "walltime": 34.142003297805786
    }
  ],
  "state": {
    "tracker": {
      "0,0": [
        [
          0,
          [
            {
              "discount_factor": 0.9916719396875107,
              "gae_lambda": 0.8261095766070137,
              "learning_rate": 2.4485905709361924e-05
            }
          ]
        ]
      ]
    },
    "next_bracket": 0
  }
}