{
  "stats": {
    "submitted": 5,
    "finished": 4,
    "running": 1
  },
  "data": [
    [
      1,
      null,
      1333118327,
      15000.0,
      187.87225814655238,
      15.177823066711426,
      1,
      1719578503.560791,
      1719578518.7392037,
      {}
    ],
    [
      2,
      null,
      1333118327,
      15000.0,
      126.57869442974062,
      18.95829176902771,
      1,
      1719578518.7414002,
      1719578537.7004116,
      {}
    ],
    [
      3,
      null,
      1333118327,
      15000.0,
      178.52598031369206,
      14.746782302856445,
      1,
      1719578537.7033458,
      1719578552.450783,
      {}
    ],
    [
      4,
      null,
      1333118327,
      15000.0,
      161.15921613918357,
      14.342041969299316,
      1,
      1719578552.4542315,
      1719578566.7971642,
      {}
    ],
    [
      5,
      null,
      1333118327,
      15000.0,
      2147483647.0,
      0.0,
      0,
      0.0,
      0.0,
      {}
    ]
  ],
  "configs": {
    "1": {
      "discount_factor": 0.9307286887447895,
      "gae_lambda": 0.9536528254622811,
      "learning_rate": 0.0001945416576081488
    },
    "2": {
      "discount_factor": 0.9496732021933901,
      "gae_lambda": 0.8529859301328384,
      "learning_rate": 0.0024320882506536955
    },
    "3": {
      "discount_factor": 0.9247521683342443,
      "gae_lambda": 0.8688841368050939,
      "learning_rate": 0.0001463119483704928
    },
    "4": {
      "discount_factor": 0.973589712612811,
      "gae_lambda": 0.864950193658419,
      "learning_rate": 1.9080489931450607e-05
    },
    "5": {
      "discount_factor": 0.9916719396875107,
      "gae_lambda": 0.8261095766070137,
      "learning_rate": 2.4485905709361924e-05
    }
  },
  "config_origins": {
    "1": "Initial Design: Random",
    "2": "Initial Design: Random",
    "3": "Initial Design: Random",
    "4": "Initial Design: Random",
    "5": "Initial Design: Random"
  }
}