{
  "incumbent_ids": [
    7
  ],
  "rejected_config_ids": [
    1,
    3
  ],
  "incumbents_changed": 3,
  "trajectory": [
    {
      "config_ids": [
        1
      ],
      "costs": [
        -125.41234567901236
      ],
      "trial": 1,
      "walltime": 16.057151556015015
    },
    {
      "config_ids": [
        3
      ],
      "costs": [
        -202.2938271604938
      ],
      "trial": 3,
      "walltime": 46.42130494117737
    },
    {
      "config_ids": [
        7
      ],
      "costs": [
        -208.0592592592593
      ],
      "trial": 7,
      "walltime": 117.26701331138611
    }
  ],
  "state": {
    "queue": [
      [
        8,
        1
      ]
    ]
  }
}