{
  "stats": {
    "submitted": 8,
    "finished": 8,
    "running": 0
  },
  "data": [
    [
      1,
      null,
      1857828119,
      null,
      -125.41234567901236,
      16.054083824157715,
      1,
      1720294890.3154695,
      1720294906.3700094,
      {}
    ],
    [
      2,
      null,
      1857828119,
      null,
      -32.59753086419752,
      7.094872236251831,
      1,
      1720294906.3737133,
      1720294913.4692993,
      {}
    ],
    [
      3,
      null,
      1857828119,
      null,
      -202.2938271604938,
      23.264102458953857,
      1,
      1720294913.4709694,
      1720294936.7354875,
      {}
    ],
    [
      4,
      null,
      1857828119,
      null,
      -178.0716049382716,
      20.466652154922485,
      1,
      1720294936.7373633,
      1720294957.2044146,
      {}
    ],
    [
      5,
      null,
      1857828119,
      null,
      -61.3679012345679,
      8.973481893539429,
      1,
      1720294957.2061353,
      1720294966.180021,
      {}
    ],
    [
      6,
      null,
      1857828119,
      null,
      -141.2740740740741,
      17.303521394729614,
      1,
      1720294966.1817267,
      1720294983.4856346,
      {}
    ],
    [
      7,
      null,
      1857828119,
      null,
      -208.0592592592593,
      24.093446254730225,
      1,
      1720294983.4874637,
      1720295007.5813036,
      {}
    ],
    [
      8,
      null,
      1857828119,
      null,
      -181.73333333333332,
      21.579628467559814,
      1,
      1720295007.5833018,
      1720295029.1633189,
      {}
    ]
  ],
  "configs": {
    "1": {
      "discount_factor": 0.9706869453974069,
      "gae_lambda": 0.9548852648288012,
      "learning_rate": 0.0003195041958620075
    },
    "2": {
      "discount_factor": 0.9325463389148936,
      "gae_lambda": 0.9293847273672,
      "learning_rate": 0.008684216839142394
    },
    "3": {
      "discount_factor": 0.9167833032617345,
      "gae_lambda": 0.9894881857037544,
      "learning_rate": 0.000283629148826359
    },
    "4": {
      "discount_factor": 0.977933490967378,
      "gae_lambda": 0.912942475640215,
      "learning_rate": 0.0010234143668337112
    },
    "5": {
      "discount_factor": 0.9933331895666198,
      "gae_lambda": 0.9792284270972014,
      "learning_rate": 0.004788383585595328
    },
    "6": {
      "discount_factor": 0.907627116361633,
      "gae_lambda": 0.9041805057311431,
      "learning_rate": 0.0007454051900061806
    },
    "7": {
      "discount_factor": 0.9421399681717157,
      "gae_lambda": 0.9643224789798259,
      "learning_rate": 0.002305873113131093
    },
    "8": {
      "discount_factor": 0.9549497414035722,
      "gae_lambda": 0.9372290073568001,
      "learning_rate": 0.00015069032321667912
    }
  },
  "config_origins": {
    "1": "Initial Design: Sobol",
    "2": "Initial Design: Sobol",
    "3": "Initial Design: Sobol",
    "4": "Initial Design: Sobol",
    "5": "Initial Design: Sobol",
    "6": "Initial Design: Sobol",
    "7": "Initial Design: Sobol",
    "8": "Initial Design: Sobol"
  }
}