{
  "stats": {
    "submitted": 4,
    "finished": 4,
    "running": 0
  },
  "data": [
    [
      1,
      null,
      1413775695,
      66666.66666666666,
      293.33487013622783,
      297.80153346061707,
      1,
      1719593019.224347,
      1719593317.0262494,
      {}
    ],
    [
      2,
      null,
      1413775695,
      66666.66666666666,
      125.33134224576156,
      418.5704417228699,
      1,
      1719593317.0275524,
      1719593735.598381,
      {}
    ],
    [
      3,
      null,
      1413775695,
      66666.66666666666,
      26.813063468151086,
      416.0167636871338,
      1,
      1719593735.599741,
      1719594151.6168869,
      {}
    ],
    [
      3,
      null,
      1413775695,
      200000.0,
      108.31095502518808,
      1354.868720293045,
      1,
      1719594151.6185286,
      1719595506.4876263,
      {}
    ]
  ],
  "configs": {
    "1": {
      "discount_factor": 0.9325878602068564,
      "gae_lambda": 0.9882055518266344,
      "learning_rate": 0.008855866156980807
    },
    "2": {
      "discount_factor": 0.9062950466549895,
      "gae_lambda": 0.994164890765938,
      "learning_rate": 0.005882146230734746
    },
    "3": {
      "discount_factor": 0.9028719144657829,
      "gae_lambda": 0.8017582496395499,
      "learning_rate": 0.00027118411084627486
    }
  },
  "config_origins": {
    "1": "Initial Design: Random",
    "2": "Initial Design: Random",
    "3": "Initial Design: Random"
  }
}