{
  "stats": {
    "submitted": 4,
    "finished": 3,
    "running": 1
  },
  "data": [
    [
      1,
      null,
      1958361405,
      1.1111111111111112,
      2.9053843021392822,
      3.4739389419555664,
      1,
      1720296963.7517955,
      1720296967.2261107,
      {}
    ],
    [
      2,
      null,
      1958361405,
      1.1111111111111112,
      2.7394320964813232,
      2.803366184234619,
      1,
      1720296967.2281144,
      1720296970.0321517,
      {}
    ],
    [
      3,
      null,
      1958361405,
      1.1111111111111112,
      2.676290512084961,
      2.7394821643829346,
      1,
      1720296970.0332441,
      1720296972.7731183,
      {}
    ],
    [
      4,
      null,
      1958361405,
      1.1111111111111112,
      2147483647.0,
      0.0,
      0,
      0.0,
      0.0,
      {}
    ]
  ],
  "configs": {
    "1": {
      "discount_factor": 0.9451406874545437,
      "gae_lambda": 0.926870032335637,
      "learning_rate": 0.001427472477834931
    },
    "2": {
      "discount_factor": 0.962965757416158,
      "gae_lambda": 0.9019536136929114,
      "learning_rate": 0.00419980380076084
    },
    "3": {
      "discount_factor": 0.9367396058429939,
      "gae_lambda": 0.9025667896287541,
      "learning_rate": 0.004308127908993107
    },
    "4": {
      "discount_factor": 0.9785423027769596,
      "gae_lambda": 0.9184218821473323,
      "learning_rate": 0.008908282654672955
    }
  },
  "config_origins": {
    "1": "Initial Design: Random",
    "2": "Initial Design: Random",
    "3": "Initial Design: Random",
    "4": "Initial Design: Random"
  }
}