{
  "stats": {
    "submitted": 55,
    "finished": 55,
    "running": 0
  },
  "data": [
    [
      1,
      null,
      564687280,
      2.2222222222222223,
      406.96332421,
      211.7388255596161,
      1,
      1720424351.6105037,
      1720424563.3496745,
      {}
    ],
    [
      2,
      null,
      564687280,
      2.2222222222222223,
      787.6240950020001,
      125.61796450614929,
      1,
      1720424563.3512409,
      1720424688.9696536,
      {}
    ],
    [
      3,
      null,
      564687280,
      2.2222222222222223,
      266.533601036,
      183.51439547538757,
      1,
      1720424688.9710653,
      1720424872.486169,
      {}
    ],
    [
      4,
      null,
      564687280,
      2.2222222222222223,
      178.97700126,
      210.0096881389618,
      1,
      1720424872.4874573,
      1720425082.497612,
      {}
    ],
    [
      5,
      null,
      564687280,
      2.2222222222222223,
      313.892347658,
      184.83536052703857,
      1,
      1720425082.499555,
      1720425267.3356304,
      {}
    ],
    [
      6,
      null,
      564687280,
      2.2222222222222223,
      253.28724043199998,
      196.45861744880676,
      1,
      1720425267.336925,
      1720425463.7959628,
      {}
    ],
    [
      7,
      null,
      564687280,
      2.2222222222222223,
      251.673603892,
      175.19367790222168,
      1,
      1720425463.7972257,
      1720425638.9913566,
      {}
    ],
    [
      8,
      null,
      564687280,
      2.2222222222222223,
      181.128199196,
      147.64154529571533,
      1,
      1720425638.9927144,
      1720425786.6347103,
      {}
    ],
    [
      9,
      null,
      564687280,
      2.2222222222222223,
      215.51288592599997,
      194.79821872711182,
      1,
      1720425786.6360376,
      1720425981.434667,
      {}
    ],
    [
      4,
      null,
      564687280,
      6.666666666666666,
      249.33355372673273,
      226.9670765399933,
      1,
      1720425981.4370928,
      1720426208.4045932,
      {}
    ],
    [
      8,
      null,
      564687280,
      6.666666666666666,
      100.08438219801982,
      205.83146023750305,
      1,
      1720426208.4058676,
      1720426414.2377262,
      {}
    ],
    [
      9,
      null,
      564687280,
      6.666666666666666,
      148.27049925940597,
      214.7207567691803,
      1,
      1720426414.2389822,
      1720426628.960133,
      {}
    ],
    [
      8,
      null,
      564687280,
      20.0,
      111.76161091399999,
      273.73801374435425,
      1,
      1720426628.9616656,
      1720426902.700072,
      {}
    ],
    [
      10,
      null,
      564687280,
      6.666666666666666,
      332.73521413465346,
      220.33907318115234,
      1,
      1720426902.9329598,
      1720427123.2724187,
      {}
    ],
    [
      11,
      null,
      564687280,
      6.666666666666666,
      817.145449219802,
      134.9873640537262,
      1,
      1720427123.2738078,
      1720427258.261566,
      {}
    ],
    [
      12,
      null,
      564687280,
      6.666666666666666,
      229.53850835049502,
      138.8877363204956,
      1,
      1720427258.2631583,
      1720427397.1513488,
      {}
    ],
    [
      13,
      null,
      564687280,
      6.666666666666666,
      293.7253290673267,
      204.09973406791687,
      1,
      1720427397.1528785,
      1720427601.2530382,
      {}
    ],
    [
      14,
      null,
      564687280,
      6.666666666666666,
      174.15878758217823,
      200.9022731781006,
      1,
      1720427601.2546365,
      1720427802.1573327,
      {}
    ],
    [
      14,
      null,
      564687280,
      20.0,
      -20.738861266000004,
      266.7289876937866,
      1,
      1720427802.160117,
      1720428068.889786,
      {}
    ],
    [
      15,
      null,
      564687280,
      20.0,
      167.15767737799996,
      302.0106964111328,
      1,
      1720428068.8920226,
      1720428370.9031265,
      {}
    ],
    [
      16,
      null,
      564687280,
      20.0,
      218.66435253199998,
      267.27107858657837,
      1,
      1720428370.9048085,
      1720428638.1762736,
      {}
    ],
    [
      17,
      null,
      564687280,
      20.0,
      -18.75292402199999,
      246.33388876914978,
      1,
      1720428638.178007,
      1720428884.512289,
      {}
    ],
    [
      18,
      null,
      564687280,
      2.2222222222222223,
      373.7770241040001,
      180.4926619529724,
      1,
      1720428884.6893253,
      1720429065.1823676,
      {}
    ],
    [
      19,
      null,
      564687280,
      2.2222222222222223,
      402.2528827220001,
      186.89793038368225,
      1,
      1720429065.184154,
      1720429252.0824935,
      {}
    ],
    [
      20,
      null,
      564687280,
      2.2222222222222223,
      27.005077409999995,
      175.2047085762024,
      1,
      1720429252.084436,
      1720429427.289566,
      {}
    ],
    [
      21,
      null,
      564687280,
      2.2222222222222223,
      73.19498393199999,
      187.54263043403625,
      1,
      1720429427.2913795,
      1720429614.8344648,
      {}
    ],
    [
      22,
      null,
      564687280,
      2.2222222222222223,
      111.20475322,
      153.6627073287964,
      1,
      1720429614.8376205,
      1720429768.5010164,
      {}
    ],
    [
      23,
      null,
      564687280,
      2.2222222222222223,
      446.072430326,
      178.52707862854004,
      1,
      1720429768.502871,
      1720429947.0303564,
      {}
    ],
    [
      24,
      null,
      564687280,
      2.2222222222222223,
      260.92863368199994,
      200.5639579296112,
      1,
      1720429947.0322905,
      1720430147.5966787,
      {}
    ],
    [
      25,
      null,
      564687280,
      2.2222222222222223,
      181.356994346,
      112.72365760803223,
      1,
      1720430147.5999115,
      1720430260.3243062,
      {}
    ],
    [
      26,
      null,
      564687280,
      2.2222222222222223,
      266.320147422,
      205.67915415763855,
      1,
      1720430260.3275073,
      1720430466.0073907,
      {}
    ],
    [
      20,
      null,
      564687280,
      6.666666666666666,
      -12.949893768316837,
      185.8124222755432,
      1,
      1720430466.0103407,
      1720430651.823176,
      {}
    ],
    [
      21,
      null,
      564687280,
      6.666666666666666,
      73.98225871881186,
      188.2187418937683,
      1,
      1720430651.82501,
      1720430840.0441556,
      {}
    ],
    [
      22,
      null,
      564687280,
      6.666666666666666,
      152.5619074019802,
      221.061176776886,
      1,
      1720430840.0461516,
      1720431061.1077461,
      {}
    ],
    [
      20,
      null,
      564687280,
      20.0,
      -51.986534666,
      242.66505646705627,
      1,
      1720431061.1097977,
      1720431303.7752624,
      {}
    ],
    [
      27,
      null,
      564687280,
      6.666666666666666,
      194.0876518653466,
      200.6163468360901,
      1,
      1720431303.9391842,
      1720431504.5559413,
      {}
    ],
    [
      28,
      null,
      564687280,
      6.666666666666666,
      72.4902934257426,
      186.78113722801208,
      1,
      1720431504.5579238,
      1720431691.3394518,
      {}
    ],
    [
      29,
      null,
      564687280,
      6.666666666666666,
      89.67708835247525,
      206.51669645309448,
      1,
      1720431691.3414373,
      1720431897.858529,
      {}
    ],
    [
      30,
      null,
      564687280,
      6.666666666666666,
      447.37571542574267,
      215.82648062705994,
      1,
      1720431897.8605494,
      1720432113.6874194,
      {}
    ],
    [
      31,
      null,
      564687280,
      6.666666666666666,
      252.96446174653462,
      214.28670835494995,
      1,
      1720432113.6895454,
      1720432327.9766607,
      {}
    ],
    [
      28,
      null,
      564687280,
      20.0,
      -28.383956339999994,
      241.34867310523987,
      1,
