{
  "stats": {
    "submitted": 50,
    "finished": 50,
    "running": 0
  },
  "data": [
    [
      1,
      null,
      209652396,
      null,
      0.06666666666666665,
      0.021865129470825195,
      1,
      1707159811.8052514,
      1707159811.8278437,
      {}
    ],
    [
      1,
      null,
      398764591,
      null,
      0.06666666666666665,
      0.012169122695922852,
      1,
      1707159811.8295808,
      1707159811.8428295,
      {}
    ],
    [
      2,
      null,
      209652396,
      null,
      0.013333333333333308,
      0.009513139724731445,
      1,
      1707159811.8442488,
      1707159811.854298,
      {}
    ],
    [
      2,
      null,
      398764591,
      null,
      0.013333333333333308,
      0.008460760116577148,
      1,
      1707159811.856055,
      1707159811.8652425,
      {}
    ],
    [
      2,
      null,
      924231285,
      null,
      0.013333333333333308,
      0.00915074348449707,
      1,
      1707159811.8677814,
      1707159811.8776116,
      {}
    ],
    [
      3,
      null,
      209652396,
      null,
      0.7666666666666667,
      0.010455131530761719,
      1,
      1707159811.879247,
      1707159811.890311,
      {}
    ],
    [
      3,
      null,
      398764591,
      null,
      0.7666666666666667,
      0.010198116302490234,
      1,
      1707159811.8917654,
      1707159811.902505,
      {}
    ],
    [
      3,
      null,
      924231285,
      null,
      0.7666666666666667,
      0.01099085807800293,
      1,
      1707159811.904343,
      1707159811.9159367,
      {}
    ],
    [
      4,
      null,
      209652396,
      null,
      0.019999999999999907,
      0.008196353912353516,
      1,
      1707159811.9184735,
      1707159811.9273047,
      {}
    ],
    [
      4,
      null,
      398764591,
      null,
      0.019999999999999907,
      0.008218526840209961,
      1,
      1707159811.9288754,
      1707159811.9376676,
      {}
    ],
    [
      4,
      null,
      924231285,
      null,
      0.019999999999999907,
      0.007486104965209961,
      1,
      1707159811.9394603,
      1707159811.9474933,
      {}
    ],
    [
      5,
      null,
      209652396,
      null,
      0.6666666666666667,
      0.010585784912109375,
      1,
      1707159811.9495394,
      1707159811.9607234,
      {}
    ],
    [
      5,
      null,
      398764591,
      null,
      0.6666666666666667,
      0.010229349136352539,
      1,
      1707159811.9624557,
      1707159811.9731996,
      {}
    ],
    [
      5,
      null,
      924231285,
      null,
      0.6666666666666667,
      0.010667562484741211,
      1,
      1707159811.9746485,
      1707159811.9858484,
      {}
    ],
    [
      6,
      null,
      209652396,
      null,
      0.053333333333333344,
      0.010739564895629883,
      1,
      1707159812.0867014,
      1707159812.0979736,
      {}
    ],
    [
      6,
      null,
      398764591,
      null,
      0.053333333333333344,
      0.010483503341674805,
      1,
      1707159812.1002805,
      1707159812.1112964,
      {}
    ],
    [
      6,
      null,
      924231285,
      null,
      0.053333333333333344,
      0.010000467300415039,
      1,
      1707159812.1130867,
      1707159812.1236057,
      {}
    ],
    [
      7,
      null,
      209652396,
      null,
      0.040000000000000036,
      0.010305166244506836,
      1,
      1707159812.1259983,
      1707159812.1368492,
      {}
    ],
    [
      7,
      null,
      398764591,
      null,
      0.040000000000000036,
      0.010483980178833008,
      1,
      1707159812.1390183,
      1707159812.150025,
      {}
    ],
    [
      7,
      null,
      924231285,
      null,
      0.040000000000000036,
      0.011272430419921875,
      1,
      1707159812.1527874,
      1707159812.1647706,
      {}
    ],
    [
      8,
      null,
      209652396,
      null,
      0.06666666666666665,
      0.009846210479736328,
      1,
      1707159812.1682987,
      1707159812.1787298,
      {}
    ],
    [
      8,
      null,
      398764591,
      null,
      0.06666666666666665,
      0.011279106140136719,
      1,
      1707159812.1809154,
      1707159812.1928694,
      {}
    ],
    [
      8,
      null,
      924231285,
      null,
      0.06666666666666665,
      0.013683319091796875,
      1,
      1707159812.1949904,
      1707159812.2092464,
      {}
    ],
    [
      9,
      null,
      209652396,
      null,
      0.019999999999999907,
      0.01099848747253418,
      1,
      1707159812.2115343,
      1707159812.2230797,
      {}
    ],
    [
      9,
      null,
      398764591,
      null,
      0.019999999999999907,
      0.009549856185913086,
      1,
      1707159812.2247634,
      1707159812.2348588,
      {}
    ],
    [
      9,
      null,
      924231285,
      null,
      0.019999999999999907,
      0.008692264556884766,
      1,
      1707159812.2374501,
      1707159812.2468758,
      {}
    ],
    [
      10,
      null,
      209652396,
      null,
      0.06666666666666665,
      0.015244007110595703,
      1,
      1707159812.2505858,
      1707159812.2664852,
      {}
    ],
    [
      10,
      null,
      398764591,
      null,
      0.06666666666666665,
      0.012018442153930664,
      1,
      1707159812.2687032,
      1707159812.28136,
      {}
    ],
    [
      10,
      null,
      924231285,
      null,
      0.06666666666666665,
      0.010558128356933594,
      1,
      1707159812.2838767,
      1707159812.2951298,
      {}
    ],
    [
      11,
      null,
      209652396,
      null,
      0.033333333333333215,
      0.008637189865112305,
      1,
      1707159812.2986095,
      1707159812.3080895,
      {}
    ],
    [
      11,
      null,
      398764591,
      null,
      0.033333333333333215,
      0.009416580200195312,
      1,
      1707159812.3101199,
      1707159812.3200428,
      {}
    ],
    [
      11,
      null,
      924231285,
      null,
      0.033333333333333215,
      0.008461952209472656,
      1,
      1707159812.322678,
      1707159812.3317387,
      {}
    ],
    [
      12,
      null,
      209652396,
      null,
      0.05999999999999994,
      0.009956836700439453,
      1,
      1707159812.334889,
      1707159812.345404,
      {}
    ],
    [
      12,
      null,
      398764591,
      null,
      0.05999999999999994,
      0.010468721389770508,
      1,
      1707159812.3481202,
      1707159812.3592827,
      {}
    ],
    [
      12,
      null,
      924231285,
      null,
      0.05999999999999994,
      0.010672807693481445,
      1,
      1707159812.360991,
      1707159812.3721325,
      {}
    ],
    [
      13,
      null,
      209652396,
      null,
      0.040000000000000036,
      0.010595083236694336,
      1,
      1707159812.3745,
      1707159812.3856146,
      {}
    ],
    [
      13,
      null,
      398764591,
      null,
      0.040000000000000036,
      0.010167360305786133,
      1,
      1707159812.3883135,
      1707159812.3991325,
      {}
    ],
    [
      13,
      null,
      924231285,
      null,
      0.040000000000000036,
      0.009525537490844727,
      1,
      1707159812.4014115,
      1707159812.4115658,
      {}
    ],
    [
      14,
      null,
      209652396,
      null,
      0.026666666666666616,
      0.009635210037231445,
      1,
      1707159812.5712998,
      1707159812.5816345,
      {}
    ],
    [
      14,
      null,
      398764591,
      null,
      0.026666666666666616,
      0.00884103775024414,
      1,
      1707159812.584619,
      1707159812.5942152,
      {}
    ],
    [
      14,
      null,
      924231285,
      null,
      0.026666666666666616,
      0.009042024612426758,
      1,
      1707159812.5969276,
      1707159812.6066887,
      {}
    ],
    [
      15,
      null,
      209652396,
      null,
      0.013333333333333308,
      0.009103536605834961,
      1,
      1707159812.6098008,
      1707159812.619499,
      {}
    ],
