{
  "incumbent_ids": [
    2
  ],
  "rejected_config_ids": [
    1
  ],
  "incumbents_changed": 2,
  "trajectory": [
    {
      "config_ids": [
        1
      ],
      "costs": [
        -23.54285714285714
      ],
      "trial": 1,
      "walltime": 4.605460166931152
    },
    {
      "config_ids": [
        2
      ],
      "costs": [
        -157.54285714285714
      ],
      "trial": 2,
      "walltime": 9.692946434020996
    }
  ],
  "state": {
    "queue": [
      [
        3,
        1
      ]
    ]
  }
}