{
  "stats": {
    "submitted": 3,
    "finished": 3,
    "running": 0
  },
  "data": [
    [
      1,
      null,
      635765946,
      null,
      -23.54285714285714,
      4.603768825531006,
      1,
      1719507610.0205348,
      1719507614.62481,
      {}
    ],
    [
      2,
      null,
      635765946,
      null,
      -157.54285714285714,
      5.0852210521698,
      1,
      1719507614.6265743,
      1719507619.712214,
      {}
    ],
    [
      3,
      null,
      635765946,
      null,
      -112.05714285714286,
      4.729565143585205,
      1,
      1719507619.7954283,
      1719507624.5255296,
      {}
    ]
  ],
  "configs": {
    "1": {
      "discount_factor": 0.9572801077701152,
      "gae_lambda": 0.9137422190271318,
      "learning_rate": 1.9456229426070367e-05
    },
    "2": {
      "discount_factor": 0.9265263702264056,
      "gae_lambda": 0.8059810646288097,
      "learning_rate": 0.0004114818978921054
    },
    "3": {
      "discount_factor": 0.9240243348330083,
      "gae_lambda": 0.800121913787211,
      "learning_rate": 0.0005996308911529074
    }
  },
  "config_origins": {
    "1": "Initial Design: Sobol",
    "2": "Initial Design: Sobol",
    "3": "Acquisition Function Maximizer: Random Search (sorted)"
  }
}