{
  "incumbent_ids": [],
  "rejected_config_ids": [],
  "incumbents_changed": 0,
  "trajectory": [],
  "state": {
    "tracker": {
      "0,0": [
        [
          0,
          [
            {
              "discount_factor": 0.969578999868744,
              "gae_lambda": 0.8611585522060353,
              "learning_rate": 0.0011705757594659921
            },
            {
              "discount_factor": 0.958689227973962,
              "gae_lambda": 0.8955946897898042,
              "learning_rate": 1.748937013959389e-05
            },
            {
              "discount_factor": 0.9325343110758305,
              "gae_lambda": 0.9409210526799577,
              "learning_rate": 0.00812365269587042
            }
          ]
        ]
      ]
    }
  }
}