{
  "stats": {
    "submitted": 1,
    "finished": 1,
    "running": 0
  },
  "data": [
    [
      1,
      null,
      871097454,
      8333.333333333332,
      -197.5,
      6.486838102340698,
      1,
      1719519630.3615232,
      1719519636.8488517,
      {}
    ]
  ],
  "configs": {
    "1": {
      "discount_factor": 0.969578999868744,
      "gae_lambda": 0.8611585522060353,
      "learning_rate": 0.0011705757594659921
    }
  },
  "config_origins": {
    "1": "Initial Design: Random"
  }
}