{
  "stats": {
    "submitted": 20,
    "finished": 20,
    "running": 0
  },
  "data": [
    [
      1,
      null,
      209652396,
      2.7777777777777777,
      0.23093160012380076,
      1.751875638961792,
      1,
      1719484574.6386263,
      1719484576.3920515,
      {}
    ],
    [
      2,
      null,
      209652396,
      2.7777777777777777,
      0.7100479727638502,
      0.2876746654510498,
      1,
      1719484576.394576,
      1719484576.6836803,
      {}
    ],
    [
      3,
      null,
      209652396,
      2.7777777777777777,
      0.0628814608480347,
      0.3074185848236084,
      1,
      1719484576.685934,
      1719484576.9947124,
      {}
    ],
    [
      4,
      null,
      209652396,
      2.7777777777777777,
      0.8992773135252244,
      0.8728930950164795,
      1,
      1719484576.9969802,
      1719484577.8711567,
      {}
    ],
    [
      5,
      null,
      209652396,
      2.7777777777777777,
      0.8447369235530795,
      0.14683985710144043,
      1,
      1719484577.8735163,
      1719484578.0217295,
      {}
    ],
    [
      6,
      null,
      209652396,
      2.7777777777777777,
      0.07458062519343867,
      0.25746655464172363,
      1,
      1719484578.023349,
      1719484578.2817256,
      {}
    ],
    [
      7,
      null,
      209652396,
      2.7777777777777777,
      0.14246672856700704,
      0.15755438804626465,
      1,
      1719484578.28427,
      1719484578.4431567,
      {}
    ],
    [
      8,
      null,
      209652396,
      2.7777777777777777,
      0.35391519653358094,
      0.2133045196533203,
      1,
      1719484578.445737,
      1719484578.660387,
      {}
    ],
    [
      9,
      null,
      209652396,
      2.7777777777777777,
      0.36563138347260904,
      0.15260863304138184,
      1,
      1719484578.6628659,
      1719484578.8165164,
      {}
    ],
    [
      3,
      null,
      209652396,
      8.333333333333332,
      0.04953729495512216,
      0.8883304595947266,
      1,
      1719484578.8213332,
      1719484579.7110293,
      {}
    ],
    [
      6,
      null,
      209652396,
      8.333333333333332,
      0.04119312906220984,
      0.6505253314971924,
      1,
      1719484579.7135842,
      1719484580.365477,
      {}
    ],
    [
      7,
      null,
      209652396,
      8.333333333333332,
      0.05732281027545638,
      0.41565847396850586,
      1,
      1719484580.3680208,
      1719484580.785011,
      {}
    ],
    [
      6,
      null,
      209652396,
      25.0,
      0.030055710306406747,
      1.9745550155639648,
      1,
      1719484580.7991765,
      1719484582.7750883,
      {}
    ],
    [
      10,
      null,
      209652396,
      8.333333333333332,
      0.14800526152893845,
      0.2656888961791992,
      1,
      1719484583.0431044,
      1719484583.3095672,
      {}
    ],
    [
      11,
      null,
      209652396,
      8.333333333333332,
      0.8992757660167131,
      0.31065893173217773,
      1,
      1719484583.3124645,
      1719484583.6244435,
      {}
    ],
    [
      12,
      null,
      209652396,
      8.333333333333332,
      0.1980965645311048,
      0.3640022277832031,
      1,
      1719484583.6264064,
      1719484583.9911914,
      {}
    ],
    [
      13,
      null,
      209652396,
      8.333333333333332,
      0.05843392138656767,
      0.8400411605834961,
      1,
      1719484583.9942021,
      1719484584.8355868,
      {}
    ],
    [
      14,
      null,
      209652396,
      8.333333333333332,
      0.8118972454348499,
      0.19108939170837402,
      1,
      1719484584.837544,
      1719484585.029447,
      {}
    ],
    [
      13,
      null,
      209652396,
      25.0,
      0.041186939028164615,
      2.2855279445648193,
      1,
      1719484585.033357,
      1719484587.3202538,
      {}
    ],
    [
      15,
      null,
      209652396,
      25.0,
      0.40786598576292166,
      0.24544072151184082,
      1,
      1719484587.323295,
      1719484587.5696082,
      {}
    ]
  ],
  "configs": {
    "1": {
      "activation": "tanh",
      "n_layer": 4,
      "n_neurons": 123,
      "solver": "lbfgs"
    },
    "2": {
      "activation": "relu",
      "n_layer": 3,
      "n_neurons": 49,
      "solver": "lbfgs"
    },
    "3": {
      "activation": "tanh",
      "n_layer": 5,
      "n_neurons": 56,
      "solver": "adam",
      "batch_size": 155,
      "learning_rate_init": 0.006677306766018313
    },
    "4": {
      "activation": "tanh",
      "n_layer": 5,
      "n_neurons": 197,
      "solver": "adam",
      "batch_size": 241,
      "learning_rate_init": 0.018781738757161916
    },
    "5": {
      "activation": "tanh",
      "n_layer": 2,
      "n_neurons": 10,
      "solver": "adam",
      "batch_size": 62,
      "learning_rate_init": 0.00011889379831773019
    },
    "6": {
      "activation": "tanh",
      "n_layer": 4,
      "n_neurons": 66,
      "solver": "adam",
      "batch_size": 214,
      "learning_rate_init": 0.005599223654063347
    },
    "7": {
      "activation": "relu",
      "n_layer": 1,
      "n_neurons": 79,
      "solver": "adam",
      "batch_size": 87,
      "learning_rate_init": 0.0018268942281532308
    },
    "8": {
      "activation": "tanh",
      "n_layer": 3,
      "n_neurons": 35,
      "solver": "adam",
      "batch_size": 57,
      "learning_rate_init": 0.00044181257379025503
    },
    "9": {
      "activation": "tanh",
      "n_layer": 2,
      "n_neurons": 39,
      "solver": "lbfgs"
    },
    "10": {
      "activation": "relu",
      "n_layer": 2,
      "n_neurons": 48,
      "solver": "lbfgs"
    },
    "11": {
      "activation": "logistic",
      "n_layer": 5,
      "n_neurons": 23,
      "solver": "sgd",
      "batch_size": 188,
      "learning_rate": "constant",
      "learning_rate_init": 0.06279384856082841
    },
    "12": {
      "activation": "relu",
      "n_layer": 2,
      "n_neurons": 55,
      "solver": "lbfgs"
    },
    "13": {
      "activation": "tanh",
      "n_layer": 4,
      "n_neurons": 32,
      "solver": "adam",
      "batch_size": 35,
      "learning_rate_init": 0.001547917475869209
    },
    "14": {
      "activation": "logistic",
      "n_layer": 3,
      "n_neurons": 11,
      "solver": "lbfgs"
    },
    "15": {
      "activation": "relu",
      "n_layer": 4,
      "n_neurons": 9,
      "solver": "lbfgs"
    }
  },
  "config_origins": {
    "1": "Initial Design: Random",
    "2": "Initial Design: Random",
    "3": "Initial Design: Random",
    "4": "Initial Design: Random",
    "5": "Initial Design: Random",
    "6": "Custom",
    "7": "Custom",
    "8": "Custom",
    "9": "Custom",
    "10": "Acquisition Function Maximizer: Random Search (sorted)",
    "11": "Acquisition Function Maximizer: Random Search (sorted)",
    "12": "Acquisition Function Maximizer: Random Search (sorted)",
    "13": "Acquisition Function Maximizer: Random Search (sorted)",
    "14": "Acquisition Function Maximizer: Random Search (sorted)",
    "15": "Acquisition Function Maximizer: Random Search (sorted)"
  }
}