{
  "incumbent_ids": [
    1
  ],
  "rejected_config_ids": [],
  "incumbents_changed": 1,
  "trajectory": [
    {
      "config_ids": [
        1
      ],
      "costs": [
        138.80432171051044
      ],
      "trial": 1,
      "walltime": 13.622675895690918
    }
  ],
  "state": {
    "tracker": {
      "0,0": [
        [
          0,
          [
            {
              "discount_factor": 0.9395461699884874,
              "gae_lambda": 0.801464662933331,
              "learning_rate": 0.0007218909237812248
            },
            {
              "discount_factor": 0.9521290586343731,
              "gae_lambda": 0.9093664477173625,
              "learning_rate": 2.3175217680619943e-05
            },
            {
              "discount_factor": 0.9834380313127504,
              "gae_lambda": 0.897064901683836,
              "learning_rate": 0.0005783200347854987
            }
          ]
        ]
      ]
    },
    "next_bracket": 1
  }
}