{
  "stats": {
    "submitted": 1,
    "finished": 1,
    "running": 0
  },
  "data": [
    [
      1,
      null,
      1715651552,
      3333.333333333333,
      138.80432171051044,
      13.620792865753174,
      1,
      1719525946.2979298,
      1719525959.9190924,
      {}
    ]
  ],
  "configs": {
    "1": {
      "discount_factor": 0.9395461699884874,
      "gae_lambda": 0.801464662933331,
      "learning_rate": 0.0007218909237812248
    }
  },
  "config_origins": {
    "1": "Initial Design: Random"
  }
}