{
  "stats": {
    "submitted": 1,
    "finished": 1,
    "running": 0
  },
  "data": [
    [
      1,
      null,
      209652396,
      null,
      100.66614599628846,
      1.7790086269378662,
      1,
      1708173872.7622588,
      1708173874.5420651,
      {}
    ]
  ],
  "configs": {
    "1": {
      "discount_factor": 0.9264209735859186,
      "learning_rate": 0.0007272673426083851,
      "max_timesteps": 1967.5709353759885
    }
  },
  "config_origins": {
    "1": "Initial Design: Sobol"
  }
}