{
  "stats": {
    "submitted": 30,
    "finished": 30,
    "running": 0
  },
  "data": [
    [
      1,
      null,
      209652396,
      2.7777777777777777,
      0.23093160012380076,
      1.0738184452056885,
      1,
      1719520796.0209355,
      1719520797.0953252,
      {}
    ],
    [
      2,
      null,
      209652396,
      2.7777777777777777,
      0.7100479727638502,
      0.14107728004455566,
      1,
      1719520797.097109,
      1719520797.2391202,
      {}
    ],
    [
      3,
      null,
      209652396,
      2.7777777777777777,
      0.0628814608480347,
      0.17921710014343262,
      1,
      1719520797.2407408,
      1719520797.4209032,
      {}
    ],
    [
      4,
      null,
      209652396,
      2.7777777777777777,
      0.8992773135252244,
      0.4811239242553711,
      1,
      1719520797.4225464,
      1719520797.904627,
      {}
    ],
    [
      5,
      null,
      209652396,
      2.7777777777777777,
      0.8447369235530795,
      0.10967588424682617,
      1,
      1719520797.906535,
      1719520798.0171664,
      {}
    ],
    [
      6,
      null,
      209652396,
      2.7777777777777777,
      0.07458062519343867,
      0.13930869102478027,
      1,
      1719520798.0183408,
      1719520798.1581812,
      {}
    ],
    [
      7,
      null,
      209652396,
      2.7777777777777777,
      0.14246672856700704,
      0.10412740707397461,
      1,
      1719520798.1600213,
      1719520798.2651196,
      {}
    ],
    [
      8,
      null,
      209652396,
      2.7777777777777777,
      0.35391519653358094,
      0.14762544631958008,
      1,
      1719520798.2668772,
      1719520798.4154012,
      {}
    ],
    [
      9,
      null,
      209652396,
      2.7777777777777777,
      0.36563138347260904,
      0.0709073543548584,
      1,
      1719520798.4164708,
      1719520798.4878826,
      {}
    ],
    [
      3,
      null,
      209652396,
      8.333333333333332,
      0.04953729495512216,
      0.4972212314605713,
      1,
      1719520798.4912348,
      1719520798.9893792,
      {}
    ],
    [
      6,
      null,
      209652396,
      8.333333333333332,
      0.04119312906220984,
      0.3891770839691162,
      1,
      1719520798.9912784,
      1719520799.3814633,
      {}
    ],
    [
      7,
      null,
      209652396,
      8.333333333333332,
      0.05732281027545638,
      0.2822391986846924,
      1,
      1719520799.3833725,
      1719520799.6666052,
      {}
    ],
    [
      6,
      null,
      209652396,
      25.0,
      0.030055710306406747,
      1.381192922592163,
      1,
      1719520799.6689332,
      1719520801.0511234,
      {}
    ],
    [
      10,
      null,
      209652396,
      2.7777777777777777,
      0.7145481275147013,
      0.12878751754760742,
      1,
      1719520801.4055343,
      1719520801.5348415,
      {}
    ],
    [
      11,
      null,
      209652396,
      2.7777777777777777,
      0.8981615598885794,
      0.10526275634765625,
      1,
      1719520801.5370336,
      1719520801.6432285,
      {}
    ],
    [
      12,
      null,
      209652396,
      2.7777777777777777,
      0.6594305168678427,
      0.10575628280639648,
      1,
      1719520801.6446624,
      1719520801.7509723,
      {}
    ],
    [
      13,
      null,
      209652396,
      2.7777777777777777,
      0.10626586196224075,
      0.22252106666564941,
      1,
      1719520801.7533288,
      1719520801.9768105,
      {}
    ],
    [
      14,
      null,
      209652396,
      2.7777777777777777,
      0.9015041782729805,
      0.049082040786743164,
      1,
      1719520801.9782126,
      1719520802.0278096,
      {}
    ],
    [
      15,
      null,
      209652396,
      2.7777777777777777,
      0.8080377592076756,
      0.05749797821044922,
      1,
      1719520802.0300975,
      1719520802.0885038,
      {}
    ],
    [
      16,
      null,
      209652396,
      2.7777777777777777,
      0.08291705354379442,
      0.05726957321166992,
      1,
      1719520802.0908155,
      1719520802.149009,
      {}
    ],
    [
      17,
      null,
      209652396,
      2.7777777777777777,
      0.043402971216341735,
      0.19939494132995605,
      1,
      1719520802.150442,
      1719520802.3503582,
      {}
    ],
    [
      18,
      null,
      209652396,
      2.7777777777777777,
      0.2565459610027855,
      0.08941411972045898,
      1,
      1719520802.3528395,
      1719520802.4431763,
      {}
    ],
    [
      17,
      null,
      209652396,
      8.333333333333332,
      0.027267099969049746,
      0.5750701427459717,
      1,
      1719520802.4475157,
      1719520803.0235448,
      {}
    ],
    [
      16,
      null,
      209652396,
      8.333333333333332,
      0.049538842463633714,
      0.15285396575927734,
      1,
      1719520803.0259986,
      1719520803.1797755,
      {}
    ],
    [
      13,
      null,
      209652396,
      8.333333333333332,
      0.05843392138656767,
      0.5294382572174072,
      1,
      1719520803.181146,
      1719520803.7110925,
      {}
    ],
    [
      17,
      null,
      209652396,
      25.0,
      0.0178087279480037,
      1.203848123550415,
      1,
      1719520803.7127938,
      1719520804.9171653,
      {}
    ],
    [
      19,
      null,
      209652396,
      2.7777777777777777,
      0.3288796038378211,
      0.08302187919616699,
      1,
      1719520805.1167781,
      1719520805.2003272,
      {}
    ],
    [
      20,
      null,
      209652396,
      2.7777777777777777,
      0.4128814608480347,
      0.09910702705383301,
      1,
      1719520805.20305,
      1719520805.303066,
      {}
    ],
    [
      21,
      null,
      209652396,
      2.7777777777777777,
      0.895943980191891,
      0.08206748962402344,
      1,
      1719520805.305879,
      1719520805.388886,
      {}
    ],
    [
      22,
      null,
      209652396,
      2.7777777777777777,
      0.7067270194986073,
      0.6679079532623291,
      1,
      1719520805.391746,
      1719520806.0606194,
      {}
    ]
  ],
  "configs": {
    "1": {
      "activation": "tanh",
      "n_layer": 4,
      "n_neurons": 123,
      "solver": "lbfgs"
    },
    "2": {
      "activation": "relu",
      "n_layer": 3,
      "n_neurons": 49,
      "solver": "lbfgs"
    },
    "3": {
      "activation": "tanh",
      "n_layer": 5,
      "n_neurons": 56,
      "solver": "adam",
      "batch_size": 155,
      "learning_rate_init": 0.006677306766018313
    },
    "4": {
      "activation": "tanh",
      "n_layer": 5,
      "n_neurons": 197,
      "solver": "adam",
      "batch_size": 241,
      "learning_rate_init": 0.018781738757161916
    },
    "5": {
      "activation": "tanh",
      "n_layer": 2,
      "n_neurons": 10,
      "solver": "adam",
      "batch_size": 62,
      "learning_rate_init": 0.00011889379831773019
    },
    "6": {
      "activation": "tanh",
      "n_layer": 4,
      "n_neurons": 66,
      "solver": "adam",
      "batch_size": 214,
      "learning_rate_init": 0.005599223654063347
    },
    "7": {
      "activation": "relu",
      "n_layer": 1,
      "n_neurons": 79,
      "solver": "adam",
      "batch_size": 87,
      "learning_rate_init": 0.0018268942281532308
    },
    "8": {
      "activation": "tanh",
      "n_layer": 3,
      "n_neurons": 35,
      "solver": "adam",
      "batch_size": 57,
      "learning_rate_init": 0.00044181257379025503
    },
    "9": {
      "activation": "tanh",
      "n_layer": 2,
      "n_neurons": 39,
      "solver": "lbfgs"
    },
    "10": {
      "activation": "relu",
      "n_layer": 2,
      "n_neurons": 48,
      "solver": "lbfgs"
    },
    "11": {
      "activation": "logistic",
      "n_layer": 5,
      "n_neurons": 23,
      "solver": "sgd",
      "batch_size": 188,
      "learning_rate": "constant",
      "learning_rate_init": 0.06279384856082841
    },
    "12": {
      "activation": "relu",
      "n_layer": 2,
      "n_neurons": 55,