{
  "stats": {
    "submitted": 4,
    "finished": 3,
    "running": 1
  },
  "data": [
    [
      1,
      null,
      1822057049,
      15000.0,
      130.35846432645317,
      13.245166540145874,
      1,
      1719579067.258132,
      1719579080.503679,
      {}
    ],
    [
      2,
      null,
      1822057049,
      15000.0,
      222.93431605514562,
      11.507981777191162,
      1,
      1719579080.5064747,
      1719579092.0152583,
      {}
    ],
    [
      3,
      null,
      1822057049,
      15000.0,
      165.49085817347344,
      10.789158582687378,
      1,
      1719579092.0179858,
      1719579102.8079054,
      {}
    ],
    [
      4,
      null,
      1822057049,
      15000.0,
      2147483647.0,
      0.0,
      0,
      0.0,
      0.0,
      {}
    ]
  ],
  "configs": {
    "1": {
      "discount_factor": 0.9914988408139065,
      "gae_lambda": 0.8385926052030864,
      "learning_rate": 0.0011883287465863461
    },
    "2": {
      "discount_factor": 0.9491037502549747,
      "gae_lambda": 0.8101201615480942,
      "learning_rate": 7.576525667439115e-05
    },
    "3": {
      "discount_factor": 0.9200502375280115,
      "gae_lambda": 0.988707587609556,
      "learning_rate": 1.0040096424117062e-05
    },
    "4": {
      "discount_factor": 0.964973659989796,
      "gae_lambda": 0.8354791844974507,
      "learning_rate": 0.002993253727609528
    }
  },
  "config_origins": {
    "1": "Initial Design: Random",
    "2": "Initial Design: Random",
    "3": "Initial Design: Random",
    "4": "Initial Design: Random"
  }
}