{
  "stats": {
    "submitted": 21,
    "finished": 21,
    "running": 0
  },
  "data": [
    [
      1,
      null,
      1888447965,
      2.2222222222222223,
      398.8277080240428,
      400.48719692230225,
      1,
      1720456079.548913,
      1720456480.0364957,
      {}
    ],
    [
      2,
      null,
      1888447965,
      2.2222222222222223,
      696.2629606529031,
      513.9068458080292,
      1,
      1720456480.0385997,
      1720456993.9462094,
      {}
    ],
    [
      3,
      null,
      1888447965,
      2.2222222222222223,
      734.1482013720441,
      501.01164507865906,
      1,
      1720456993.9473672,
      1720457494.9594612,
      {}
    ],
    [
      4,
      null,
      1888447965,
      2.2222222222222223,
      502.59877843395947,
      456.8558166027069,
      1,
      1720457494.9606225,
      1720457951.8168633,
      {}
    ],
    [
      5,
      null,
      1888447965,
      2.2222222222222223,
      1151.6407539582515,
      424.3403604030609,
      1,
      1720457951.8180308,
      1720458376.1588027,
      {}
    ],
    [
      6,
      null,
      1888447965,
      2.2222222222222223,
      1345.2024400022756,
      435.1942346096039,
      1,
      1720458376.1602123,
      1720458811.3549106,
      {}
    ],
    [
      7,
      null,
      1888447965,
      2.2222222222222223,
      669.3971517051046,
      522.2402691841125,
      1,
      1720458811.3568988,
      1720459333.597925,
      {}
    ],
    [
      8,
      null,
      1888447965,
      2.2222222222222223,
      211.60276058978127,
      280.8246500492096,
      1,
      1720459333.5991888,
      1720459614.4242773,
      {}
    ],
    [
      9,
      null,
      1888447965,
      2.2222222222222223,
      766.273571670113,
      525.833253622055,
      1,
      1720459614.425593,
      1720460140.2592397,
      {}
    ],
    [
      8,
      null,
      1888447965,
      6.666666666666666,
      264.7368236272897,
      361.85358476638794,
      1,
      1720460140.2614114,
      1720460502.1154127,
      {}
    ],
    [
      1,
      null,
      1888447965,
      6.666666666666666,
      484.0559157801995,
      532.94988489151,
      1,
      1720460502.1168046,
      1720461035.0671139,
      {}
    ],
    [
      4,
      null,
      1888447965,
      6.666666666666666,
      593.3114959405477,
      546.7777571678162,
      1,
      1720461035.0684376,
      1720461581.8466084,
      {}
    ],
    [
      8,
      null,
      1888447965,
      20.0,
      156.04371833102448,
      332.60977268218994,
      1,
      1720461581.8482301,
      1720461914.4584475,
      {}
    ],
    [
      10,
      null,
      1888447965,
      6.666666666666666,
      790.2254124439519,
      602.1057691574097,
      1,
      1720461914.6827598,
      1720462516.7889307,
      {}
    ],
    [
      11,
      null,
      1888447965,
      6.666666666666666,
      723.0680546542095,
      571.6438026428223,
      1,
      1720462516.7903903,
      1720463088.4346063,
      {}
    ],
    [
      12,
      null,
      1888447965,
      6.666666666666666,
      713.1568681205783,
      572.66543841362,
      1,
      1720463088.4361172,
      1720463661.1019742,
      {}
    ],
    [
      13,
      null,
      1888447965,
      6.666666666666666,
      1354.4396942495105,
      590.1035120487213,
      1,
      1720463661.1035678,
      1720464251.2075202,
      {}
    ],
    [
      14,
      null,
      1888447965,
      6.666666666666666,
      759.1817307428123,
      583.9567079544067,
      1,
      1720464251.2091038,
      1720464835.1662333,
      {}
    ],
    [
      12,
      null,
      1888447965,
      20.0,
      936.8549031023093,
      832.7414059638977,
      1,
      1720464835.1682122,
      1720465667.9100344,
      {}
    ],
    [
      15,
      null,
      1888447965,
      20.0,
      1005.0177620666931,
      865.2225379943848,
      1,
      1720465667.9121122,
      1720466533.135073,
      {}
    ],
    [
      16,
      null,
      1888447965,
      20.0,
      1084.8166686724123,
      943.7948694229126,
      1,
      1720466533.1369534,
      1720467476.9323032,
      {}
    ]
  ],
  "configs": {
    "1": {
      "discount_factor": 0.9930291669704463,
      "gae_lambda": 0.921800339608297,
      "learning_rate": 0.00020472843374824405
    },
    "2": {
      "discount_factor": 0.90317008561703,
      "gae_lambda": 0.9480857731542042,
      "learning_rate": 0.00024386312003971843
    },
    "3": {
      "discount_factor": 0.9267608950011597,
      "gae_lambda": 0.9778694168786531,
      "learning_rate": 0.0005618065610962737
    },
    "4": {
      "discount_factor": 0.9820765352601534,
      "gae_lambda": 0.978420791328249,
      "learning_rate": 0.003156626735440868
    },
    "5": {
      "discount_factor": 0.9860150488910713,
      "gae_lambda": 0.9697819129175733,
      "learning_rate": 0.0053457929396813954
    },
    "6": {
      "discount_factor": 0.9075394523427655,
      "gae_lambda": 0.9206955602756262,
      "learning_rate": 0.00890634576282949
    },
    "7": {
      "discount_factor": 0.9079361899707733,
      "gae_lambda": 0.9517202260117891,
      "learning_rate": 0.00030944159113214685
    },
    "8": {
      "discount_factor": 0.9956926868961804,
      "gae_lambda": 0.978675988569784,
      "learning_rate": 0.00021379508975936432
    },
    "9": {
      "discount_factor": 0.9214204943861192,
      "gae_lambda": 0.9557890457539903,
      "learning_rate": 0.0003165375807687943
    },
    "10": {
      "discount_factor": 0.91254241667581,
      "gae_lambda": 0.9127486568033935,
      "learning_rate": 0.00014305027442862894
    },
    "11": {
      "discount_factor": 0.9190735116620922,
      "gae_lambda": 0.9794757547579347,
      "learning_rate": 0.0017696110576861982
    },
    "12": {
      "discount_factor": 0.9341868446589306,
      "gae_lambda": 0.9260778521479097,
      "learning_rate": 0.0011386458066800433
    },
    "13": {
      "discount_factor": 0.9321263594346634,
      "gae_lambda": 0.9755543486792446,
      "learning_rate": 0.0055804659864372485
    },
    "14": {
      "discount_factor": 0.9462888959066647,
      "gae_lambda": 0.9621463720337015,
      "learning_rate": 0.000211875429453782
    },
    "15": {
      "discount_factor": 0.90259391004519,
      "gae_lambda": 0.9016353131919547,
      "learning_rate": 0.00014337778048966577
    },
    "16": {
      "discount_factor": 0.9009713434143802,
      "gae_lambda": 0.9004815148562632,
      "learning_rate": 0.0017574140693861946
    }
  },
  "config_origins": {
    "1": "Initial Design: Random",
    "2": "Initial Design: Random",
    "3": "Initial Design: Random",
    "4": "Initial Design: Random",
    "5": "Initial Design: Random",
    "6": "Custom",
    "7": "Custom",
    "8": "Custom",
    "9": "Custom",
    "10": "Acquisition Function Maximizer: Random Search (sorted)",
    "11": "Acquisition Function Maximizer: Random Search (sorted)",
    "12": "Acquisition Function Maximizer: Random Search (sorted)",
    "13": "Acquisition Function Maximizer: Random Search (sorted)",
    "14": "Acquisition Function Maximizer: Random Search (sorted)",
    "15": "Acquisition Function Maximizer: Random Search (sorted)",
    "16": "Acquisition Function Maximizer: Random Search (sorted)"
  }
}