{
  "stats": {
    "submitted": 2,
    "finished": 2,
    "running": 0
  },
  "data": [
    [
      1,
      null,
      398315150,
      9.375,
      -199.73846153846154,
      14.351312160491943,
      1,
      1719480783.9239082,
      1719480798.2756517,
      {}
    ],
    [
      2,
      null,
      398315150,
      9.375,
      -236.0153846153846,
      14.200085639953613,
      1,
      1719480798.2776484,
      1719480812.4782052,
      {}
    ]
  ],
  "configs": {
    "1": {
      "discount_factor": 0.909181257483998,
      "gae_lambda": 0.9799549033057695,
      "learning_rate": 0.0004997490220220773
    },
    "2": {
      "discount_factor": 0.9371435847747054,
      "gae_lambda": 0.9735241277392259,
      "learning_rate": 0.0008644353023903805
    }
  },
  "config_origins": {
    "1": "Initial Design: Random",
    "2": "Initial Design: Random"
  }
}