{
  "stats": {
    "submitted": 18,
    "finished": 18,
    "running": 0
  },
  "data": [
    [
      1,
      null,
      40162724,
      6666.666666666666,
      -28.766666666666666,
      3.9418325424194336,
      1,
      1719695126.7669923,
      1719695130.7092085,
      {}
    ],
    [
      2,
      null,
      40162724,
      6666.666666666666,
      -23.333333333333332,
      3.7930355072021484,
      1,
      1719695130.71048,
      1719695134.5038857,
      {}
    ],
    [
      3,
      null,
      40162724,
      6666.666666666666,
      -56.866666666666674,
      3.8797879219055176,
      1,
      1719695134.5051074,
      1719695138.3852997,
      {}
    ],
    [
      3,
      null,
      40162724,
      20000.0,
      -211.12631578947367,
      14.842926025390625,
      1,
      1719695138.3875215,
      1719695153.230842,
      {}
    ],
    [
      4,
      null,
      40162724,
      20000.0,
      -156.82105263157894,
      13.802678346633911,
      1,
      1719695153.2320182,
      1719695167.0350742,
      {}
    ],
    [
      5,
      null,
      40162724,
      20000.0,
      -252.00000000000006,
      16.88215708732605,
      1,
      1719695167.036391,
      1719695183.918946,
      {}
    ],
    [
      6,
      null,
      40162724,
      6666.666666666666,
      -193.26666666666665,
      4.97087836265564,
      1,
      1719695184.022784,
      1719695188.9940379,
      {}
    ],
    [
      7,
      null,
      40162724,
      6666.666666666666,
      -35.96666666666667,
      3.8512375354766846,
      1,
      1719695188.9953547,
      1719695192.846971,
      {}
    ],
    [
      8,
      null,
      40162724,
      6666.666666666666,
      -181.0666666666667,
      4.840392351150513,
      1,
      1719695192.8483696,
      1719695197.6891818,
      {}
    ],
    [
      6,
      null,
      40162724,
      20000.0,
      -290.4736842105263,
      17.639852285385132,
      1,
      1719695197.6907392,
      1719695215.3309746,
      {}
    ],
    [
      9,
      null,
      40162724,
      20000.0,
      -210.55789473684214,
      15.828413248062134,
      1,
      1719695215.3327138,
      1719695231.1615155,
      {}
    ],
    [
      10,
      null,
      40162724,
      20000.0,
      -287.3578947368421,
      17.527068853378296,
      1,
      1719695231.1629252,
      1719695248.690377,
      {}
    ],
    [
      11,
      null,
      40162724,
      6666.666666666666,
      -30.533333333333335,
      3.8344063758850098,
      1,
      1719695248.6921544,
      1719695252.526945,
      {}
    ],
    [
      12,
      null,
      40162724,
      6666.666666666666,
      -21.3,
      3.7714784145355225,
      1,
      1719695252.528551,
      1719695256.3004327,
      {}
    ],
    [
      13,
      null,
      40162724,
      6666.666666666666,
      -67.43333333333332,
      4.089722394943237,
      1,
      1719695256.3020513,
      1719695260.392174,
      {}
    ],
    [
      13,
      null,
      40162724,
      20000.0,
      -257.32631578947365,
      16.934507846832275,
      1,
      1719695260.3940542,
      1719695277.328951,
      {}
    ],
    [
      14,
      null,
      40162724,
      20000.0,
      -415.65263157894736,
      20.49242353439331,
      1,
      1719695277.468557,
      1719695297.9613502,
      {}
    ],
    [
      15,
      null,
      40162724,
      20000.0,
      -217.30526315789476,
      16.441603183746338,
      1,
      1719695297.9632647,
      1719695314.40524,
      {}
    ]
  ],
  "configs": {
    "1": {
      "discount_factor": 0.9504257607084639,
      "gae_lambda": 0.8494938416750404,
      "learning_rate": 2.1917595755247205e-05
    },
    "2": {
      "discount_factor": 0.9796377072767357,
      "gae_lambda": 0.9794363976334708,
      "learning_rate": 1.5915601046446418e-05
    },
    "3": {
      "discount_factor": 0.9204709994946733,
      "gae_lambda": 0.8108312306420715,
      "learning_rate": 0.00026542923767472877
    },
    "4": {
      "discount_factor": 0.9265322150746949,
      "gae_lambda": 0.9250930735115502,
      "learning_rate": 0.005758720102151771
    },
    "5": {
      "discount_factor": 0.9065632529227334,
      "gae_lambda": 0.828547152568053,
      "learning_rate": 0.004261252348089516
    },
    "6": {
      "discount_factor": 0.9034112039755154,
      "gae_lambda": 0.8839475960467253,
      "learning_rate": 0.003491226755953565
    },
    "7": {
      "discount_factor": 0.912290979402623,
      "gae_lambda": 0.8441643119065098,
      "learning_rate": 8.712734628884305e-05
    },
    "8": {
      "discount_factor": 0.9125119715251556,
      "gae_lambda": 0.8747854888382868,
      "learning_rate": 0.004323478990386592
    },
    "9": {
      "discount_factor": 0.9055357841893173,
      "gae_lambda": 0.8604169499702161,
      "learning_rate": 0.004530126205440622
    },
    "10": {
      "discount_factor": 0.9601888102336253,
      "gae_lambda": 0.8461713046916263,
      "learning_rate": 0.0002787486954499984
    },
    "11": {
      "discount_factor": 0.9872429266877357,
      "gae_lambda": 0.8669523493806184,
      "learning_rate": 3.3648757527430894e-05
    },
    "12": {
      "discount_factor": 0.938303802790037,
      "gae_lambda": 0.8816981791850584,
      "learning_rate": 2.1703832166477886e-05
    },
    "13": {
      "discount_factor": 0.9596354322112136,
      "gae_lambda": 0.8591103998194002,
      "learning_rate": 0.00017682887066425206
    },
    "14": {
      "discount_factor": 0.9012221384030206,
      "gae_lambda": 0.8815176409175609,
      "learning_rate": 0.0010396914844760753
    },
    "15": {
      "discount_factor": 0.9044339990591311,
      "gae_lambda": 0.881873867314834,
      "learning_rate": 0.0014110326361754936
    }
  },
  "config_origins": {
    "1": "Initial Design: Random",
    "2": "Initial Design: Random",
    "3": "Initial Design: Random",
    "4": "Initial Design: Random",
    "5": "Initial Design: Random",
    "6": "Acquisition Function Maximizer: Local Search",
    "7": "Acquisition Function Maximizer: Local Search",
    "8": "Acquisition Function Maximizer: Local Search",
    "9": "Acquisition Function Maximizer: Local Search",
    "10": "Acquisition Function Maximizer: Random Search (sorted)",
    "11": "Acquisition Function Maximizer: Random Search (sorted)",
    "12": "Acquisition Function Maximizer: Local Search",
    "13": "Acquisition Function Maximizer: Local Search",
    "14": "Acquisition Function Maximizer: Local Search",
    "15": "Acquisition Function Maximizer: Local Search"
  }
}