{
  "stats": {
    "submitted": 11,
    "finished": 11,
    "running": 0
  },
  "data": [
    [
      1,
      null,
      259379041,
      null,
      -159.77142857142854,
      13.071202993392944,
      1,
      1719510497.8620784,
      1719510510.9338531,
      {}
    ],
    [
      2,
      null,
      259379041,
      null,
      -214.1,
      13.609144687652588,
      1,
      1719510510.9356956,
      1719510524.5452724,
      {}
    ],
    [
      3,
      null,
      259379041,
      null,
      -28.928571428571434,
      10.002411842346191,
      1,
      1719510524.547343,
      1719510534.5502005,
      {}
    ],
    [
      4,
      null,
      259379041,
      null,
      -268.1714285714286,
      13.917542219161987,
      1,
      1719510534.5519593,
      1719510548.4699311,
      {}
    ],
    [
      5,
      null,
      259379041,
      null,
      -163.91428571428568,
      11.278753995895386,
      1,
      1719510548.4719055,
      1719510559.7510808,
      {}
    ],
    [
      6,
      null,
      259379041,
      null,
      -100.58571428571429,
      10.205850601196289,
      1,
      1719510559.7534583,
      1719510569.9597352,
      {}
    ],
    [
      7,
      null,
      259379041,
      null,
      -275.57142857142856,
      13.578005075454712,
      1,
      1719510569.9615493,
      1719510583.5399294,
      {}
    ],
    [
      8,
      null,
      259379041,
      null,
      -36.800000000000004,
      8.931257724761963,
      1,
      1719510583.5421243,
      1719510592.4738452,
      {}
    ],
    [
      9,
      null,
      259379041,
      null,
      -155.5,
      10.429674625396729,
      1,
      1719510592.4758234,
      1719510602.9059384,
      {}
    ],
    [
      10,
      null,
      259379041,
      null,
      -53.24285714285714,
      8.933708429336548,
      1,
      1719510602.907831,
      1719510611.8418932,
      {}
    ],
    [
      11,
      null,
      259379041,
      null,
      -294.2285714285714,
      12.715585470199585,
      1,
      1719510611.8437152,
      1719510624.5596824,
      {}
    ]
  ],
  "configs": {
    "1": {
      "discount_factor": 0.9383661658354103,
      "gae_lambda": 0.8038202273165808,
      "learning_rate": 0.0002008154900884975
    },
    "2": {
      "discount_factor": 0.9965473775910214,
      "gae_lambda": 0.9636908956533298,
      "learning_rate": 0.0007855248729906246
    },
    "3": {
      "discount_factor": 0.9699029454505071,
      "gae_lambda": 0.898583905258216,
      "learning_rate": 1.1869389009034904e-05
    },
    "4": {
      "discount_factor": 0.9179335146266967,
      "gae_lambda": 0.9311147229010239,
      "learning_rate": 0.002255059220761402
    },
    "5": {
      "discount_factor": 0.9068343605529517,
      "gae_lambda": 0.8674293196378275,
      "learning_rate": 0.0003367604784977291
    },
    "6": {
      "discount_factor": 0.9538294181702659,
      "gae_lambda": 0.900106096806936,
      "learning_rate": 7.933181115380744e-05
    },
    "7": {
      "discount_factor": 0.9767089320877567,
      "gae_lambda": 0.8346102195503191,
      "learning_rate": 0.005694117070547628
    },
    "8": {
      "discount_factor": 0.9358772912174463,
      "gae_lambda": 0.9951126991184428,
      "learning_rate": 2.7662748035310374e-05
    },
    "9": {
      "discount_factor": 0.9268647449836135,
      "gae_lambda": 0.8756175443129615,
      "learning_rate": 0.006793055039193831
    },
    "10": {
      "discount_factor": 0.9865919702136889,
      "gae_lambda": 0.9424452151404694,
      "learning_rate": 5.5101826344229175e-05
    },
    "11": {
      "discount_factor": 0.9566544688297436,
      "gae_lambda": 0.8213725342256949,
      "learning_rate": 0.0006186390479170828
    }
  },
  "config_origins": {
    "1": "Initial Design: Sobol",
    "2": "Initial Design: Sobol",
    "3": "Initial Design: Sobol",
    "4": "Initial Design: Sobol",
    "5": "Initial Design: Sobol",
    "6": "Initial Design: Sobol",
    "7": "Initial Design: Sobol",
    "8": "Initial Design: Sobol",
    "9": "Initial Design: Sobol",
    "10": "Initial Design: Sobol",
    "11": "Initial Design: Sobol"
  }
}