{
  "incumbent_ids": [],
  "rejected_config_ids": [],
  "incumbents_changed": 0,
  "trajectory": [],
  "state": {
    "tracker": {
      "0,0": [
        [
          0,
          [
            {
              "discount_factor": 0.9147292376953163,
              "gae_lambda": 0.8558827035225286,
              "learning_rate": 9.969510890627458e-05
            },
            {
              "discount_factor": 0.9775362455225496,
              "gae_lambda": 0.9365112713992543,
              "learning_rate": 0.0007695090645045214
            },
            {
              "discount_factor": 0.9706960358267507,
              "gae_lambda": 0.8262196731574244,
              "learning_rate": 6.425669220767562e-05
            }
          ]
        ]
      ]
    }
  }
}