{
  "stats": {
    "submitted": 2,
    "finished": 2,
    "running": 0
  },
  "data": [
    [
      1,
      null,
      639006006,
      8333.333333333332,
      -61.5,
      5.8915276527404785,
      1,
      1719520137.1203492,
      1719520143.012237,
      {}
    ],
    [
      2,
      null,
      639006006,
      8333.333333333332,
      -180.6,
      6.801578760147095,
      1,
      1719520143.0133817,
      1719520149.815348,
      {}
    ]
  ],
  "configs": {
    "1": {
      "discount_factor": 0.9147292376953163,
      "gae_lambda": 0.8558827035225286,
      "learning_rate": 9.969510890627458e-05
    },
    "2": {
      "discount_factor": 0.9775362455225496,
      "gae_lambda": 0.9365112713992543,
      "learning_rate": 0.0007695090645045214
    }
  },
  "config_origins": {
    "1": "Initial Design: Random",
    "2": "Initial Design: Random"
  }
}