{
  "stats": {
    "submitted": 8,
    "finished": 8,
    "running": 0
  },
  "data": [
    [
      1,
      null,
      1369837370,
      1.1111111111111112,
      15.166614770889282,
      15.810189247131348,
      1,
      1720297857.7083814,
      1720297873.5190394,
      {}
    ],
    [
      2,
      null,
      1369837370,
      1.1111111111111112,
      30.22294807434082,
      30.33723759651184,
      1,
      1720297873.521266,
      1720297903.8594234,
      {}
    ],
    [
      3,
      null,
      1369837370,
      1.1111111111111112,
      26.014480113983154,
      26.10881209373474,
      1,
      1720297903.8612235,
      1720297929.9708211,
      {}
    ],
    [
      4,
      null,
      1369837370,
      1.1111111111111112,
      28.282869338989258,
      28.38575768470764,
      1,
      1720297929.972605,
      1720297958.3591077,
      {}
    ],
    [
      5,
      null,
      1369837370,
      1.1111111111111112,
      43.89627814292908,
      43.98797655105591,
      1,
      1720297958.3610468,
      1720298002.3497782,
      {}
    ],
    [
      6,
      null,
      1369837370,
      1.1111111111111112,
      2.197305679321289,
      2.2851572036743164,
      1,
      1720298002.3516831,
      1720298004.637592,
      {}
    ],
    [
      7,
      null,
      1369837370,
      1.1111111111111112,
      18.577728033065796,
      18.664515018463135,
      1,
      1720298004.6396348,
      1720298023.3048813,
      {}
    ],
    [
      8,
      null,
      1369837370,
      1.1111111111111112,
      21.019615411758423,
      21.086448431015015,
      1,
      1720298023.3062139,
      1720298044.393099,
      {}
    ]
  ],
  "configs": {
    "1": {
      "discount_factor": 0.9315750712830205,
      "gae_lambda": 0.9766189993179428,
      "learning_rate": 0.0017525205848120968
    },
    "2": {
      "discount_factor": 0.91375538327895,
      "gae_lambda": 0.9517565991433635,
      "learning_rate": 0.0017398208920465538
    },
    "3": {
      "discount_factor": 0.9516570724732454,
      "gae_lambda": 0.9249680022878274,
      "learning_rate": 0.0039458821496635745
    },
    "4": {
      "discount_factor": 0.9807262057487501,
      "gae_lambda": 0.9726071497115651,
      "learning_rate": 0.0004551577023466246
    },
    "5": {
      "discount_factor": 0.9318525742002881,
      "gae_lambda": 0.9911654068800404,
      "learning_rate": 0.0016115507863764355
    },
    "6": {
      "discount_factor": 0.9554796688285635,
      "gae_lambda": 0.9156399875603206,
      "learning_rate": 0.0001667947168054982
    },
    "7": {
      "discount_factor": 0.947292842730693,
      "gae_lambda": 0.9101270204937324,
      "learning_rate": 0.00010721473794664421
    },
    "8": {
      "discount_factor": 0.9777913750585716,
      "gae_lambda": 0.9529287211444264,
      "learning_rate": 0.00013930039881111515
    }
  },
  "config_origins": {
    "1": "Initial Design: Random",
    "2": "Initial Design: Random",
    "3": "Initial Design: Random",
    "4": "Initial Design: Random",
    "5": "Initial Design: Random",
    "6": "Custom",
    "7": "Custom",
    "8": "Custom"
  }
}