{
  "incumbent_ids": [
    2
  ],
  "rejected_config_ids": [
    1
  ],
  "incumbents_changed": 2,
  "trajectory": [
    {
      "config_ids": [
        1
      ],
      "costs": [
        179.85196990487842
      ],
      "trial": 1,
      "walltime": 6.046886920928955
    },
    {
      "config_ids": [
        2
      ],
      "costs": [
        162.49201805099966
      ],
      "trial": 2,
      "walltime": 11.821573495864868
    }
  ],
  "state": {
    "queue": [
      [
        2,
        1
      ]
    ]
  }
}