{
  "stats": {
    "submitted": 2,
    "finished": 2,
    "running": 0
  },
  "data": [
    [
      1,
      null,
      1117921333,
      null,
      179.85196990487842,
      6.044897079467773,
      1,
      1719508805.2242992,
      1719508811.2699804,
      {}
    ],
    [
      2,
      null,
      1117921333,
      null,
      162.49201805099966,
      5.771601915359497,
      1,
      1719508811.27165,
      1719508817.043731,
      {}
    ]
  ],
  "configs": {
    "1": {
      "discount_factor": 0.99665424880106,
      "gae_lambda": 0.9858424190171062,
      "learning_rate": 2.13173242318785e-05
    },
    "2": {
      "discount_factor": 0.9202657815311104,
      "gae_lambda": 0.8158786301249639,
      "learning_rate": 0.003222290768712586
    }
  },
  "config_origins": {
    "1": "Initial Design: Sobol",
    "2": "Initial Design: Sobol"
  }
}