{
  "incumbent_ids": [],
  "rejected_config_ids": [],
  "incumbents_changed": 0,
  "trajectory": [],
  "state": {
    "tracker": {
      "0,0": [
        [
          0,
          [
            {
              "discount_factor": 0.9429266169668041,
              "gae_lambda": 0.8227862277609482,
              "learning_rate": 0.000359391571082982
            },
            {
              "discount_factor": 0.9846525110175846,
              "gae_lambda": 0.8359222779997223,
              "learning_rate": 3.4783869881294006e-05
            },
            {
              "discount_factor": 0.9500557269544972,
              "gae_lambda": 0.8491906993084829,
              "learning_rate": 3.4777216129815524e-05
            }
          ]
        ]
      ]
    }
  }
}