{
  "stats": {
    "submitted": 1,
    "finished": 1,
    "running": 0
  },
  "data": [
    [
      1,
      null,
      1862307260,
      8333.333333333332,
      -137.275,
      6.061988592147827,
      1,
      1719520164.1324222,
      1719520170.194777,
      {}
    ]
  ],
  "configs": {
    "1": {
      "discount_factor": 0.9429266169668041,
      "gae_lambda": 0.8227862277609482,
      "learning_rate": 0.000359391571082982
    }
  },
  "config_origins": {
    "1": "Initial Design: Random"
  }
}