{
  "incumbent_ids": [],
  "rejected_config_ids": [],
  "incumbents_changed": 0,
  "trajectory": [],
  "state": {
    "tracker": {
      "0,0": [
        [
          0,
          [
            {
              "discount_factor": 0.9800129905342881,
              "gae_lambda": 0.9049190016647751,
              "learning_rate": 0.002913122602434924
            },
            {
              "discount_factor": 0.9425228553944897,
              "gae_lambda": 0.9151179428703239,
              "learning_rate": 0.000506377214889266
            },
            {
              "discount_factor": 0.9126057385782267,
              "gae_lambda": 0.9809610657652322,
              "learning_rate": 8.410260679290618e-05
            }
          ]
        ]
      ]
    },
    "next_bracket": 1
  }
}