{
  "stats": {
    "submitted": 2,
    "finished": 2,
    "running": 0
  },
  "data": [
    [
      1,
      null,
      1323760557,
      8333.333333333332,
      -281.0,
      7.151285648345947,
      1,
      1719521015.953741,
      1719521023.1053898,
      {}
    ],
    [
      2,
      null,
      1323760557,
      8333.333333333332,
      -184.075,
      6.106377363204956,
      1,
      1719521023.1065133,
      1719521029.2133286,
      {}
    ]
  ],
  "configs": {
    "1": {
      "discount_factor": 0.9800129905342881,
      "gae_lambda": 0.9049190016647751,
      "learning_rate": 0.002913122602434924
    },
    "2": {
      "discount_factor": 0.9425228553944897,
      "gae_lambda": 0.9151179428703239,
      "learning_rate": 0.000506377214889266
    }
  },
  "config_origins": {
    "1": "Initial Design: Random",
    "2": "Custom"
  }
}