{
  "stats": {
    "submitted": 1,
    "finished": 0,
    "running": 1
  },
  "data": [
    [
      1,
      null,
      2065100781,
      15000.0,
      2147483647.0,
      0.0,
      0,
      0.0,
      0.0,
      {}
    ]
  ],
  "configs": {
    "1": {
      "discount_factor": 0.997101055592127,
      "gae_lambda": 0.8330242799746352,
      "learning_rate": 0.0012433119654370651
    }
  },
  "config_origins": {
    "1": "Initial Design: Random"
  }
}