{
  "stats": {
    "submitted": 2,
    "finished": 1,
    "running": 1
  },
  "data": [
    [
      1,
      null,
      209652396,
      null,
      145.68553853574775,
      2.044940233230591,
      1,
      1708173763.0170596,
      1708173765.0625205,
      {}
    ],
    [
      2,
      null,
      209652396,
      null,
      2147483647.0,
      0.0,
      0,
      0.0,
      0.0,
      {}
    ]
  ],
  "configs": {
    "1": {
      "discount_factor": 0.9264209735859186,
      "learning_rate": 0.0007272673426083851,
      "max_timesteps": 1967.5709353759885
    },
    "2": {
      "discount_factor": 0.9882855270774259,
      "learning_rate": 1.8255254802399002e-05,
      "max_timesteps": 8024.762586578099
    }
  },
  "config_origins": {
    "1": "Initial Design: Sobol",
    "2": "Acquisition Function Maximizer: Random Search (sorted)"
  }
}