{
  "stats": {
    "submitted": 3,
    "finished": 3,
    "running": 0
  },
  "data": [
    [
      1,
      null,
      1343434810,
      null,
      -232.39166666666665,
      25.596572399139404,
      1,
      1709653762.906473,
      1709653788.5040243,
      {}
    ],
    [
      2,
      null,
      1343434810,
      null,
      -45.74166666666667,
      20.560160398483276,
      1,
      1709653788.6074395,
      1709653809.1684082,
      {}
    ],
    [
      3,
      null,
      1343434810,
      null,
      -55.50833333333333,
      18.598186492919922,
      1,
      1709653809.1714585,
      1709653827.7710073,
      {}
    ]
  ],
  "configs": {
    "1": {
      "discount_factor": 0.9754870876958593,
      "gae_lambda": 0.9796772408736869,
      "learning_rate": 0.006454758467033429
    },
    "2": {
      "discount_factor": 0.9900602604804567,
      "gae_lambda": 0.9441965976305909,
      "learning_rate": 2.324306889046756e-05
    },
    "3": {
      "discount_factor": 0.9532781254883406,
      "gae_lambda": 0.8875486353169157,
      "learning_rate": 2.5266049498970408e-05
    }
  },
  "config_origins": {
    "1": "Initial Design: Sobol",
    "2": "Acquisition Function Maximizer: Random Search (sorted)",
    "3": "Acquisition Function Maximizer: Random Search (sorted)"
  }
}