{
  "incumbent_ids": [],
  "rejected_config_ids": [],
  "incumbents_changed": 0,
  "trajectory": [],
  "state": {
    "tracker": {
      "0,0": [
        [
          0,
          [
            {
              "discount_factor": 0.9774503892220388,
              "gae_lambda": 0.9069892895853776,
              "learning_rate": 0.0052058214142038945
            },
            {
              "discount_factor": 0.9389925537547509,
              "gae_lambda": 0.9708530031858005,
              "learning_rate": 0.0006286269400559593
            },
            {
              "discount_factor": 0.93317420645229,
              "gae_lambda": 0.9814713570627547,
              "learning_rate": 0.00019922728078641946
            }
          ]
        ]
      ]
    },
    "next_bracket": 1
  }
}