{
  "stats": {
    "submitted": 1,
    "finished": 1,
    "running": 0
  },
  "data": [
    [
      1,
      null,
      1212585942,
      10000.0,
      120.52631313180615,
      7.3386712074279785,
      1,
      1718817408.8426487,
      1718817416.1816816,
      {}
    ]
  ],
  "configs": {
    "1": {
      "discount_factor": 0.9774503892220388,
      "gae_lambda": 0.9069892895853776,
      "learning_rate": 0.0052058214142038945
    }
  },
  "config_origins": {
    "1": "Initial Design: Random"
  }
}