{
  "incumbent_ids": [],
  "rejected_config_ids": [],
  "incumbents_changed": 0,
  "trajectory": [],
  "state": {
    "tracker": {
      "0,1": [
        [
          0,
          [
            {
              "discount_factor": 0.9629148782699648,
              "gae_lambda": 0.9850451821537322,
              "learning_rate": 0.000917478444565804
            },
            {
              "discount_factor": 0.9186165192454415,
              "gae_lambda": 0.9514433863907009,
              "learning_rate": 0.0022771877927657246
            },
            {
              "discount_factor": 0.9073033755869832,
              "gae_lambda": 0.9268617562676357,
              "learning_rate": 0.0018909980981269337
            }
          ]
        ]
      ]
    },
    "next_bracket": 1
  }
}