{
  "stats": {
    "submitted": 10,
    "finished": 10,
    "running": 0
  },
  "data": [
    [
      1,
      null,
      581984450,
      2.2222222222222223,
      157.80038573333331,
      140.61577033996582,
      1,
      1719995611.9641352,
      1719995752.580255,
      {}
    ],
    [
      2,
      null,
      581984450,
      2.2222222222222223,
      167.1960728533333,
      134.25082755088806,
      1,
      1719995752.5823123,
      1719995886.833843,
      {}
    ],
    [
      3,
      null,
      581984450,
      2.2222222222222223,
      379.60503736,
      128.24440741539001,
      1,
      1719995886.8350017,
      1719996015.0798411,
      {}
    ],
    [
      4,
      null,
      581984450,
      2.2222222222222223,
      226.37235407999998,
      124.31934642791748,
      1,
      1719996015.1160963,
      1719996139.435923,
      {}
    ],
    [
      5,
      null,
      581984450,
      2.2222222222222223,
      197.8148880666667,
      132.59428811073303,
      1,
      1719996139.4377563,
      1719996272.0327947,
      {}
    ],
    [
      6,
      null,
      581984450,
      2.2222222222222223,
      304.7361728933333,
      127.8775327205658,
      1,
      1719996272.0346844,
      1719996399.912949,
      {}
    ],
    [
      7,
      null,
      581984450,
      2.2222222222222223,
      296.21986067999995,
      132.68494629859924,
      1,
      1719996399.9141912,
      1719996532.5995495,
      {}
    ],
    [
      8,
      null,
      581984450,
      2.2222222222222223,
      771.2189567199998,
      128.19705057144165,
      1,
      1719996532.6008139,
      1719996660.7982771,
      {}
    ],
    [
      9,
      null,
      581984450,
      2.2222222222222223,
      202.42254534666665,
      127.20541429519653,
      1,
      1719996660.7996202,
      1719996788.005469,
      {}
    ],
    [
      1,
      null,
      581984450,
      6.666666666666666,
      91.41164240000002,
      317.4569001197815,
      1,
      1719996788.007532,
      1719997105.4648535,
      {}
    ]
  ],
  "configs": {
    "1": {
      "discount_factor": 0.9629148782699648,
      "gae_lambda": 0.9850451821537322,
      "learning_rate": 0.000917478444565804
    },
    "2": {
      "discount_factor": 0.9186165192454415,
      "gae_lambda": 0.9514433863907009,
      "learning_rate": 0.0022771877927657246
    },
    "3": {
      "discount_factor": 0.9664697485716426,
      "gae_lambda": 0.9977379726102905,
      "learning_rate": 0.00422763222911003
    },
    "4": {
      "discount_factor": 0.9304703295829618,
      "gae_lambda": 0.9802446056479142,
      "learning_rate": 0.0061393627545746786
    },
    "5": {
      "discount_factor": 0.9073033755869832,
      "gae_lambda": 0.9268617562676357,
      "learning_rate": 0.0018909980981269337
    },
    "6": {
      "discount_factor": 0.9286589659599905,
      "gae_lambda": 0.9711525975521179,
      "learning_rate": 0.00456359030330186
    },
    "7": {
      "discount_factor": 0.976214693690601,
      "gae_lambda": 0.9326271843975422,
      "learning_rate": 0.00015802256450737684
    },
    "8": {
      "discount_factor": 0.9481422676417646,
      "gae_lambda": 0.9947705894276262,
      "learning_rate": 0.00685935204601452
    },
    "9": {
      "discount_factor": 0.9122056278281363,
      "gae_lambda": 0.9282326937950025,
      "learning_rate": 0.0019194882754494358
    }
  },
  "config_origins": {
    "1": "Initial Design: Random",
    "2": "Initial Design: Random",
    "3": "Initial Design: Random",
    "4": "Initial Design: Random",
    "5": "Initial Design: Random",
    "6": "Custom",
    "7": "Custom",
    "8": "Custom",
    "9": "Custom"
  }
}