{
  "incumbent_ids": [
    3
  ],
  "rejected_config_ids": [
    1
  ],
  "incumbents_changed": 2,
  "trajectory": [
    {
      "config_ids": [
        1
      ],
      "costs": [
        -161.02857142857144
      ],
      "trial": 1,
      "walltime": 5.597825527191162
    },
    {
      "config_ids": [
        3
      ],
      "costs": [
        -171.77142857142857
      ],
      "trial": 3,
      "walltime": 15.174091339111328
    }
  ],
  "state": {
    "queue": [
      [
        3,
        1
      ]
    ]
  }
}