{
  "stats": {
    "submitted": 3,
    "finished": 3,
    "running": 0
  },
  "data": [
    [
      1,
      null,
      1788427079,
      null,
      -161.02857142857144,
      5.595240592956543,
      1,
      1719508289.9505243,
      1719508295.5466409,
      {}
    ],
    [
      2,
      null,
      1788427079,
      null,
      -28.371428571428567,
      4.23736047744751,
      1,
      1719508295.5483916,
      1719508299.7861578,
      {}
    ],
    [
      3,
      null,
      1788427079,
      null,
      -171.77142857142857,
      5.262816429138184,
      1,
      1719508299.8595653,
      1719508305.1227293,
      {}
    ]
  ],
  "configs": {
    "1": {
      "discount_factor": 0.9263517896924168,
      "gae_lambda": 0.9982036416204646,
      "learning_rate": 0.00534110399823733
    },
    "2": {
      "discount_factor": 0.9919961335603148,
      "gae_lambda": 0.8201690751798452,
      "learning_rate": 4.037799487981922e-05
    },
    "3": {
      "discount_factor": 0.927793177832521,
      "gae_lambda": 0.9920875314004172,
      "learning_rate": 0.004494938464467152
    }
  },
  "config_origins": {
    "1": "Initial Design: Sobol",
    "2": "Initial Design: Sobol",
    "3": "Acquisition Function Maximizer: Local Search"
  }
}