{
  "stats": {
    "submitted": 5,
    "finished": 5,
    "running": 0
  },
  "data": [
    [
      1,
      null,
      812406270,
      7407.407407407407,
      118.23582707179285,
      30.925392150878906,
      1,
      1719566223.3158743,
      1719566254.2416239,
      {}
    ],
    [
      2,
      null,
      812406270,
      7407.407407407407,
      194.4767933629596,
      20.99531841278076,
      1,
      1719566254.2434225,
      1719566275.2391174,
      {}
    ],
    [
      3,
      null,
      812406270,
      7407.407407407407,
      196.66317062521685,
      40.519232749938965,
      1,
      1719566275.2405543,
      1719566315.760156,
      {}
    ],
    [
      4,
      null,
      812406270,
      7407.407407407407,
      136.5048714931435,
      27.59296178817749,
      1,
      1719566315.7616313,
      1719566343.3549702,
      {}
    ],
    [
      5,
      null,
      812406270,
      7407.407407407407,
      217.44968605613795,
      25.07008385658264,
      1,
      1719566343.3565142,
      1719566368.4269729,
      {}
    ]
  ],
  "configs": {
    "1": {
      "discount_factor": 0.9682261539335262,
      "gae_lambda": 0.9044949504061413,
      "learning_rate": 0.0011460661693720464
    },
    "2": {
      "discount_factor": 0.9443856622563165,
      "gae_lambda": 0.8293408607394509,
      "learning_rate": 1.2343202918919869e-05
    },
    "3": {
      "discount_factor": 0.9323073999403334,
      "gae_lambda": 0.8148803747316675,
      "learning_rate": 0.008397382140199056
    },
    "4": {
      "discount_factor": 0.9108600450286493,
      "gae_lambda": 0.9588466678990955,
      "learning_rate": 0.00032570172529239013
    },
    "5": {
      "discount_factor": 0.991714470235937,
      "gae_lambda": 0.8115516732215774,
      "learning_rate": 0.00011322214738253983
    }
  },
  "config_origins": {
    "1": "Initial Design: Random",
    "2": "Custom",
    "3": "Custom",
    "4": "Custom",
    "5": "Custom"
  }
}