{
  "incumbent_ids": [],
  "rejected_config_ids": [],
  "incumbents_changed": 0,
  "trajectory": [],
  "state": {
    "tracker": {
      "0,0": [
        [
          0,
          [
            {
              "discount_factor": 0.9933489782137757,
              "gae_lambda": 0.8186384297964396,
              "learning_rate": 2.5154838172114807e-05
            },
            {
              "discount_factor": 0.9404734530235181,
              "gae_lambda": 0.8343432521903626,
              "learning_rate": 0.0001655103615118987
            },
            {
              "discount_factor": 0.9093464289857447,
              "gae_lambda": 0.8671219632994968,
              "learning_rate": 0.0003792109286009924
            }
          ]
        ]
      ]
    },
    "next_bracket": 1
  }
}