{
  "stats": {
    "submitted": 1,
    "finished": 1,
    "running": 0
  },
  "data": [
    [
      1,
      null,
      1902322499,
      10000.0,
      172.39953798828208,
      7.4866344928741455,
      1,
      1718788232.0570092,
      1718788239.5439982,
      {}
    ]
  ],
  "configs": {
    "1": {
      "discount_factor": 0.9933489782137757,
      "gae_lambda": 0.8186384297964396,
      "learning_rate": 2.5154838172114807e-05
    }
  },
  "config_origins": {
    "1": "Initial Design: Random"
  }
}