{
  "incumbent_ids": [
    2
  ],
  "rejected_config_ids": [
    1
  ],
  "incumbents_changed": 2,
  "trajectory": [
    {
      "config_ids": [
        1
      ],
      "costs": [
        182.41830170156834
      ],
      "trial": 1,
      "walltime": 2.6334919929504395
    },
    {
      "config_ids": [
        2
      ],
      "costs": [
        118.44557945666257
      ],
      "trial": 2,
      "walltime": 4.970224380493164
    }
  ],
  "state": {
    "tracker": {
      "0,0": [
        [
          0,
          [
            {
              "discount_factor": 0.9279551717209142,
              "gae_lambda": 0.9747505733352441,
              "learning_rate": 0.008593481131845986
            }
          ]
        ]
      ]
    }
  }
}