{
  "stats": {
    "submitted": 11,
    "finished": 11,
    "running": 0
  },
  "data": [
    [
      1,
      null,
      2019675817,
      1000.0,
      182.41830170156834,
      2.631959915161133,
      1,
      1719526668.9386394,
      1719526671.5709763,
      {}
    ],
    [
      2,
      null,
      2019675817,
      1000.0,
      118.44557945666257,
      2.270372152328491,
      1,
      1719526671.6369462,
      1719526673.907684,
      {}
    ],
    [
      3,
      null,
      2019675817,
      1000.0,
      131.86072852113244,
      2.3084328174591064,
      1,
      1719526673.9090226,
      1719526676.2178159,
      {}
    ],
    [
      4,
      null,
      2019675817,
      1000.0,
      171.32020868757775,
      2.213665008544922,
      1,
      1719526676.2189822,
      1719526678.43301,
      {}
    ],
    [
      5,
      null,
      2019675817,
      1000.0,
      179.6426633477653,
      2.203479766845703,
      1,
      1719526678.43422,
      1719526680.6380608,
      {}
    ],
    [
      6,
      null,
      2019675817,
      1000.0,
      150.94943465428318,
      2.200535297393799,
      1,
      1719526680.6393063,
      1719526682.8402038,
      {}
    ],
    [
      7,
      null,
      2019675817,
      1000.0,
      184.56624476485672,
      2.214689016342163,
      1,
      1719526682.841493,
      1719526685.05655,
      {}
    ],
    [
      8,
      null,
      2019675817,
      1000.0,
      206.23838700370356,
      2.2306480407714844,
      1,
      1719526685.0579813,
      1719526687.2889884,
      {}
    ],
    [
      9,
      null,
      2019675817,
      1000.0,
      134.27914351571573,
      2.2099051475524902,
      1,
      1719526687.2903638,
      1719526689.5006378,
      {}
    ],
    [
      10,
      null,
      2019675817,
      1000.0,
      221.66432815299152,
      2.2726786136627197,
      1,
      1719526689.6520503,
      1719526691.925083,
      {}
    ],
    [
      11,
      null,
      2019675817,
      1000.0,
      173.8782185820221,
      2.322519540786743,
      1,
      1719526691.9264588,
      1719526694.2493615,
      {}
    ]
  ],
  "configs": {
    "1": {
      "discount_factor": 0.9960539996441715,
      "gae_lambda": 0.9209932843407714,
      "learning_rate": 0.0011135339031827388
    },
    "2": {
      "discount_factor": 0.9340002758954609,
      "gae_lambda": 0.9734290270004439,
      "learning_rate": 0.00632052760743283
    },
    "3": {
      "discount_factor": 0.9648831079356155,
      "gae_lambda": 0.8580349714551072,
      "learning_rate": 0.005360768592524701
    },
    "4": {
      "discount_factor": 0.9037316785498345,
      "gae_lambda": 0.9544115288068391,
      "learning_rate": 0.0002703760062708082
    },
    "5": {
      "discount_factor": 0.9360458765302202,
      "gae_lambda": 0.9884041898190088,
      "learning_rate": 6.0125080046648906e-05
    },
    "6": {
      "discount_factor": 0.9410211109083108,
      "gae_lambda": 0.8617019141419734,
      "learning_rate": 0.00026003690864543445
    },
    "7": {
      "discount_factor": 0.998167382448754,
      "gae_lambda": 0.8368495870748371,
      "learning_rate": 6.829884390155842e-05
    },
    "8": {
      "discount_factor": 0.9522609022513309,
      "gae_lambda": 0.9941884776552334,
      "learning_rate": 1.3215185544405904e-05
    },
    "9": {
      "discount_factor": 0.9753956534352795,
      "gae_lambda": 0.8516538515580397,
      "learning_rate": 0.004633387552149799
    },
    "10": {
      "discount_factor": 0.929108354131481,
      "gae_lambda": 0.9103602073818937,
      "learning_rate": 0.007841917207379997
    },
    "11": {
      "discount_factor": 0.9279551717209142,
      "gae_lambda": 0.9747505733352441,
      "learning_rate": 0.008593481131845986
    }
  },
  "config_origins": {
    "1": "Initial Design: Random",
    "2": "Acquisition Function Maximizer: Random Search (sorted)",
    "3": "Acquisition Function Maximizer: Random Search (sorted)",
    "4": "Acquisition Function Maximizer: Random Search (sorted)",
    "5": "Acquisition Function Maximizer: Random Search (sorted)",
    "6": "Acquisition Function Maximizer: Random Search (sorted)",
    "7": "Acquisition Function Maximizer: Random Search (sorted)",
    "8": "Acquisition Function Maximizer: Random Search (sorted)",
    "9": "Acquisition Function Maximizer: Random Search (sorted)",
    "10": "Acquisition Function Maximizer: Local Search",
    "11": "Acquisition Function Maximizer: Local Search"
  }
}