{
  "incumbent_ids": [
    1
  ],
  "rejected_config_ids": [],
  "incumbents_changed": 1,
  "trajectory": [
    {
      "config_ids": [
        1
      ],
      "costs": [
        -290.3619047619047
      ],
      "trial": 1,
      "walltime": 35.0399968624115
    }
  ],
  "state": {
    "tracker": {
      "0,0": [
        [
          0,
          [
            {
              "discount_factor": 0.9943337092843494,
              "gae_lambda": 0.9840098667157263,
              "learning_rate": 0.0011250730384703346
            }
          ]
        ]
      ]
    },
    "next_bracket": 0
  }
}