{
  "stats": {
    "submitted": 1,
    "finished": 1,
    "running": 0
  },
  "data": [
    [
      1,
      null,
      1945043591,
      15.0,
      -290.3619047619047,
      35.037858724594116,
      1,
      1719481345.2732184,
      1719481380.3116295,
      {}
    ]
  ],
  "configs": {
    "1": {
      "discount_factor": 0.9943337092843494,
      "gae_lambda": 0.9840098667157263,
      "learning_rate": 0.0011250730384703346
    }
  },
  "config_origins": {
    "1": "Initial Design: Random"
  }
}