{
  "incumbent_ids": [
    10
  ],
  "rejected_config_ids": [
    1
  ],
  "incumbents_changed": 2,
  "trajectory": [
    {
      "config_ids": [
        1
      ],
      "costs": [
        -358.0736842105263
      ],
      "trial": 1,
      "walltime": 18.46690344810486
    },
    {
      "config_ids": [
        10
      ],
      "costs": [
        -374.3157894736842
      ],
      "trial": 10,
      "walltime": 158.19304895401
    }
  ],
  "state": {
    "queue": [
      [
        12,
        1
      ]
    ]
  }
}