{
  "stats": {
    "submitted": 12,
    "finished": 12,
    "running": 0
  },
  "data": [
    [
      1,
      null,
      801400922,
      null,
      -358.0736842105263,
      18.465434312820435,
      1,
      1719692839.2733762,
      1719692857.7391982,
      {}
    ],
    [
      2,
      null,
      801400922,
      null,
      -147.96842105263158,
      13.857978820800781,
      1,
      1719692857.7407904,
      1719692871.5991504,
      {}
    ],
    [
      3,
      null,
      801400922,
      null,
      -351.1578947368421,
      19.39501953125,
      1,
      1719692871.6005669,
      1719692890.9959342,
      {}
    ],
    [
      4,
      null,
      801400922,
      null,
      -62.05263157894737,
      12.698962926864624,
      1,
      1719692890.997447,
      1719692903.6968179,
      {}
    ],
    [
      5,
      null,
      801400922,
      null,
      -169.78947368421055,
      16.22868299484253,
      1,
      1719692903.6984336,
      1719692919.9275205,
      {}
    ],
    [
      6,
      null,
      801400922,
      null,
      -244.78947368421052,
      18.3788480758667,
      1,
      1719692919.9293509,
      1719692938.3086462,
      {}
    ],
    [
      7,
      null,
      801400922,
      null,
      -36.578947368421055,
      12.149651050567627,
      1,
      1719692938.3103058,
      1719692950.460344,
      {}
    ],
    [
      8,
      null,
      801400922,
      null,
      -196.66315789473683,
      15.51242446899414,
      1,
      1719692950.4620879,
      1719692965.9749074,
      {}
    ],
    [
      9,
      null,
      801400922,
      null,
      -30.01052631578947,
      12.015579462051392,
      1,
      1719692965.9765615,
      1719692977.9925337,
      {}
    ],
    [
      10,
      null,
      801400922,
      null,
      -374.3157894736842,
      19.470560550689697,
      1,
      1719692977.9943254,
      1719692997.4652913,
      {}
    ],
    [
      11,
      null,
      801400922,
      null,
      -289.3052631578947,
      17.633936882019043,
      1,
      1719692997.467145,
      1719693015.1014698,
      {}
    ],
    [
      12,
      null,
      801400922,
      null,
      -279.5894736842106,
      17.554524183273315,
      1,
      1719693015.1032953,
      1719693032.6582065,
      {}
    ]
  ],
  "configs": {
    "1": {
      "discount_factor": 0.9328800318930298,
      "gae_lambda": 0.8307219495614991,
      "learning_rate": 0.0012512290567289514
    },
    "2": {
      "discount_factor": 0.9756323641911149,
      "gae_lambda": 0.9062113861972466,
      "learning_rate": 0.0001109968427844252
    },
    "3": {
      "discount_factor": 0.9666719197835774,
      "gae_lambda": 0.8889345991332084,
      "learning_rate": 0.0017955106801961116
    },
    "4": {
      "discount_factor": 0.9227945291809738,
      "gae_lambda": 0.9720335475429893,
      "learning_rate": 3.2401004317044515e-05
    },
    "5": {
      "discount_factor": 0.9070306290518493,
      "gae_lambda": 0.8746153102247045,
      "learning_rate": 0.0001866359573880329
    },
    "6": {
      "discount_factor": 0.951326057586819,
      "gae_lambda": 0.9872289824383333,
      "learning_rate": 0.0003897595146632542
    },
    "7": {
      "discount_factor": 0.99099483509548,
      "gae_lambda": 0.8078274454455823,
      "learning_rate": 2.2983260005143636e-05
    },
    "8": {
      "discount_factor": 0.9486696088761092,
      "gae_lambda": 0.9284271582774818,
      "learning_rate": 0.0074545633844614505
    },
    "9": {
      "discount_factor": 0.9375907093193382,
      "gae_lambda": 0.8783428907757626,
      "learning_rate": 1.5188592134956313e-05
    },
    "10": {
      "discount_factor": 0.9957653378359973,
      "gae_lambda": 0.9585290204146877,
      "learning_rate": 0.004789274199447765
    },
    "11": {
      "discount_factor": 0.9589124274048955,
      "gae_lambda": 0.8382033429089935,
      "learning_rate": 0.00029858066894911567
    },
    "12": {
      "discount_factor": 0.9057043162062764,
      "gae_lambda": 0.9228288793414832,
      "learning_rate": 0.0005738240756880682
    }
  },
  "config_origins": {
    "1": "Initial Design: Sobol",
    "2": "Initial Design: Sobol",
    "3": "Initial Design: Sobol",
    "4": "Initial Design: Sobol",
    "5": "Initial Design: Sobol",
    "6": "Initial Design: Sobol",
    "7": "Initial Design: Sobol",
    "8": "Initial Design: Sobol",
    "9": "Initial Design: Sobol",
    "10": "Initial Design: Sobol",
    "11": "Initial Design: Sobol",
    "12": "Initial Design: Sobol"
  }
}