{
  "incumbent_ids": [
    4
  ],
  "rejected_config_ids": [
    1,
    2,
    3
  ],
  "incumbents_changed": 4,
  "trajectory": [
    {
      "config_ids": [
        1
      ],
      "costs": [
        -26.857142857142858
      ],
      "trial": 1,
      "walltime": 9.780641078948975
    },
    {
      "config_ids": [
        2
      ],
      "costs": [
        -237.0
      ],
      "trial": 2,
      "walltime": 22.488661766052246
    },
    {
      "config_ids": [
        3
      ],
      "costs": [
        -254.07142857142858
      ],
      "trial": 3,
      "walltime": 34.610140323638916
    },
    {
      "config_ids": [
        4
      ],
      "costs": [
        -254.1
      ],
      "trial": 4,
      "walltime": 46.98006868362427
    }
  ],
  "state": {
    "queue": [
      [
        10,
        1
      ]
    ]
  }
}