{
  "stats": {
    "submitted": 10,
    "finished": 10,
    "running": 0
  },
  "data": [
    [
      1,
      null,
      33931273,
      null,
      -26.857142857142858,
      9.778723001480103,
      1,
      1719509495.6619248,
      1719509505.441248,
      {}
    ],
    [
      2,
      null,
      33931273,
      null,
      -237.0,
      12.705079078674316,
      1,
      1719509505.4435663,
      1719509518.1493862,
      {}
    ],
    [
      3,
      null,
      33931273,
      null,
      -254.07142857142858,
      12.037699222564697,
      1,
      1719509518.2328048,
      1719509530.270856,
      {}
    ],
    [
      4,
      null,
      33931273,
      null,
      -254.1,
      12.36777114868164,
      1,
      1719509530.2726476,
      1719509542.6408072,
      {}
    ],
    [
      5,
      null,
      33931273,
      null,
      -218.27142857142854,
      11.422139406204224,
      1,
      1719509542.6427321,
      1719509554.065437,
      {}
    ],
    [
      6,
      null,
      33931273,
      null,
      -176.82857142857142,
      11.008821249008179,
      1,
      1719509554.0673168,
      1719509565.0765173,
      {}
    ],
    [
      7,
      null,
      33931273,
      null,
      -43.75714285714286,
      9.391106605529785,
      1,
      1719509565.0786686,
      1719509574.4702036,
      {}
    ],
    [
      8,
      null,
      33931273,
      null,
      -36.27142857142857,
      8.802595138549805,
      1,
      1719509574.4723222,
      1719509583.2753143,
      {}
    ],
    [
      9,
      null,
      33931273,
      null,
      -156.87142857142857,
      10.392428874969482,
      1,
      1719509583.2771492,
      1719509593.6699564,
      {}
    ],
    [
      10,
      null,
      33931273,
      null,
      -51.528571428571425,
      9.671542167663574,
      1,
      1719509593.6720128,
      1719509603.3440168,
      {}
    ]
  ],
  "configs": {
    "1": {
      "discount_factor": 0.9553557227728888,
      "gae_lambda": 0.9947438538176939,
      "learning_rate": 1.7401786933985347e-05
    },
    "2": {
      "discount_factor": 0.9065552846426145,
      "gae_lambda": 0.8764202827876434,
      "learning_rate": 0.0005663771821439416
    },
    "3": {
      "discount_factor": 0.9035842664985795,
      "gae_lambda": 0.8766733526423764,
      "learning_rate": 0.0010949062561666258
    },
    "4": {
      "discount_factor": 0.9457221410887757,
      "gae_lambda": 0.8792796468965669,
      "learning_rate": 0.0009778023815076847
    },
    "5": {
      "discount_factor": 0.9500987081230594,
      "gae_lambda": 0.844292937205544,
      "learning_rate": 0.001843653847757656
    },
    "6": {
      "discount_factor": 0.9575543437480822,
      "gae_lambda": 0.8687963359327762,
      "learning_rate": 0.00015522279038290601
    },
    "7": {
      "discount_factor": 0.9985877860369835,
      "gae_lambda": 0.8346422125034493,
      "learning_rate": 3.8000017107533864e-05
    },
    "8": {
      "discount_factor": 0.9896812084153419,
      "gae_lambda": 0.8174826076522721,
      "learning_rate": 3.110311658461063e-05
    },
    "9": {
      "discount_factor": 0.9018251585851672,
      "gae_lambda": 0.9139739957269015,
      "learning_rate": 0.00032315386954523634
    },
    "10": {
      "discount_factor": 0.9659872968654469,
      "gae_lambda": 0.8813794637032174,
      "learning_rate": 4.18012435588629e-05
    }
  },
  "config_origins": {
    "1": "Initial Design: Sobol",
    "2": "Initial Design: Sobol",
    "3": "Acquisition Function Maximizer: Local Search",
    "4": "Acquisition Function Maximizer: Random Search (sorted)",
    "5": "Acquisition Function Maximizer: Local Search",
    "6": "Acquisition Function Maximizer: Local Search",
    "7": "Acquisition Function Maximizer: Local Search",
    "8": "Acquisition Function Maximizer: Local Search",
    "9": "Acquisition Function Maximizer: Local Search",
    "10": "Acquisition Function Maximizer: Local Search"
  }
}