{
  "incumbent_ids": [
    1
  ],
  "rejected_config_ids": [],
  "incumbents_changed": 1,
  "trajectory": [
    {
      "config_ids": [
        1
      ],
      "costs": [
        -358.6842105263158
      ],
      "trial": 1,
      "walltime": 23.600916862487793
    }
  ],
  "state": {
    "tracker": {
      "0,0": [
        [
          0,
          [
            {
              "discount_factor": 0.9471063661957643,
              "gae_lambda": 0.9460155587576122,
              "learning_rate": 0.002161219088706585
            }
          ]
        ]
      ]
    },
    "next_bracket": 0
  }
}