{
  "stats": {
    "submitted": 3,
    "finished": 3,
    "running": 0
  },
  "data": [
    [
      1,
      null,
      351754165,
      20000.0,
      -358.6842105263158,
      23.5975980758667,
      1,
      1709382425.5692966,
      1709382449.1673496,
      {}
    ],
    [
      2,
      null,
      351754165,
      20000.0,
      -58.89473684210526,
      13.90729808807373,
      1,
      1709382449.2646384,
      1709382463.172333,
      {}
    ],
    [
      3,
      null,
      351754165,
      20000.0,
      -294.021052631579,
      21.068992614746094,
      1,
      1709382463.1761796,
      1709382484.2463496,
      {}
    ]
  ],
  "configs": {
    "1": {
      "discount_factor": 0.9576080155203961,
      "gae_lambda": 0.8858182156960325,
      "learning_rate": 0.009354815375632985
    },
    "2": {
      "discount_factor": 0.9358494010476243,
      "gae_lambda": 0.9223783669941328,
      "learning_rate": 3.175576943149938e-05
    },
    "3": {
      "discount_factor": 0.9471063661957643,
      "gae_lambda": 0.9460155587576122,
      "learning_rate": 0.002161219088706585
    }
  },
  "config_origins": {
    "1": "Initial Design: Random",
    "2": "Acquisition Function Maximizer: Random Search (sorted)",
    "3": "Acquisition Function Maximizer: Random Search (sorted)"
  }
}