{
  "incumbent_ids": [],
  "rejected_config_ids": [],
  "incumbents_changed": 0,
  "trajectory": [],
  "state": {
    "tracker": {
      "0,0": [
        [
          0,
          [
            {
              "discount_factor": 0.9818250859448017,
              "gae_lambda": 0.8366574835080118,
              "learning_rate": 4.637492462413647e-05
            },
            {
              "discount_factor": 0.9938774545492458,
              "gae_lambda": 0.8466413163231694,
              "learning_rate": 0.004936725692830057
            },
            {
              "discount_factor": 0.9871707600381249,
              "gae_lambda": 0.9064226551368608,
              "learning_rate": 0.0013133823054261387
            }
          ]
        ]
      ]
    },
    "next_bracket": 1
  }
}