{
  "stats": {
    "submitted": 1,
    "finished": 1,
    "running": 0
  },
  "data": [
    [
      1,
      null,
      1402375641,
      3333.333333333333,
      156.8599597720422,
      10.192094564437866,
      1,
      1719525754.0986946,
      1719525764.291173,
      {}
    ]
  ],
  "configs": {
    "1": {
      "discount_factor": 0.9818250859448017,
      "gae_lambda": 0.8366574835080118,
      "learning_rate": 4.637492462413647e-05
    }
  },
  "config_origins": {
    "1": "Initial Design: Random"
  }
}