{
  "incumbent_ids": [],
  "rejected_config_ids": [],
  "incumbents_changed": 0,
  "trajectory": [],
  "state": {
    "tracker": {
      "0,0": [
        [
          0,
          [
            {
              "discount_factor": 0.9774828703169196,
              "gae_lambda": 0.8680547884751708,
              "learning_rate": 0.00014727986917741843
            },
            {
              "discount_factor": 0.9713595126959196,
              "gae_lambda": 0.8229539352548157,
              "learning_rate": 4.954177762098984e-05
            },
            {
              "discount_factor": 0.9794046677544552,
              "gae_lambda": 0.9389929045356921,
              "learning_rate": 2.1569888439182757e-05
            }
          ]
        ]
      ]
    },
    "next_bracket": 1
  }
}