{
  "stats": {
    "submitted": 2,
    "finished": 2,
    "running": 0
  },
  "data": [
    [
      1,
      null,
      1213995101,
      10000.0,
      -87.75555555555555,
      7.525621175765991,
      1,
      1719477204.5285268,
      1719477212.054644,
      {}
    ],
    [
      2,
      null,
      1213995101,
      10000.0,
      -33.26666666666667,
      5.500559329986572,
      1,
      1719477212.056038,
      1719477217.5569608,
      {}
    ]
  ],
  "configs": {
    "1": {
      "discount_factor": 0.9774828703169196,
      "gae_lambda": 0.8680547884751708,
      "learning_rate": 0.00014727986917741843
    },
    "2": {
      "discount_factor": 0.9713595126959196,
      "gae_lambda": 0.8229539352548157,
      "learning_rate": 4.954177762098984e-05
    }
  },
  "config_origins": {
    "1": "Initial Design: Random",
    "2": "Initial Design: Random"
  }
}