{
  "incumbent_ids": [
    2
  ],
  "rejected_config_ids": [
    1
  ],
  "incumbents_changed": 2,
  "trajectory": [
    {
      "config_ids": [
        1
      ],
      "costs": [
        -39.76190476190476
      ],
      "trial": 1,
      "walltime": 13.302365064620972
    },
    {
      "config_ids": [
        2
      ],
      "costs": [
        -227.50476190476192
      ],
      "trial": 2,
      "walltime": 30.48958420753479
    }
  ],
  "state": {
    "tracker": {
      "0,0": [
        [
          0,
          [
            {
              "discount_factor": 0.9463951626842679,
              "gae_lambda": 0.8992906107524463,
              "learning_rate": 0.00021980262169278285
            }
          ]
        ]
      ]
    },
    "next_bracket": 0
  }
}