{
  "stats": {
    "submitted": 2,
    "finished": 2,
    "running": 0
  },
  "data": [
    [
      1,
      null,
      2048256725,
      15.0,
      -39.76190476190476,
      13.300525665283203,
      1,
      1719481907.744756,
      1719481921.045701,
      {}
    ],
    [
      2,
      null,
      2048256725,
      15.0,
      -227.50476190476192,
      17.185399532318115,
      1,
      1719481921.0471995,
      1719481938.233004,
      {}
    ]
  ],
  "configs": {
    "1": {
      "discount_factor": 0.9967127961876838,
      "gae_lambda": 0.9036247471951335,
      "learning_rate": 2.2051816352708058e-05
    },
    "2": {
      "discount_factor": 0.9463951626842679,
      "gae_lambda": 0.8992906107524463,
      "learning_rate": 0.00021980262169278285
    }
  },
  "config_origins": {
    "1": "Initial Design: Random",
    "2": "Initial Design: Random"
  }
}