{
  "stats": {
    "submitted": 1,
    "finished": 1,
    "running": 0
  },
  "data": [
    [
      1,
      null,
      218450684,
      3333.333333333333,
      188.590627468003,
      11.1699800491333,
      1,
      1719525834.0995543,
      1719525845.26997,
      {}
    ]
  ],
  "configs": {
    "1": {
      "discount_factor": 0.9545353388155717,
      "gae_lambda": 0.8233079631004412,
      "learning_rate": 6.073226856356591e-05
    }
  },
  "config_origins": {
    "1": "Initial Design: Random"
  }
}