{
  "stats": {
    "submitted": 1,
    "finished": 1,
    "running": 0
  },
  "data": [
    [
      1,
      null,
      278003033,
      16666.666666666664,
      160.37267926542302,
      14.669434547424316,
      1,
      1718791401.6624515,
      1718791416.3322785,
      {}
    ]
  ],
  "configs": {
    "1": {
      "discount_factor": 0.9559080344429917,
      "gae_lambda": 0.9282607459655495,
      "learning_rate": 0.00010421442228838483
    }
  },
  "config_origins": {
    "1": "Initial Design: Random"
  }
}