{
  "incumbent_ids": [
    1
  ],
  "rejected_config_ids": [],
  "incumbents_changed": 1,
  "trajectory": [
    {
      "config_ids": [
        1
      ],
      "costs": [
        -225.65
      ],
      "trial": 1,
      "walltime": 21.32465696334839
    }
  ],
  "state": {
    "tracker": {
      "0,0": [
        [
          0,
          [
            {
              "discount_factor": 0.9245751278707505,
              "gae_lambda": 0.8787614193671074,
              "learning_rate": 0.0005360990922530178
            }
          ]
        ]
      ]
    },
    "next_bracket": 0
  }
}