{
  "stats": {
    "submitted": 1,
    "finished": 1,
    "running": 0
  },
  "data": [
    [
      1,
      null,
      1066155260,
      25000.0,
      -225.65,
      21.322827100753784,
      1,
      1719478507.183424,
      1719478528.506752,
      {}
    ]
  ],
  "configs": {
    "1": {
      "discount_factor": 0.9245751278707505,
      "gae_lambda": 0.8787614193671074,
      "learning_rate": 0.0005360990922530178
    }
  },
  "config_origins": {
    "1": "Initial Design: Random"
  }
}