{
  "stats": {
    "submitted": 19,
    "finished": 19,
    "running": 0
  },
  "data": [
    [
      1,
      null,
      190199815,
      2.2222222222222223,
      123.04687026415095,
      511.8957269191742,
      1,
      1720019116.4550354,
      1720019628.351129,
      {}
    ],
    [
      2,
      null,
      190199815,
      2.2222222222222223,
      155.79714506792453,
      486.8958191871643,
      1,
      1720019628.353379,
      1720020115.2499347,
      {}
    ],
    [
      3,
      null,
      190199815,
      2.2222222222222223,
      166.59124093584902,
      510.57965564727783,
      1,
      1720020115.2511432,
      1720020625.8312368,
      {}
    ],
    [
      4,
      null,
      190199815,
      2.2222222222222223,
      184.4038197660377,
      505.73519372940063,
      1,
      1720020625.832505,
      1720021131.5682414,
      {}
    ],
    [
      5,
      null,
      190199815,
      2.2222222222222223,
      -3.857883041509436,
      491.92756605148315,
      1,
      1720021131.5701363,
      1720021623.4984703,
      {}
    ],
    [
      6,
      null,
      190199815,
      2.2222222222222223,
      202.5129066830189,
      506.8359863758087,
      1,
      1720021623.499733,
      1720022130.3361397,
      {}
    ],
    [
      7,
      null,
      190199815,
      2.2222222222222223,
      146.28453987924527,
      507.9347720146179,
      1,
      1720022130.3379302,
      1720022638.2731328,
      {}
    ],
    [
      8,
      null,
      190199815,
      2.2222222222222223,
      180.69992421886792,
      509.95745730400085,
      1,
      1720022638.2751985,
      1720023148.233406,
      {}
    ],
    [
      9,
      null,
      190199815,
      2.2222222222222223,
      -101.49029534339621,
      487.40035343170166,
      1,
      1720023148.234755,
      1720023635.6355808,
      {}
    ],
    [
      9,
      null,
      190199815,
      6.666666666666666,
      -121.83277186875,
      600.7889828681946,
      1,
      1720023635.638582,
      1720024236.4279916,
      {}
    ],
    [
      5,
      null,
      190199815,
      6.666666666666666,
      -21.311698953125,
      607.780499458313,
      1,
      1720024236.4292839,
      1720024844.2102084,
      {}
    ],
    [
      1,
      null,
      190199815,
      6.666666666666666,
      108.3093623875,
      616.5318217277527,
      1,
      1720024844.2120686,
      1720025460.7443333,
      {}
    ],
    [
      9,
      null,
      190199815,
      20.0,
      -79.169616642,
      952.1512529850006,
      1,
      1720025460.7459586,
      1720026412.897667,
      {}
    ],
    [
      10,
      null,
      190199815,
      6.666666666666666,
      185.019677475,
      655.2283260822296,
      1,
      1720026413.180224,
      1720027068.408992,
      {}
    ],
    [
      11,
      null,
      190199815,
      6.666666666666666,
      226.68465113125,
      648.3744895458221,
      1,
      1720027068.4113212,
      1720027716.7862859,
      {}
    ],
    [
      12,
      null,
      190199815,
      6.666666666666666,
      -161.73490980312502,
      604.5425701141357,
      1,
      1720027716.7877808,
      1720028321.330784,
      {}
    ],
    [
      13,
      null,
      190199815,
      6.666666666666666,
      820.77202853125,
      592.2714829444885,
      1,
      1720028321.332622,
      1720028913.6048148,
      {}
    ],
    [
      14,
      null,
      190199815,
      6.666666666666666,
      175.317819090625,
      646.2394032478333,
      1,
      1720028913.6066434,
      1720029559.84658,
      {}
    ],
    [
      12,
      null,
      190199815,
      20.0,
      -170.21649654200002,
      952.120265007019,
      1,
      1720029559.8485603,
      1720030511.9692814,
      {}
    ]
  ],
  "configs": {
    "1": {
      "discount_factor": 0.9538841502113746,
      "gae_lambda": 0.988228023852574,
      "learning_rate": 0.0016454948612712606
    },
    "2": {
      "discount_factor": 0.9425339833092153,
      "gae_lambda": 0.9318021314655185,
      "learning_rate": 0.0018860505481185954
    },
    "3": {
      "discount_factor": 0.9047633623829683,
      "gae_lambda": 0.9236768186798345,
      "learning_rate": 0.00041767715513019393
    },
    "4": {
      "discount_factor": 0.9079199073295134,
      "gae_lambda": 0.9510993380409367,
      "learning_rate": 0.003291304690897923
    },
    "5": {
      "discount_factor": 0.9810858985152235,
      "gae_lambda": 0.938970095442293,
      "learning_rate": 0.0006442132714618114
    },
    "6": {
      "discount_factor": 0.9281516622497362,
      "gae_lambda": 0.9608375226013395,
      "learning_rate": 0.0029426970483537006
    },
    "7": {
      "discount_factor": 0.9564246093438302,
      "gae_lambda": 0.9557207544840045,
      "learning_rate": 0.00028201796261472813
    },
    "8": {
      "discount_factor": 0.9565365101754352,
      "gae_lambda": 0.9807141773724081,
      "learning_rate": 0.0028903653804545674
    },
    "9": {
      "discount_factor": 0.9971502939546372,
      "gae_lambda": 0.9409163425429188,
      "learning_rate": 0.0021437853416209434
    },
    "10": {
      "discount_factor": 0.9137465355836718,
      "gae_lambda": 0.97305001888878,
      "learning_rate": 0.00022079027290193334
    },
    "11": {
      "discount_factor": 0.9145208301848495,
      "gae_lambda": 0.9087796177808185,
      "learning_rate": 0.00015037151793139442
    },
    "12": {
      "discount_factor": 0.9988241561983336,
      "gae_lambda": 0.9113405517366603,
      "learning_rate": 0.0015753102094794046
    },
    "13": {
      "discount_factor": 0.9428302515033249,
      "gae_lambda": 0.9132993386701077,
      "learning_rate": 0.006611779049602952
    },
    "14": {
      "discount_factor": 0.9149173820433404,
      "gae_lambda": 0.9051561751954045,
      "learning_rate": 0.0001236576168379792
    }
  },
  "config_origins": {
    "1": "Initial Design: Random",
    "2": "Initial Design: Random",
    "3": "Initial Design: Random",
    "4": "Initial Design: Random",
    "5": "Initial Design: Random",
    "6": "Initial Design: Random",
    "7": "Initial Design: Random",
    "8": "Initial Design: Random",
    "9": "Initial Design: Random",
    "10": "Acquisition Function Maximizer: Random Search (sorted)",
    "11": "Acquisition Function Maximizer: Random Search (sorted)",
    "12": "Acquisition Function Maximizer: Random Search (sorted)",
    "13": "Acquisition Function Maximizer: Random Search (sorted)",
    "14": "Acquisition Function Maximizer: Random Search (sorted)"
  }
}