{
  "stats": {
    "submitted": 12,
    "finished": 12,
    "running": 0
  },
  "data": [
    [
      1,
      null,
      391322001,
      22222.222222222223,
      113.13502849625556,
      135.4470019340515,
      1,
      1719587557.163612,
      1719587692.6110046,
      {}
    ],
    [
      2,
      null,
      391322001,
      22222.222222222223,
      30.492742362827393,
      116.35641312599182,
      1,
      1719587692.6125183,
      1719587808.9693313,
      {}
    ],
    [
      3,
      null,
      391322001,
      22222.222222222223,
      90.64181236838613,
      124.47156262397766,
      1,
      1719587808.970759,
      1719587933.4427066,
      {}
    ],
    [
      4,
      null,
      391322001,
      22222.222222222223,
      159.27112166141026,
      92.10359382629395,
      1,
      1719587933.4439569,
      1719588025.547954,
      {}
    ],
    [
      5,
      null,
      391322001,
      22222.222222222223,
      147.2221655518629,
      79.34979963302612,
      1,
      1719588025.5493808,
      1719588104.899594,
      {}
    ],
    [
      6,
      null,
      391322001,
      22222.222222222223,
      170.64368320044943,
      86.02448105812073,
      1,
      1719588104.9013944,
      1719588190.9263084,
      {}
    ],
    [
      7,
      null,
      391322001,
      22222.222222222223,
      137.91140972873592,
      150.25812554359436,
      1,
      1719588190.9277632,
      1719588341.18628,
      {}
    ],
    [
      8,
      null,
      391322001,
      22222.222222222223,
      185.73913932821443,
      75.26702070236206,
      1,
      1719588341.1877453,
      1719588416.4551675,
      {}
    ],
    [
      9,
      null,
      391322001,
      22222.222222222223,
      174.14299637164433,
      100.78989386558533,
      1,
      1719588416.4566536,
      1719588517.2469523,
      {}
    ],
    [
      2,
      null,
      391322001,
      66666.66666666666,
      -128.7033560268894,
      427.989431142807,
      1,
      1719588517.2490895,
      1719588945.2389002,
      {}
    ],
    [
      3,
      null,
      391322001,
      66666.66666666666,
      -96.83482830833617,
      330.5926043987274,
      1,
      1719588945.2402825,
      1719589275.8332684,
      {}
    ],
    [
      1,
      null,
      391322001,
      66666.66666666666,
      82.79416447207308,
      456.9894812107086,
      1,
      1719589275.8346493,
      1719589732.8245125,
      {}
    ]
  ],
  "configs": {
    "1": {
      "discount_factor": 0.9585200635145746,
      "gae_lambda": 0.8026144234732462,
      "learning_rate": 0.002577079027619411
    },
    "2": {
      "discount_factor": 0.996019518394541,
      "gae_lambda": 0.98710224730116,
      "learning_rate": 0.001707256504153524
    },
    "3": {
      "discount_factor": 0.9880577988719633,
      "gae_lambda": 0.9609761698412691,
      "learning_rate": 0.0003819393845270281
    },
    "4": {
      "discount_factor": 0.9816116889186965,
      "gae_lambda": 0.8683772112253032,
      "learning_rate": 8.83668608369372e-05
    },
    "5": {
      "discount_factor": 0.9794612075262725,
      "gae_lambda": 0.9457915901875501,
      "learning_rate": 2.1913998348863576e-05
    },
    "6": {
      "discount_factor": 0.9045427556559463,
      "gae_lambda": 0.9749194942423813,
      "learning_rate": 2.5521920343733134e-05
    },
    "7": {
      "discount_factor": 0.9279622864865911,
      "gae_lambda": 0.875748469919083,
      "learning_rate": 0.0011140142444742078
    },
    "8": {
      "discount_factor": 0.9592025135683708,
      "gae_lambda": 0.8576398920917753,
      "learning_rate": 1.2586787840505983e-05
    },
    "9": {
      "discount_factor": 0.9631641294912922,
      "gae_lambda": 0.9836139375178549,
      "learning_rate": 0.0096972948050159
    }
  },
  "config_origins": {
    "1": "Initial Design: Random",
    "2": "Initial Design: Random",
    "3": "Initial Design: Random",
    "4": "Initial Design: Random",
    "5": "Initial Design: Random",
    "6": "Custom",
    "7": "Custom",
    "8": "Custom",
    "9": "Custom"
  }
}