{
  "stats": {
    "submitted": 1,
    "finished": 1,
    "running": 0
  },
  "data": [
    [
      1,
      null,
      209652396,
      null,
      -66.2,
      7.899369478225708,
      1,
      1708191640.4786417,
      1708191648.3786361,
      {}
    ]
  ],
  "configs": {
    "1": {
      "discount_factor": 0.9264209735859186,
      "gae_lambda": 0.923492374394089,
      "learning_rate": 2.1014721804024183e-05
    }
  },
  "config_origins": {
    "1": "Initial Design: Sobol"
  }
}