{
  "stats": {
    "submitted": 2,
    "finished": 2,
    "running": 0
  },
  "data": [
    [
      1,
      null,
      1782426980,
      null,
      -147.4857142857143,
      5.564978122711182,
      1,
      1719508166.70956,
      1719508172.2751977,
      {}
    ],
    [
      2,
      null,
      1782426980,
      null,
      -33.199999999999996,
      4.452128171920776,
      1,
      1719508172.276902,
      1719508176.7294583,
      {}
    ]
  ],
  "configs": {
    "1": {
      "discount_factor": 0.9491655405554921,
      "gae_lambda": 0.8665002287765965,
      "learning_rate": 0.001333652068257029
    },
    "2": {
      "discount_factor": 0.9670000038100407,
      "gae_lambda": 0.9838698603976518,
      "learning_rate": 2.6266690114750555e-05
    }
  },
  "config_origins": {
    "1": "Initial Design: Sobol",
    "2": "Initial Design: Sobol"
  }
}