{
  "incumbent_ids": [],
  "rejected_config_ids": [],
  "incumbents_changed": 0,
  "trajectory": [],
  "state": {
    "tracker": {
      "0,0": [
        [
          0,
          [
            {
              "discount_factor": 0.978555935015655,
              "gae_lambda": 0.9327346929740444,
              "learning_rate": 1.7815102752998782e-05
            },
            {
              "discount_factor": 0.9642087572313602,
              "gae_lambda": 0.883128319491135,
              "learning_rate": 0.00962331259065319
            },
            {
              "discount_factor": 0.9154793222589422,
              "gae_lambda": 0.9137616363420963,
              "learning_rate": 0.0017405587146482005
            }
          ]
        ]
      ]
    },
    "next_bracket": 1
  }
}