{
  "stats": {
    "submitted": 2,
    "finished": 2,
    "running": 0
  },
  "data": [
    [
      1,
      null,
      1260548403,
      16666.666666666664,
      187.1148461493419,
      13.418245792388916,
      1,
      1718791287.05778,
      1718791300.4764109,
      {}
    ],
    [
      2,
      null,
      1260548403,
      16666.666666666664,
      212.63650060917473,
      17.15935444831848,
      1,
      1718791300.4778728,
      1718791317.637694,
      {}
    ]
  ],
  "configs": {
    "1": {
      "discount_factor": 0.978555935015655,
      "gae_lambda": 0.9327346929740444,
      "learning_rate": 1.7815102752998782e-05
    },
    "2": {
      "discount_factor": 0.9642087572313602,
      "gae_lambda": 0.883128319491135,
      "learning_rate": 0.00962331259065319
    }
  },
  "config_origins": {
    "1": "Initial Design: Random",
    "2": "Initial Design: Random"
  }
}