{
  "stats": {
    "submitted": 14,
    "finished": 14,
    "running": 0
  },
  "data": [
    [
      1,
      null,
      1904743713,
      11111.111111111111,
      112.35067297328325,
      34.665412187576294,
      1,
      1719559885.0854383,
      1719559919.7511966,
      {}
    ],
    [
      2,
      null,
      1904743713,
      11111.111111111111,
      105.89423676814259,
      50.08229351043701,
      1,
      1719559919.752485,
      1719559969.8351529,
      {}
    ],
    [
      3,
      null,
      1904743713,
      11111.111111111111,
      155.75308081832952,
      35.92656445503235,
      1,
      1719559969.8361094,
      1719560005.7630389,
      {}
    ],
    [
      4,
      null,
      1904743713,
      11111.111111111111,
      87.82013670797494,
      73.87740778923035,
      1,
      1719560005.7640312,
      1719560079.64182,
      {}
    ],
    [
      5,
      null,
      1904743713,
      11111.111111111111,
      173.09164582931763,
      38.86824941635132,
      1,
      1719560079.6462374,
      1719560118.514889,
      {}
    ],
    [
      6,
      null,
      1904743713,
      11111.111111111111,
      -46.32348137544728,
      64.17743062973022,
      1,
      1719560118.5542293,
      1719560182.7327528,
      {}
    ],
    [
      7,
      null,
      1904743713,
      11111.111111111111,
      114.90249087529791,
      64.3584337234497,
      1,
      1719560182.7440841,
      1719560247.1029158,
      {}
    ],
    [
      8,
      null,
      1904743713,
      11111.111111111111,
      82.42292243705562,
      57.132285594940186,
      1,
      1719560247.1040697,
      1719560304.2367332,
      {}
    ],
    [
      9,
      null,
      1904743713,
      11111.111111111111,
      159.8874200313635,
      51.79581165313721,
      1,
      1719560304.2378385,
      1719560356.034027,
      {}
    ],
    [
      6,
      null,
      1904743713,
      33333.33333333333,
      26.744499410644128,
      197.20601725578308,
      1,
      1719560356.0360637,
      1719560553.242461,
      {}
    ],
    [
      8,
      null,
      1904743713,
      33333.33333333333,
      98.98750906203114,
      219.47798776626587,
      1,
      1719560553.2435513,
      1719560772.72191,
      {}
    ],
    [
      4,
      null,
      1904743713,
      33333.33333333333,
      114.91401629901644,
      240.0421462059021,
      1,
      1719560772.7230585,
      1719561012.7655919,
      {}
    ],
    [
      6,
      null,
      1904743713,
      100000.0,
      50.60545692384859,
      645.8846032619476,
      1,
      1719561012.7669015,
      1719561658.6518862,
      {}
    ],
    [
      10,
      null,
      1904743713,
      33333.33333333333,
      120.10793980139616,
      177.00379085540771,
      1,
      1719561658.7837875,
      1719561835.7879565,
      {}
    ]
  ],
  "configs": {
    "1": {
      "discount_factor": 0.9934047883976526,
      "gae_lambda": 0.9717155345058258,
      "learning_rate": 9.25022409329095e-05
    },
    "2": {
      "discount_factor": 0.9250857835927517,
      "gae_lambda": 0.8088086366730861,
      "learning_rate": 0.0008426224530043334
    },
    "3": {
      "discount_factor": 0.9852476152629277,
      "gae_lambda": 0.9623711464942364,
      "learning_rate": 5.6368738227033824e-05
    },
    "4": {
      "discount_factor": 0.9243687479542089,
      "gae_lambda": 0.8327047137277102,
      "learning_rate": 0.0010252938470609863
    },
    "5": {
      "discount_factor": 0.9521153047213172,
      "gae_lambda": 0.8205723441450938,
      "learning_rate": 3.431905129715483e-05
    },
    "6": {
      "discount_factor": 0.9957005175482246,
      "gae_lambda": 0.804365950976293,
      "learning_rate": 0.005751482092340093
    },
    "7": {
      "discount_factor": 0.9780639547792808,
      "gae_lambda": 0.8563460028695643,
      "learning_rate": 0.0008175758704512534
    },
    "8": {
      "discount_factor": 0.9404887379991903,
      "gae_lambda": 0.8431452491501935,
      "learning_rate": 0.0005280792131197176
    },
    "9": {
      "discount_factor": 0.9627732367465012,
      "gae_lambda": 0.8958786769828898,
      "learning_rate": 0.00040935046935358454
    },
    "10": {
      "discount_factor": 0.9718305317201748,
      "gae_lambda": 0.8933790663748454,
      "learning_rate": 0.002156482817809656
    }
  },
  "config_origins": {
    "1": "Initial Design: Random",
    "2": "Custom",
    "3": "Custom",
    "4": "Custom",
    "5": "Custom",
    "6": "Custom",
    "7": "Custom",
    "8": "Custom",
    "9": "Custom",
    "10": "Acquisition Function Maximizer: Random Search (sorted)"
  }
}