{
  "incumbent_ids": [
    1
  ],
  "rejected_config_ids": [],
  "incumbents_changed": 1,
  "trajectory": [
    {
      "config_ids": [
        1
      ],
      "costs": [
        32.06313672828349
      ],
      "trial": 4,
      "walltime": 2369.2281124591827
    }
  ],
  "state": {
    "tracker": {
      "0,1": [
        [
          0,
          [
            {
              "discount_factor": 0.9745754011041933,
              "gae_lambda": 0.9728507783136364,
              "learning_rate": 0.006041653378979572
            }
          ]
        ]
      ]
    },
    "next_bracket": 1
  }
}