{
  "stats": {
    "submitted": 4,
    "finished": 4,
    "running": 0
  },
  "data": [
    [
      1,
      null,
      1087858875,
      66666.66666666666,
      37.58777413610015,
      388.8593990802765,
      1,
      1719562782.1102245,
      1719563170.969972,
      {}
    ],
    [
      2,
      null,
      1087858875,
      66666.66666666666,
      116.47631102809146,
      400.0190200805664,
      1,
      1719563170.9713314,
      1719563570.990748,
      {}
    ],
    [
      3,
      null,
      1087858875,
      66666.66666666666,
      198.01254969658424,
      385.1414141654968,
      1,
      1719563570.9916856,
      1719563956.133535,
      {}
    ],
    [
      1,
      null,
      1087858875,
      200000.0,
      32.06313672828349,
      1195.1998116970062,
      1,
      1719563956.1363747,
      1719565151.3370433,
      {}
    ]
  ],
  "configs": {
    "1": {
      "discount_factor": 0.9745754011041933,
      "gae_lambda": 0.9728507783136364,
      "learning_rate": 0.006041653378979572
    },
    "2": {
      "discount_factor": 0.9188849377353708,
      "gae_lambda": 0.9484893367036735,
      "learning_rate": 0.0026889195684981107
    },
    "3": {
      "discount_factor": 0.9964866577726269,
      "gae_lambda": 0.855268347194817,
      "learning_rate": 0.009433254140964553
    }
  },
  "config_origins": {
    "1": "Initial Design: Random",
    "2": "Custom",
    "3": "Custom"
  }
}