{
  "incumbent_ids": [
    1
  ],
  "rejected_config_ids": [],
  "incumbents_changed": 1,
  "trajectory": [
    {
      "config_ids": [
        1
      ],
      "costs": [
        131.19736269782675
      ],
      "trial": 4,
      "walltime": 1525.9269051551819
    }
  ],
  "state": {
    "tracker": {
      "1,0": [
        [
          0,
          [
            {
              "discount_factor": 0.9891579784308098,
              "gae_lambda": 0.8873082811166484,
              "learning_rate": 1.9594103638385352e-05
            },
            {
              "discount_factor": 0.9171610832394542,
              "gae_lambda": 0.846270044844785,
              "learning_rate": 0.00023303153450929723
            }
          ]
        ]
      ]
    },
    "next_bracket": 0
  }
}