{
  "stats": {
    "submitted": 5,
    "finished": 5,
    "running": 0
  },
  "data": [
    [
      1,
      null,
      1826301820,
      2.6666666666666665,
      107.69954112734055,
      259.47984290122986,
      1,
      1719904790.6899328,
      1719905050.1702976,
      {}
    ],
    [
      2,
      null,
      1826301820,
      2.6666666666666665,
      142.36826655941476,
      307.0851671695709,
      1,
      1719905050.1733532,
      1719905357.2593532,
      {}
    ],
    [
      3,
      null,
      1826301820,
      2.6666666666666665,
      175.46425393422317,
      373.48332381248474,
      1,
      1719905357.260486,
      1719905730.7442548,
      {}
    ],
    [
      1,
      null,
      1826301820,
      8.0,
      131.19736269782675,
      585.8697628974915,
      1,
      1719905730.7455456,
      1719906316.6157255,
      {}
    ],
    [
      4,
      null,
      1826301820,
      8.0,
      132.18306489943296,
      583.0811958312988,
      1,
      1719906316.6171272,
      1719906899.6987684,
      {}
    ]
  ],
  "configs": {
    "1": {
      "discount_factor": 0.9420966838032868,
      "gae_lambda": 0.9308459335393261,
      "learning_rate": 1.7126363191509878e-05
    },
    "2": {
      "discount_factor": 0.9335384876205232,
      "gae_lambda": 0.9576668883530332,
      "learning_rate": 3.4973746215214266e-05
    },
    "3": {
      "discount_factor": 0.9483752282912926,
      "gae_lambda": 0.8615118124007096,
      "learning_rate": 0.00016756529883816775
    },
    "4": {
      "discount_factor": 0.9891579784308098,
      "gae_lambda": 0.8873082811166484,
      "learning_rate": 1.9594103638385352e-05
    }
  },
  "config_origins": {
    "1": "Initial Design: Random",
    "2": "Initial Design: Random",
    "3": "Initial Design: Random",
    "4": "Initial Design: Random"
  }
}