{
  "stats": {
    "submitted": 2,
    "finished": 2,
    "running": 0
  },
  "data": [
    [
      1,
      null,
      68812051,
      null,
      -271.3578947368421,
      16.400173664093018,
      1,
      1719693689.4834456,
      1719693705.8841918,
      {}
    ],
    [
      2,
      null,
      68812051,
      null,
      -51.421052631578945,
      12.342044830322266,
      1,
      1719693705.8858795,
      1719693718.2282965,
      {}
    ]
  ],
  "configs": {
    "1": {
      "discount_factor": 0.9274433360919356,
      "gae_lambda": 0.9264699821276591,
      "learning_rate": 0.0010502734501981349
    },
    "2": {
      "discount_factor": 0.9558257250599563,
      "gae_lambda": 0.8391869491580874,
      "learning_rate": 3.13468113881352e-05
    }
  },
  "config_origins": {
    "1": "Initial Design: Sobol",
    "2": "Initial Design: Sobol"
  }
}