{
  "incumbent_ids": [],
  "rejected_config_ids": [],
  "incumbents_changed": 0,
  "trajectory": [],
  "state": {
    "tracker": {
      "0,0": [
        [
          0,
          [
            {
              "discount_factor": 0.9823279958904602,
              "gae_lambda": 0.9402480754736493,
              "learning_rate": 0.002392321763477985
            },
            {
              "discount_factor": 0.9044924530834527,
              "gae_lambda": 0.9131078227472917,
              "learning_rate": 7.687841300668948e-05
            },
            {
              "discount_factor": 0.9747313306498236,
              "gae_lambda": 0.9284076753876689,
              "learning_rate": 4.2530529251764594e-05
            }
          ]
        ]
      ]
    }
  }
}