{
  "stats": {
    "submitted": 1,
    "finished": 0,
    "running": 1
  },
  "data": [
    [
      1,
      null,
      1424193618,
      8333.333333333332,
      2147483647.0,
      0.0,
      0,
      0.0,
      0.0,
      {}
    ]
  ],
  "configs": {
    "1": {
      "discount_factor": 0.9823279958904602,
      "gae_lambda": 0.9402480754736493,
      "learning_rate": 0.002392321763477985
    }
  },
  "config_origins": {
    "1": "Initial Design: Random"
  }
}