{
  "incumbent_ids": [
    1
  ],
  "rejected_config_ids": [],
  "incumbents_changed": 1,
  "trajectory": [
    {
      "config_ids": [
        1
      ],
      "costs": [
        -36.733333333333334
      ],
      "trial": 1,
      "walltime": 31.40202498435974
    }
  ],
  "state": {
    "tracker": {
      "0,0": [
        [
          0,
          [
            {
              "discount_factor": 0.9499602565303638,
              "gae_lambda": 0.810898142051522,
              "learning_rate": 3.312659459324807e-05
            }
          ]
        ]
      ]
    },
    "next_bracket": 0
  }
}