{
  "stats": {
    "submitted": 1,
    "finished": 1,
    "running": 0
  },
  "data": [
    [
      1,
      null,
      19967526,
      15.0,
      -36.733333333333334,
      31.39974045753479,
      1,
      1719481164.0878046,
      1719481195.488124,
      {}
    ]
  ],
  "configs": {
    "1": {
      "discount_factor": 0.9499602565303638,
      "gae_lambda": 0.810898142051522,
      "learning_rate": 3.312659459324807e-05
    }
  },
  "config_origins": {
    "1": "Initial Design: Random"
  }
}