{
  "stats": {
    "submitted": 1,
    "finished": 0,
    "running": 1
  },
  "data": [
    [
      1,
      null,
      1418201245,
      8333.333333333332,
      2147483647.0,
      0.0,
      0,
      0.0,
      0.0,
      {}
    ]
  ],
  "configs": {
    "1": {
      "discount_factor": 0.9326898699984915,
      "gae_lambda": 0.9237230766792985,
      "learning_rate": 0.003293450044333854
    }
  },
  "config_origins": {
    "1": "Initial Design: Random"
  }
}