{
  "incumbent_ids": [],
  "rejected_config_ids": [],
  "incumbents_changed": 0,
  "trajectory": [],
  "state": {
    "tracker": {
      "0,0": [
        [
          0,
          [
            {
              "discount_factor": 0.997359166449029,
              "gae_lambda": 0.9988996343480527,
              "learning_rate": 0.00031484980494937047
            },
            {
              "discount_factor": 0.9808713305325173,
              "gae_lambda": 0.984901670733455,
              "learning_rate": 0.0008659891219314781
            },
            {
              "discount_factor": 0.9085144757578423,
              "gae_lambda": 0.8116891204024813,
              "learning_rate": 0.0002676106658271486
            }
          ]
        ]
      ]
    },
    "next_bracket": 1
  }
}