{
  "stats": {
    "submitted": 2,
    "finished": 2,
    "running": 0
  },
  "data": [
    [
      1,
      null,
      2076298551,
      10000.0,
      148.87613546010033,
      6.133179426193237,
      1,
      1718817488.9161334,
      1718817495.0497046,
      {}
    ],
    [
      2,
      null,
      2076298551,
      10000.0,
      102.88215509253628,
      5.753400564193726,
      1,
      1718817495.0509152,
      1718817500.8047125,
      {}
    ]
  ],
  "configs": {
    "1": {
      "discount_factor": 0.997359166449029,
      "gae_lambda": 0.9988996343480527,
      "learning_rate": 0.00031484980494937047
    },
    "2": {
      "discount_factor": 0.9808713305325173,
      "gae_lambda": 0.984901670733455,
      "learning_rate": 0.0008659891219314781
    }
  },
  "config_origins": {
    "1": "Initial Design: Random",
    "2": "Initial Design: Random"
  }
}