{
  "incumbent_ids": [
    6
  ],
  "rejected_config_ids": [
    1,
    3
  ],
  "incumbents_changed": 3,
  "trajectory": [
    {
      "config_ids": [
        1
      ],
      "costs": [
        -211.00000000000003
      ],
      "trial": 1,
      "walltime": 15.328927993774414
    },
    {
      "config_ids": [
        3
      ],
      "costs": [
        -264.88571428571424
      ],
      "trial": 3,
      "walltime": 42.17607069015503
    },
    {
      "config_ids": [
        6
      ],
      "costs": [
        -327.0285714285714
      ],
      "trial": 6,
      "walltime": 80.80465745925903
    }
  ],
  "state": {
    "queue": [
      [
        9,
        1
      ]
    ]
  }
}