{
  "stats": {
    "submitted": 9,
    "finished": 9,
    "running": 0
  },
  "data": [
    [
      1,
      null,
      120461790,
      null,
      -211.00000000000003,
      15.32734203338623,
      1,
      1719509918.521585,
      1719509933.8493347,
      {}
    ],
    [
      2,
      null,
      120461790,
      null,
      -65.17142857142858,
      11.505457878112793,
      1,
      1719509933.8513846,
      1719509945.3573575,
      {}
    ],
    [
      3,
      null,
      120461790,
      null,
      -264.88571428571424,
      15.337287902832031,
      1,
      1719509945.3588393,
      1719509960.6964936,
      {}
    ],
    [
      4,
      null,
      120461790,
      null,
      -110.41428571428573,
      11.809935569763184,
      1,
      1719509960.6982033,
      1719509972.5085127,
      {}
    ],
    [
      5,
      null,
      120461790,
      null,
      -26.900000000000002,
      10.572953224182129,
      1,
      1719509972.5103579,
      1719509983.0837274,
      {}
    ],
    [
      6,
      null,
      120461790,
      null,
      -327.0285714285714,
      16.23918390274048,
      1,
      1719509983.0853827,
      1719509999.3249285,
      {}
    ],
    [
      7,
      null,
      120461790,
      null,
      -193.94285714285715,
      13.825849771499634,
      1,
      1719509999.3270633,
      1719510013.1533563,
      {}
    ],
    [
      8,
      null,
      120461790,
      null,
      -169.09999999999997,
      13.56775188446045,
      1,
      1719510013.155144,
      1719510026.723293,
      {}
    ],
    [
      9,
      null,
      120461790,
      null,
      -189.74285714285716,
      12.578245162963867,
      1,
      1719510026.7255154,
      1719510039.3042333,
      {}
    ]
  ],
  "configs": {
    "1": {
      "discount_factor": 0.9334264840604738,
      "gae_lambda": 0.8951076724706217,
      "learning_rate": 0.0006755281157701527
    },
    "2": {
      "discount_factor": 0.9615913968393579,
      "gae_lambda": 0.9525347285559401,
      "learning_rate": 5.429840459492817e-05
    },
    "3": {
      "discount_factor": 0.9983512846408412,
      "gae_lambda": 0.8284057505847886,
      "learning_rate": 0.00601787050797801
    },
    "4": {
      "discount_factor": 0.9214530410757289,
      "gae_lambda": 0.9204215714940801,
      "learning_rate": 8.600836921895586e-05
    },
    "5": {
      "discount_factor": 0.9067774060992524,
      "gae_lambda": 0.8241367867588997,
      "learning_rate": 1.2980873437370759e-05
    },
    "6": {
      "discount_factor": 0.9837932191332802,
      "gae_lambda": 0.925480688188225,
      "learning_rate": 0.0010151866054028801
    },
    "7": {
      "discount_factor": 0.9718265521796421,
      "gae_lambda": 0.8512055679727346,
      "learning_rate": 0.0002593781052692286
    },
    "8": {
      "discount_factor": 0.9435305215576664,
      "gae_lambda": 0.9988044486474246,
      "learning_rate": 0.003606861877550377
    },
    "9": {
      "discount_factor": 0.941748529471457,
      "gae_lambda": 0.8463425695654005,
      "learning_rate": 0.00018311690432482787
    }
  },
  "config_origins": {
    "1": "Initial Design: Sobol",
    "2": "Initial Design: Sobol",
    "3": "Initial Design: Sobol",
    "4": "Initial Design: Sobol",
    "5": "Initial Design: Sobol",
    "6": "Initial Design: Sobol",
    "7": "Initial Design: Sobol",
    "8": "Initial Design: Sobol",
    "9": "Initial Design: Sobol"
  }
}