{
  "incumbent_ids": [],
  "rejected_config_ids": [],
  "incumbents_changed": 0,
  "trajectory": [],
  "state": {
    "tracker": {
      "0,0": [
        [
          0,
          [
            {
              "discount_factor": 0.9010373352239589,
              "gae_lambda": 0.8525539271800892,
              "learning_rate": 0.0001378437534967098
            },
            {
              "discount_factor": 0.9556543049158204,
              "gae_lambda": 0.9419191033063455,
              "learning_rate": 0.00010312878032493616
            },
            {
              "discount_factor": 0.9037052188070248,
              "gae_lambda": 0.8240375047751589,
              "learning_rate": 0.007587153627263855
            }
          ]
        ]
      ]
    },
    "next_bracket": 1
  }
}