{
  "stats": {
    "submitted": 1,
    "finished": 1,
    "running": 0
  },
  "data": [
    [
      1,
      null,
      45003246,
      16666.666666666664,
      218.97453094354574,
      22.921024322509766,
      1,
      1718790754.513306,
      1718790777.4347234,
      {}
    ]
  ],
  "configs": {
    "1": {
      "discount_factor": 0.9010373352239589,
      "gae_lambda": 0.8525539271800892,
      "learning_rate": 0.0001378437534967098
    }
  },
  "config_origins": {
    "1": "Initial Design: Random"
  }
}