{
  "stats": {
    "submitted": 2,
    "finished": 2,
    "running": 0
  },
  "data": [
    [
      1,
      null,
      1184187331,
      10000.0,
      189.60097035790582,
      6.666390419006348,
      1,
      1718817561.3196762,
      1718817567.9864595,
      {}
    ],
    [
      2,
      null,
      1184187331,
      10000.0,
      165.56913888505971,
      5.630735158920288,
      1,
      1718817567.9876828,
      1718817573.6188085,
      {}
    ]
  ],
  "configs": {
    "1": {
      "discount_factor": 0.9767957952218359,
      "gae_lambda": 0.9075593009995395,
      "learning_rate": 0.0008029701013178504
    },
    "2": {
      "discount_factor": 0.9897745687622966,
      "gae_lambda": 0.9917380928007798,
      "learning_rate": 5.703615906817391e-05
    }
  },
  "config_origins": {
    "1": "Initial Design: Random",
    "2": "Initial Design: Random"
  }
}