{
  "stats": {
    "submitted": 20,
    "finished": 20,
    "running": 0
  },
  "data": [
    [
      1,
      null,
      149837820,
      2.2222222222222223,
      141.431840138,
      422.816951751709,
      1,
      1720372181.7904444,
      1720372604.6077712,
      {}
    ],
    [
      2,
      null,
      149837820,
      2.2222222222222223,
      187.26302860200002,
      497.0736036300659,
      1,
      1720372604.6099784,
      1720373101.6842906,
      {}
    ],
    [
      3,
      null,
      149837820,
      2.2222222222222223,
      113.33583805800002,
      483.66481471061707,
      1,
      1720373101.6854222,
      1720373585.3506541,
      {}
    ],
    [
      4,
      null,
      149837820,
      2.2222222222222223,
      494.4498870179999,
      406.94001603126526,
      1,
      1720373585.351754,
      1720373992.2922091,
      {}
    ],
    [
      5,
      null,
      149837820,
      2.2222222222222223,
      157.14280053,
      490.9644229412079,
      1,
      1720373992.294248,
      1720374483.2594244,
      {}
    ],
    [
      6,
      null,
      149837820,
      2.2222222222222223,
      -116.364620894,
      432.692937374115,
      1,
      1720374483.2606869,
      1720374915.9540617,
      {}
    ],
    [
      7,
      null,
      149837820,
      2.2222222222222223,
      174.39532195,
      459.23720383644104,
      1,
      1720374915.9553318,
      1720375375.1929471,
      {}
    ],
    [
      8,
      null,
      149837820,
      2.2222222222222223,
      798.5390509480001,
      419.05694460868835,
      1,
      1720375375.1942031,
      1720375794.251581,
      {}
    ],
    [
      9,
      null,
      149837820,
      2.2222222222222223,
      176.90446774599997,
      492.49714636802673,
      1,
      1720375794.2529514,
      1720376286.7505364,
      {}
    ],
    [
      6,
      null,
      149837820,
      6.666666666666666,
      -26.521500063999998,
      559.7436170578003,
      1,
      1720376286.7526972,
      1720376846.49675,
      {}
    ],
    [
      3,
      null,
      149837820,
      6.666666666666666,
      118.43299198199999,
      569.6993317604065,
      1,
      1720376846.498775,
      1720377416.1988328,
      {}
    ],
    [
      1,
      null,
      149837820,
      6.666666666666666,
      812.3237051540001,
      522.0368852615356,
      1,
      1720377416.200135,
      1720377938.2374358,
      {}
    ],
    [
      6,
      null,
      149837820,
      20.0,
      -16.519302642,
      821.7083826065063,
      1,
      1720377938.2391155,
      1720378759.9479532,
      {}
    ],
    [
      10,
      null,
      149837820,
      6.666666666666666,
      130.08296399800003,
      602.5223999023438,
      1,
      1720378760.1783514,
      1720379362.701158,
      {}
    ],
    [
      11,
      null,
      149837820,
      6.666666666666666,
      152.156039804,
      571.8978183269501,
      1,
      1720379362.7026412,
      1720379934.6008666,
      {}
    ],
    [
      12,
      null,
      149837820,
      6.666666666666666,
      153.38472892599998,
      561.8170273303986,
      1,
      1720379934.6023262,
      1720380496.41976,
      {}
    ],
    [
      13,
      null,
      149837820,
      6.666666666666666,
      144.691016136,
      502.0049431324005,
      1,
      1720380496.421269,
      1720380998.4266546,
      {}
    ],
    [
      14,
      null,
      149837820,
      6.666666666666666,
      -143.498291946,
      528.7739264965057,
      1,
      1720380998.428979,
      1720381527.203608,
      {}
    ],
    [
      14,
      null,
      149837820,
      20.0,
      -159.58747100999997,
      783.8533952236176,
      1,
      1720381527.205453,
      1720382311.0592625,
      {}
    ],
    [
      15,
      null,
      149837820,
      20.0,
      57.20044274000001,
      794.2247698307037,
      1,
      1720382311.0616164,
      1720383105.2867937,
      {}
    ]
  ],
  "configs": {
    "1": {
      "discount_factor": 0.9529537962072803,
      "gae_lambda": 0.9392715509659846,
      "learning_rate": 0.008030731357165694
    },
    "2": {
      "discount_factor": 0.9189179369596705,
      "gae_lambda": 0.9277188274338907,
      "learning_rate": 0.0001541050732740045
    },
    "3": {
      "discount_factor": 0.9596722372218273,
      "gae_lambda": 0.9702203112985548,
      "learning_rate": 0.0016478953931508482
    },
    "4": {
      "discount_factor": 0.9040901902910256,
      "gae_lambda": 0.9539274725444176,
      "learning_rate": 0.003411281900111148
    },
    "5": {
      "discount_factor": 0.9185702694712377,
      "gae_lambda": 0.9033466101150781,
      "learning_rate": 0.00039912188359099253
    },
    "6": {
      "discount_factor": 0.9802860742996984,
      "gae_lambda": 0.9811334300488896,
      "learning_rate": 0.00022290659134448202
    },
    "7": {
      "discount_factor": 0.9310591125880309,
      "gae_lambda": 0.9370323791860184,
      "learning_rate": 0.003163851689946475
    },
    "8": {
      "discount_factor": 0.9208667626362792,
      "gae_lambda": 0.9572054844486481,
      "learning_rate": 0.0053025891139513006
    },
    "9": {
      "discount_factor": 0.9499803715843005,
      "gae_lambda": 0.9634225731920038,
      "learning_rate": 0.00024232737457563337
    },
    "10": {
      "discount_factor": 0.9083990366358025,
      "gae_lambda": 0.9008179744422137,
      "learning_rate": 0.0003198889170092632
    },
    "11": {
      "discount_factor": 0.9121847500418196,
      "gae_lambda": 0.9821916004286704,
      "learning_rate": 0.0016822628148593062
    },
    "12": {
      "discount_factor": 0.945876525599153,
      "gae_lambda": 0.9522735012338781,
      "learning_rate": 0.000803345848404499
    },
    "13": {
      "discount_factor": 0.9828183319438878,
      "gae_lambda": 0.9373415954585439,
      "learning_rate": 0.0051953678111919645
    },
    "14": {
      "discount_factor": 0.9975168325471451,
      "gae_lambda": 0.9275129820373251,
      "learning_rate": 0.00043823013392435604
    },
    "15": {
      "discount_factor": 0.9906124216147367,
      "gae_lambda": 0.9068367771099648,
      "learning_rate": 0.002762578147156816
    }
  },
  "config_origins": {
    "1": "Initial Design: Random",
    "2": "Initial Design: Random",
    "3": "Initial Design: Random",
    "4": "Initial Design: Random",
    "5": "Initial Design: Random",
    "6": "Custom",
    "7": "Custom",
    "8": "Custom",
    "9": "Custom",
    "10": "Acquisition Function Maximizer: Random Search (sorted)",
    "11": "Acquisition Function Maximizer: Random Search (sorted)",
    "12": "Acquisition Function Maximizer: Random Search (sorted)",
    "13": "Acquisition Function Maximizer: Random Search (sorted)",
    "14": "Acquisition Function Maximizer: Random Search (sorted)",
    "15": "Acquisition Function Maximizer: Random Search (sorted)"
  }
}