{
  "stats": {
    "submitted": 7,
    "finished": 7,
    "running": 0
  },
  "data": [
    [
      1,
      null,
      1487917739,
      null,
      4.446861505508423,
      4.921731233596802,
      1,
      1720294224.674312,
      1720294229.5965157,
      {}
    ],
    [
      2,
      null,
      1487917739,
      null,
      26.504151344299316,
      26.587258338928223,
      1,
      1720294229.599184,
      1720294256.1872048,
      {}
    ],
    [
      3,
      null,
      1487917739,
      null,
      30.801371812820435,
      30.87122869491577,
      1,
      1720294256.1888525,
      1720294287.0604746,
      {}
    ],
    [
      4,
      null,
      1487917739,
      null,
      29.045249700546265,
      29.155973196029663,
      1,
      1720294287.0620766,
      1720294316.2185192,
      {}
    ],
    [
      5,
      null,
      1487917739,
      null,
      20.43366050720215,
      20.50991654396057,
      1,
      1720294316.2206128,
      1720294336.7309418,
      {}
    ],
    [
      6,
      null,
      1487917739,
      null,
      41.12242841720581,
      41.21493697166443,
      1,
      1720294336.73255,
      1720294377.9478788,
      {}
    ],
    [
      7,
      null,
      1487917739,
      null,
      34.17869448661804,
      34.25022506713867,
      1,
      1720294377.9505813,
      1720294412.2015295,
      {}
    ]
  ],
  "configs": {
    "1": {
      "discount_factor": 0.9558507619472221,
      "gae_lambda": 0.9363865640033037,
      "learning_rate": 0.0002688912723391322
    },
    "2": {
      "discount_factor": 0.9232807066468522,
      "gae_lambda": 0.9547754997080192,
      "learning_rate": 0.004501681039046853
    },
    "3": {
      "discount_factor": 0.9300037936717271,
      "gae_lambda": 0.9159314602073282,
      "learning_rate": 0.0007300040411738074
    },
    "4": {
      "discount_factor": 0.9873178979549557,
      "gae_lambda": 0.9968747678054497,
      "learning_rate": 0.0012378812866869636
    },
    "5": {
      "discount_factor": 0.9794740763884038,
      "gae_lambda": 0.9012271459456533,
      "learning_rate": 0.008561315399988837
    },
    "6": {
      "discount_factor": 0.9378462462387979,
      "gae_lambda": 0.9806780021740124,
      "learning_rate": 0.0001382461157111407
    },
    "7": {
      "discount_factor": 0.9063745282134041,
      "gae_lambda": 0.9448733310867101,
      "learning_rate": 0.0023343929473218067
    }
  },
  "config_origins": {
    "1": "Initial Design: Sobol",
    "2": "Initial Design: Sobol",
    "3": "Initial Design: Sobol",
    "4": "Initial Design: Sobol",
    "5": "Initial Design: Sobol",
    "6": "Initial Design: Sobol",
    "7": "Initial Design: Sobol"
  }
}