{
  "stats": {
    "submitted": 5,
    "finished": 5,
    "running": 0
  },
  "data": [
    [
      1,
      null,
      1441623011,
      1000.0,
      243.52298290939416,
      2.667818069458008,
      1,
      1719526550.7504153,
      1719526553.4185982,
      {}
    ],
    [
      2,
      null,
      1441623011,
      1000.0,
      130.62296890435934,
      2.30216383934021,
      1,
      1719526553.4865215,
      1719526555.7890522,
      {}
    ],
    [
      3,
      null,
      1441623011,
      1000.0,
      210.14527101841625,
      2.5222980976104736,
      1,
      1719526555.7904074,
      1719526558.3131099,
      {}
    ],
    [
      4,
      null,
      1441623011,
      1000.0,
      193.56951850596238,
      2.2701570987701416,
      1,
      1719526558.315596,
      1719526560.5863976,
      {}
    ],
    [
      5,
      null,
      1441623011,
      1000.0,
      183.83301661507747,
      2.3170325756073,
      1,
      1719526560.5876646,
      1719526562.9051273,
      {}
    ]
  ],
  "configs": {
    "1": {
      "discount_factor": 0.9332297476866129,
      "gae_lambda": 0.8745900036778884,
      "learning_rate": 1.2775725138987277e-05
    },
    "2": {
      "discount_factor": 0.9522727649249085,
      "gae_lambda": 0.9409906510340673,
      "learning_rate": 9.731279106752394e-05
    },
    "3": {
      "discount_factor": 0.9960367921300681,
      "gae_lambda": 0.8767322649423572,
      "learning_rate": 0.0004911907623701327
    },
    "4": {
      "discount_factor": 0.9122280652324484,
      "gae_lambda": 0.9936994736952002,
      "learning_rate": 0.00018812234513923833
    },
    "5": {
      "discount_factor": 0.980486592693858,
      "gae_lambda": 0.9442562351048576,
      "learning_rate": 5.619713264246357e-05
    }
  },
  "config_origins": {
    "1": "Initial Design: Random",
    "2": "Acquisition Function Maximizer: Random Search (sorted)",
    "3": "Acquisition Function Maximizer: Random Search (sorted)",
    "4": "Acquisition Function Maximizer: Random Search (sorted)",
    "5": "Acquisition Function Maximizer: Random Search (sorted)"
  }
}