{
  "incumbent_ids": [],
  "rejected_config_ids": [],
  "incumbents_changed": 0,
  "trajectory": [],
  "state": {
    "tracker": {
      "0,0": [
        [
          0,
          [
            {
              "discount_factor": 0.9933236401196317,
              "gae_lambda": 0.8703928859789887,
              "learning_rate": 1.1160134034309478e-05
            },
            {
              "discount_factor": 0.9011717296731364,
              "gae_lambda": 0.841195427572362,
              "learning_rate": 0.0005366242131525096
            },
            {
              "discount_factor": 0.9860305620259666,
              "gae_lambda": 0.9989197051620418,
              "learning_rate": 0.0009701018667414152
            }
          ]
        ]
      ]
    },
    "next_bracket": 1
  }
}