{
  "stats": {
    "submitted": 1,
    "finished": 1,
    "running": 0
  },
  "data": [
    [
      1,
      null,
      1901223252,
      16666.666666666664,
      206.16546188447302,
      15.109404802322388,
      1,
      1718791169.9623868,
      1718791185.0721903,
      {}
    ]
  ],
  "configs": {
    "1": {
      "discount_factor": 0.9933236401196317,
      "gae_lambda": 0.8703928859789887,
      "learning_rate": 1.1160134034309478e-05
    }
  },
  "config_origins": {
    "1": "Initial Design: Random"
  }
}