{
  "incumbent_ids": [
    3
  ],
  "rejected_config_ids": [
    1,
    2
  ],
  "incumbents_changed": 3,
  "trajectory": [
    {
      "config_ids": [
        1
      ],
      "costs": [
        176.10176534201068
      ],
      "trial": 1,
      "walltime": 13.293543338775635
    },
    {
      "config_ids": [
        2
      ],
      "costs": [
        173.01145752339326
      ],
      "trial": 2,
      "walltime": 23.41232967376709
    },
    {
      "config_ids": [
        3
      ],
      "costs": [
        107.74453763717968
      ],
      "trial": 3,
      "walltime": 35.41645574569702
    }
  ],
  "state": {
    "tracker": {
      "0,0": [
        [
          0,
          [
            {
              "discount_factor": 0.9357808869239327,
              "gae_lambda": 0.9006435443065723,
              "learning_rate": 0.006107877489188051
            }
          ]
        ]
      ]
    },
    "next_bracket": 0
  }
}