{
  "stats": {
    "submitted": 4,
    "finished": 4,
    "running": 0
  },
  "data": [
    [
      1,
      null,
      453011491,
      15000.0,
      176.10176534201068,
      13.29199743270874,
      1,
      1719582470.1385636,
      1719582483.430909,
      {}
    ],
    [
      2,
      null,
      453011491,
      15000.0,
      173.01145752339326,
      10.116923093795776,
      1,
      1719582483.4322479,
      1719582493.5495627,
      {}
    ],
    [
      3,
      null,
      453011491,
      15000.0,
      107.74453763717968,
      12.0023934841156,
      1,
      1719582493.5511465,
      1719582505.5539021,
      {}
    ],
    [
      4,
      null,
      453011491,
      15000.0,
      127.46010344502429,
      12.64152455329895,
      1,
      1719582505.555253,
      1719582518.197134,
      {}
    ]
  ],
  "configs": {
    "1": {
      "discount_factor": 0.9104420209427315,
      "gae_lambda": 0.9069433435537699,
      "learning_rate": 0.002943203221783677
    },
    "2": {
      "discount_factor": 0.9262489601761141,
      "gae_lambda": 0.9143568056143466,
      "learning_rate": 1.4453166162291978e-05
    },
    "3": {
      "discount_factor": 0.9556473263170332,
      "gae_lambda": 0.9937272424550485,
      "learning_rate": 0.0066587811657085345
    },
    "4": {
      "discount_factor": 0.9357808869239327,
      "gae_lambda": 0.9006435443065723,
      "learning_rate": 0.006107877489188051
    }
  },
  "config_origins": {
    "1": "Initial Design: Random",
    "2": "Initial Design: Random",
    "3": "Initial Design: Random",
    "4": "Initial Design: Random"
  }
}