{
  "incumbent_ids": [
    1
  ],
  "rejected_config_ids": [],
  "incumbents_changed": 1,
  "trajectory": [
    {
      "config_ids": [
        1
      ],
      "costs": [
        -149.79999999999998
      ],
      "trial": 1,
      "walltime": 20.538830041885376
    }
  ],
  "state": {
    "tracker": {
      "0,0": [
        [
          0,
          [
            {
              "discount_factor": 0.991380448416447,
              "gae_lambda": 0.9312667936514198,
              "learning_rate": 0.00012226049865562996
            }
          ]
        ]
      ]
    },
    "next_bracket": 0
  }
}