{
  "stats": {
    "submitted": 1,
    "finished": 1,
    "running": 0
  },
  "data": [
    [
      1,
      null,
      1816920791,
      15.0,
      -149.79999999999998,
      20.535969495773315,
      1,
      1719479327.8162796,
      1719479348.3528872,
      {}
    ]
  ],
  "configs": {
    "1": {
      "discount_factor": 0.991380448416447,
      "gae_lambda": 0.9312667936514198,
      "learning_rate": 0.00012226049865562996
    }
  },
  "config_origins": {
    "1": "Initial Design: Random"
  }
}