{
  "stats": {
    "submitted": 1,
    "finished": 1,
    "running": 0
  },
  "data": [
    [
      1,
      null,
      920801882,
      3333.333333333333,
      145.99233231946434,
      11.55968427658081,
      1,
      1719526203.4507616,
      1719526215.0108063,
      {}
    ]
  ],
  "configs": {
    "1": {
      "discount_factor": 0.9707246986166747,
      "gae_lambda": 0.9959967658313992,
      "learning_rate": 0.0016991167429889554
    }
  },
  "config_origins": {
    "1": "Initial Design: Random"
  }
}