{
  "stats": {
    "submitted": 1,
    "finished": 1,
    "running": 0
  },
  "data": [
    [
      1,
      null,
      41064778,
      null,
      -320.3142857142857,
      13.738126277923584,
      1,
      1719509780.0128763,
      1719509793.751812,
      {}
    ]
  ],
  "configs": {
    "1": {
      "discount_factor": 0.9706373687703163,
      "gae_lambda": 0.945546297592111,
      "learning_rate": 0.000995109530782005
    }
  },
  "config_origins": {
    "1": "Initial Design: Sobol"
  }
}