{
  "stats": {
    "submitted": 2,
    "finished": 2,
    "running": 0
  },
  "data": [
    [
      1,
      null,
      30476991,
      8333.333333333332,
      -123.0,
      5.974139928817749,
      1,
      1719520990.0610912,
      1719520996.035592,
      {}
    ],
    [
      2,
      null,
      30476991,
      8333.333333333332,
      -69.575,
      4.997133255004883,
      1,
      1719520996.036694,
      1719521001.0342367,
      {}
    ]
  ],
  "configs": {
    "1": {
      "discount_factor": 0.9502025011072053,
      "gae_lambda": 0.9479229541244659,
      "learning_rate": 0.00039477031443711417
    },
    "2": {
      "discount_factor": 0.9710452182387945,
      "gae_lambda": 0.8422377981280073,
      "learning_rate": 0.00011727488886661523
    }
  },
  "config_origins": {
    "1": "Initial Design: Random",
    "2": "Custom"
  }
}