{
  "stats": {
    "submitted": 19,
    "finished": 19,
    "running": 0
  },
  "data": [
    [
      1,
      null,
      48870581,
      1.1111111111111112,
      -500.0,
      14.145524263381958,
      1,
      1720296006.620326,
      1720296020.7663574,
      {}
    ],
    [
      2,
      null,
      48870581,
      1.1111111111111112,
      -9.030000000000001,
      1.8963158130645752,
      1,
      1720296020.7687483,
      1720296022.6658392,
      {}
    ],
    [
      3,
      null,
      48870581,
      1.1111111111111112,
      -61.83,
      3.012298345565796,
      1,
      1720296022.667223,
      1720296025.6800117,
      {}
    ],
    [
      4,
      null,
      48870581,
      1.1111111111111112,
      -9.64,
      1.7498815059661865,
      1,
      1720296025.6811528,
      1720296027.4314392,
      {}
    ],
    [
      5,
      null,
      48870581,
      1.1111111111111112,
      -48.35,
      2.773712158203125,
      1,
      1720296027.4327216,
      1720296030.206967,
      {}
    ],
    [
      6,
      null,
      48870581,
      1.1111111111111112,
      -9.08,
      1.7439005374908447,
      1,
      1720296030.2082849,
      1720296031.9526155,
      {}
    ],
    [
      7,
      null,
      48870581,
      1.1111111111111112,
      -33.42999999999999,
      2.531761884689331,
      1,
      1720296031.9539776,
      1720296034.486187,
      {}
    ],
    [
      8,
      null,
      48870581,
      1.1111111111111112,
      -116.91,
      4.588577747344971,
      1,
      1720296034.4877038,
      1720296039.0767586,
      {}
    ],
    [
      9,
      null,
      48870581,
      1.1111111111111112,
      -9.219999999999999,
      2.025320053100586,
      1,
      1720296039.078816,
      1720296041.1048672,
      {}
    ],
    [
      1,
      null,
      48870581,
      3.333333333333333,
      -239.725,
      15.135417222976685,
      1,
      1720296041.108404,
      1720296056.244535,
      {}
    ],
    [
      8,
      null,
      48870581,
      3.333333333333333,
      -122.23499999999999,
      9.28394603729248,
      1,
      1720296056.246363,
      1720296065.530956,
      {}
    ],
    [
      3,
      null,
      48870581,
      3.333333333333333,
      -193.025,
      12.999262571334839,
      1,
      1720296065.5322807,
      1720296078.5319598,
      {}
    ],
    [
      1,
      null,
      48870581,
      10.0,
      -86.35,
      7.614416599273682,
      1,
      1720296078.533523,
      1720296086.1483963,
      {}
    ],
    [
      10,
      null,
      48870581,
      3.333333333333333,
      -314.59000000000003,
      20.20698380470276,
      1,
      1720296086.3180583,
      1720296106.525539,
      {}
    ],
    [
      11,
      null,
      48870581,
      3.333333333333333,
      -117.64000000000001,
      9.623803853988647,
      1,
      1720296106.5271225,
      1720296116.1513615,
      {}
    ],
    [
      12,
      null,
      48870581,
      3.333333333333333,
      -290.25,
      17.82521080970764,
      1,
      1720296116.1529248,
      1720296133.9785616,
      {}
    ],
    [
      13,
      null,
      48870581,
      3.333333333333333,
      -245.695,
      15.717552185058594,
      1,
      1720296133.9800913,
      1720296149.698058,
      {}
    ],
    [
      14,
      null,
      48870581,
      3.333333333333333,
      -236.88000000000002,
      15.46130919456482,
      1,
      1720296149.699646,
      1720296165.1614518,
      {}
    ],
    [
      10,
      null,
      48870581,
      10.0,
      -396.01000000000005,
      23.420833587646484,
      1,
      1720296165.1636906,
      1720296188.5849721,
      {}
    ]
  ],
  "configs": {
    "1": {
      "discount_factor": 0.9011264782835221,
      "gae_lambda": 0.9896907399955359,
      "learning_rate": 0.0022702678563133426
    },
    "2": {
      "discount_factor": 0.9968099241802737,
      "gae_lambda": 0.9009616936400182,
      "learning_rate": 0.0023783039540210887
    },
    "3": {
      "discount_factor": 0.9013665891430862,
      "gae_lambda": 0.9406143599822325,
      "learning_rate": 0.0002903584921686379
    },
    "4": {
      "discount_factor": 0.9155917956671232,
      "gae_lambda": 0.990384705348345,
      "learning_rate": 0.001357618957191006
    },
    "5": {
      "discount_factor": 0.9160709818360264,
      "gae_lambda": 0.9986860419019347,
      "learning_rate": 0.0029217445102349307
    },
    "6": {
      "discount_factor": 0.9880644729743883,
      "gae_lambda": 0.9352388398678289,
      "learning_rate": 0.0012217126356365677
    },
    "7": {
      "discount_factor": 0.9718518618644673,
      "gae_lambda": 0.9307743705765523,
      "learning_rate": 0.00020809081414289047
    },
    "8": {
      "discount_factor": 0.9374702416441492,
      "gae_lambda": 0.9758521031592601,
      "learning_rate": 0.0020871804082151614
    },
    "9": {
      "discount_factor": 0.9292412592735827,
      "gae_lambda": 0.9671698223717606,
      "learning_rate": 0.000247904282321821
    },
    "10": {
      "discount_factor": 0.9670949176624375,
      "gae_lambda": 0.9583963557671268,
      "learning_rate": 0.0002430477831558953
    },
    "11": {
      "discount_factor": 0.9735812235123762,
      "gae_lambda": 0.9170957900831724,
      "learning_rate": 0.006849521500435989
    },
    "12": {
      "discount_factor": 0.9588935420425554,
      "gae_lambda": 0.9289717511895216,
      "learning_rate": 0.0004252241507571963
    },
    "13": {
      "discount_factor": 0.9347523394773094,
      "gae_lambda": 0.9067402631132511,
      "learning_rate": 0.00018778967743807436
    },
    "14": {
      "discount_factor": 0.9516134328660639,
      "gae_lambda": 0.9933125645068736,
      "learning_rate": 0.008400257680278968
    }
  },
  "config_origins": {
    "1": "Initial Design: Random",
    "2": "Initial Design: Random",
    "3": "Initial Design: Random",
    "4": "Initial Design: Random",
    "5": "Initial Design: Random",
    "6": "Custom",
    "7": "Custom",
    "8": "Custom",
    "9": "Custom",
    "10": "Acquisition Function Maximizer: Random Search (sorted)",
    "11": "Acquisition Function Maximizer: Random Search (sorted)",
    "12": "Acquisition Function Maximizer: Random Search (sorted)",
    "13": "Acquisition Function Maximizer: Random Search (sorted)",
    "14": "Acquisition Function Maximizer: Random Search (sorted)"
  }
}