{
  "stats": {
    "submitted": 2,
    "finished": 1,
    "running": 1
  },
  "data": [
    [
      1,
      null,
      2125929016,
      2.2222222222222223,
      81.40905941206708,
      333.78473353385925,
      1,
      1719861387.891995,
      1719861721.6772802,
      {}
    ],
    [
      2,
      null,
      2125929016,
      2.2222222222222223,
      2147483647.0,
      0.0,
      0,
      0.0,
      0.0,
      {}
    ]
  ],
  "configs": {
    "1": {
      "discount_factor": 0.9490031603830112,
      "gae_lambda": 0.9443895427262374,
      "learning_rate": 0.0010079498181443784
    },
    "2": {
      "discount_factor": 0.9642377571943737,
      "gae_lambda": 0.9342025438410301,
      "learning_rate": 0.007098096635473067
    }
  },
  "config_origins": {
    "1": "Initial Design: Random",
    "2": "Initial Design: Random"
  }
}