{
  "stats": {
    "submitted": 13,
    "finished": 13,
    "running": 0
  },
  "data": [
    [
      1,
      null,
      974201967,
      66666.66666666666,
      82.58106620525885,
      468.089781999588,
      1,
      1719595591.5548413,
      1719596059.645042,
      {}
    ],
    [
      2,
      null,
      974201967,
      66666.66666666666,
      76.21511848435415,
      467.90521001815796,
      1,
      1719596059.646387,
      1719596527.5519912,
      {}
    ],
    [
      3,
      null,
      974201967,
      66666.66666666666,
      250.41243438765457,
      335.3520596027374,
      1,
      1719596527.5533342,
      1719596862.9057698,
      {}
    ],
    [
      2,
      null,
      974201967,
      200000.0,
      73.8359538695418,
      1223.9441604614258,
      1,
      1719596862.907131,
      1719598086.8516695,
      {}
    ],
    [
      4,
      null,
      974201967,
      200000.0,
      82.16332283976739,
      1537.77250289917,
      1,
      1719598086.8528862,
      1719599624.6257658,
      {}
    ],
    [
      5,
      null,
      974201967,
      200000.0,
      102.79851295633503,
      1516.8632283210754,
      1,
      1719599624.6270046,
      1719601141.4906173,
      {}
    ],
    [
      6,
      null,
      974201967,
      66666.66666666666,
      109.98668405324821,
      481.37728786468506,
      1,
      1719601141.5996084,
      1719601622.9772727,
      {}
    ],
    [
      7,
      null,
      974201967,
      66666.66666666666,
      137.28770921388116,
      442.97845339775085,
      1,
      1719601622.9786184,
      1719602065.957481,
      {}
    ],
    [
      8,
      null,
      974201967,
      66666.66666666666,
      -10.250660874965766,
      380.80263447761536,
      1,
      1719602065.9587991,
      1719602446.7618291,
      {}
    ],
    [
      8,
      null,
      974201967,
      200000.0,
      -28.563209718414573,
      1167.498664855957,
      1,
      1719602446.7635627,
      1719603614.2626143,
      {}
    ],
    [
      9,
      null,
      974201967,
      200000.0,
      223.5843136974673,
      1260.8796744346619,
      1,
      1719603614.2641,
      1719604875.1441927,
      {}
    ],
    [
      10,
      null,
      974201967,
      200000.0,
      58.26034740330717,
      1286.3683178424835,
      1,
      1719604875.1481113,
      1719606161.517291,
      {}
    ],
    [
      11,
      null,
      974201967,
      66666.66666666666,
      104.62428871416205,
      451.7139358520508,
      1,
      1719606161.5190039,
      1719606613.2333286,
      {}
    ]
  ],
  "configs": {
    "1": {
      "discount_factor": 0.9719555832367059,
      "gae_lambda": 0.8451697635961899,
      "learning_rate": 0.00020734565561373512
    },
    "2": {
      "discount_factor": 0.9675296662514994,
      "gae_lambda": 0.8916808746277066,
      "learning_rate": 0.0027929478881032247
    },
    "3": {
      "discount_factor": 0.9447662488760207,
      "gae_lambda": 0.9294981743061703,
      "learning_rate": 0.009529671857373408
    },
    "4": {
      "discount_factor": 0.9417913661287758,
      "gae_lambda": 0.906371400032872,
      "learning_rate": 8.758349651998872e-05
    },
    "5": {
      "discount_factor": 0.9305759506094023,
      "gae_lambda": 0.8391521753129464,
      "learning_rate": 0.0003490107832673118
    },
    "6": {
      "discount_factor": 0.9471877553903851,
      "gae_lambda": 0.8704247485835187,
      "learning_rate": 0.001111916798466156
    },
    "7": {
      "discount_factor": 0.9381856388517865,
      "gae_lambda": 0.8837632007342647,
      "learning_rate": 0.007825279176779328
    },
    "8": {
      "discount_factor": 0.9892145726004906,
      "gae_lambda": 0.852580443237162,
      "learning_rate": 0.0010805438937342422
    },
    "9": {
      "discount_factor": 0.952558443718504,
      "gae_lambda": 0.8593610727983632,
      "learning_rate": 0.008356096934244972
    },
    "10": {
      "discount_factor": 0.9677328261417603,
      "gae_lambda": 0.892987096854832,
      "learning_rate": 0.002653974528778651
    },
    "11": {
      "discount_factor": 0.9513595085414308,
      "gae_lambda": 0.8557334957101853,
      "learning_rate": 0.006741846093912943
    }
  },
  "config_origins": {
    "1": "Initial Design: Random",
    "2": "Initial Design: Random",
    "3": "Initial Design: Random",
    "4": "Initial Design: Random",
    "5": "Initial Design: Random",
    "6": "Acquisition Function Maximizer: Local Search",
    "7": "Acquisition Function Maximizer: Local Search",
    "8": "Acquisition Function Maximizer: Local Search",
    "9": "Acquisition Function Maximizer: Local Search",
    "10": "Acquisition Function Maximizer: Local Search",
    "11": "Acquisition Function Maximizer: Local Search"
  }
}