{
  "stats": {
    "submitted": 12,
    "finished": 12,
    "running": 0
  },
  "data": [
    [
      1,
      null,
      1658047651,
      1.1111111111111112,
      10.196613073348999,
      10.792515754699707,
      1,
      1720297290.8669674,
      1720297301.6598752,
      {}
    ],
    [
      2,
      null,
      1658047651,
      1.1111111111111112,
      2.7323567867279053,
      2.809026002883911,
      1,
      1720297301.6622107,
      1720297304.4720008,
      {}
    ],
    [
      3,
      null,
      1658047651,
      1.1111111111111112,
      7.704307317733765,
      7.768835067749023,
      1,
      1720297304.4735477,
      1720297312.2428362,
      {}
    ],
    [
      4,
      null,
      1658047651,
      1.1111111111111112,
      13.511475324630737,
      13.592655181884766,
      1,
      1720297312.2439573,
      1720297325.8370118,
      {}
    ],
    [
      5,
      null,
      1658047651,
      1.1111111111111112,
      17.987723112106323,
      18.06740117073059,
      1,
      1720297325.8384967,
      1720297343.9063473,
      {}
    ],
    [
      6,
      null,
      1658047651,
      1.1111111111111112,
      2.88550066947937,
      2.953228712081909,
      1,
      1720297343.9076746,
      1720297346.861355,
      {}
    ],
    [
      7,
      null,
      1658047651,
      1.1111111111111112,
      2.9610774517059326,
      3.039417266845703,
      1,
      1720297346.8627079,
      1720297349.9026258,
      {}
    ],
    [
      8,
      null,
      1658047651,
      1.1111111111111112,
      3.4436511993408203,
      3.512564182281494,
      1,
      1720297349.9041188,
      1720297353.4171398,
      {}
    ],
    [
      9,
      null,
      1658047651,
      1.1111111111111112,
      2.774158477783203,
      2.8416526317596436,
      1,
      1720297353.4185946,
      1720297356.2607214,
      {}
    ],
    [
      2,
      null,
      1658047651,
      3.333333333333333,
      54.055800676345825,
      54.12981986999512,
      1,
      1720297356.263124,
      1720297410.393382,
      {}
    ],
    [
      9,
      null,
      1658047651,
      3.333333333333333,
      42.942885875701904,
      43.01945114135742,
      1,
      1720297410.3947942,
      1720297453.414694,
      {}
    ],
    [
      6,
      null,
      1658047651,
      3.333333333333333,
      30.69326901435852,
      30.764756202697754,
      1,
      1720297453.4160771,
      1720297484.1812816,
      {}
    ]
  ],
  "configs": {
    "1": {
      "discount_factor": 0.98771838604384,
      "gae_lambda": 0.9702141528351547,
      "learning_rate": 0.0016663966884143868
    },
    "2": {
      "discount_factor": 0.9458580419526786,
      "gae_lambda": 0.9154950591900441,
      "learning_rate": 0.0006260824394488068
    },
    "3": {
      "discount_factor": 0.9512986909270387,
      "gae_lambda": 0.9633758129994698,
      "learning_rate": 0.00014248952003696614
    },
    "4": {
      "discount_factor": 0.9557907250243932,
      "gae_lambda": 0.9007798335086087,
      "learning_rate": 0.00015050099602492812
    },
    "5": {
      "discount_factor": 0.9480829011006551,
      "gae_lambda": 0.940855697202827,
      "learning_rate": 0.00015423600809268264
    },
    "6": {
      "discount_factor": 0.9015886745830427,
      "gae_lambda": 0.9886244277148455,
      "learning_rate": 0.0036813829539089162
    },
    "7": {
      "discount_factor": 0.9653907645316342,
      "gae_lambda": 0.9636422831903252,
      "learning_rate": 0.00026632794923758227
    },
    "8": {
      "discount_factor": 0.9405781239342165,
      "gae_lambda": 0.9128950879958311,
      "learning_rate": 0.0006303626304368395
    },
    "9": {
      "discount_factor": 0.9186097250378091,
      "gae_lambda": 0.9443622819638302,
      "learning_rate": 0.0004769780305740408
    }
  },
  "config_origins": {
    "1": "Initial Design: Random",
    "2": "Initial Design: Random",
    "3": "Initial Design: Random",
    "4": "Initial Design: Random",
    "5": "Initial Design: Random",
    "6": "Custom",
    "7": "Custom",
    "8": "Custom",
    "9": "Custom"
  }
}