{
  "stats": {
    "submitted": 1,
    "finished": 0,
    "running": 1
  },
  "data": [
    [
      1,
      null,
      281348933,
      8333.333333333332,
      2147483647.0,
      0.0,
      0,
      0.0,
      0.0,
      {}
    ]
  ],
  "configs": {
    "1": {
      "discount_factor": 0.9064851590470923,
      "gae_lambda": 0.9258320706425196,
      "learning_rate": 1.901274233932597e-05
    }
  },
  "config_origins": {
    "1": "Initial Design: Random"
  }
}