{
  "stats": {
    "submitted": 2,
    "finished": 2,
    "running": 0
  },
  "data": [
    [
      1,
      null,
      1086148661,
      null,
      -34.628571428571426,
      4.920943260192871,
      1,
      1719507909.4860237,
      1719507914.4075773,
      {}
    ],
    [
      2,
      null,
      1086148661,
      null,
      -146.42857142857142,
      5.673084020614624,
      1,
      1719507914.409394,
      1719507920.082888,
      {}
    ]
  ],
  "configs": {
    "1": {
      "discount_factor": 0.9707759210513904,
      "gae_lambda": 0.8628996159182862,
      "learning_rate": 5.130280040193966e-05
    },
    "2": {
      "discount_factor": 0.9463965624477715,
      "gae_lambda": 0.9862731867320835,
      "learning_rate": 0.0005530623034864748
    }
  },
  "config_origins": {
    "1": "Initial Design: Sobol",
    "2": "Initial Design: Sobol"
  }
}