{
  "stats": {
    "submitted": 1,
    "finished": 0,
    "running": 1
  },
  "data": [
    [
      1,
      null,
      226921432,
      2.2222222222222223,
      2147483647.0,
      0.0,
      0,
      0.0,
      0.0,
      {}
    ]
  ],
  "configs": {
    "1": {
      "discount_factor": 0.905230592056122,
      "gae_lambda": 0.9284067879092565,
      "learning_rate": 0.0005570557529485157
    }
  },
  "config_origins": {
    "1": "Initial Design: Random"
  }
}