{
  "stats": {
    "submitted": 2,
    "finished": 2,
    "running": 0
  },
  "data": [
    [
      1,
      null,
      1144809807,
      null,
      51.15108590154863,
      429.8539032936096,
      1,
      1719512791.8166037,
      1719513221.6709363,
      {}
    ],
    [
      2,
      null,
      1144809807,
      null,
      -59.89256401371395,
      666.9265127182007,
      1,
      1719513221.6727283,
      1719513888.5996592,
      {}
    ]
  ],
  "configs": {
    "1": {
      "discount_factor": 0.914633812355809,
      "gae_lambda": 0.8367355926148594,
      "learning_rate": 4.299067273492314e-05
    },
    "2": {
      "discount_factor": 0.9858341152248904,
      "gae_lambda": 0.9544182903617621,
      "learning_rate": 0.0019549192728633273
    }
  },
  "config_origins": {
    "1": "Initial Design: Sobol",
    "2": "Initial Design: Sobol"
  }
}