{
  "incumbent_ids": [
    7
  ],
  "rejected_config_ids": [
    1,
    2
  ],
  "incumbents_changed": 3,
  "trajectory": [
    {
      "config_ids": [
        1
      ],
      "costs": [
        1154.1825720606944
      ],
      "trial": 1,
      "walltime": 852.6588826179504
    },
    {
      "config_ids": [
        2
      ],
      "costs": [
        862.0977220341398
      ],
      "trial": 2,
      "walltime": 1686.7411315441132
    },
    {
      "config_ids": [
        7
      ],
      "costs": [
        146.5431525588198
      ],
      "trial": 7,
      "walltime": 5490.12379693985
    }
  ],
  "state": {
    "queue": [
      [
        14,
        1
      ]
    ]
  }
}