{
  "stats": {
    "submitted": 14,
    "finished": 14,
    "running": 0
  },
  "data": [
    [
      1,
      null,
      364298378,
      null,
      1154.1825720606944,
      852.6566319465637,
      1,
      1720506052.3349512,
      1720506904.9920146,
      {}
    ],
    [
      2,
      null,
      364298378,
      null,
      862.0977220341398,
      834.0798437595367,
      1,
      1720506904.9942212,
      1720507739.0745273,
      {}
    ],
    [
      3,
      null,
      364298378,
      null,
      998.0825010456213,
      888.397754907608,
      1,
      1720507739.0767517,
      1720508627.4749959,
      {}
    ],
    [
      4,
      null,
      364298378,
      null,
      1032.5688470948598,
      894.0260941982269,
      1,
      1720508627.4769099,
      1720509521.503428,
      {}
    ],
    [
      5,
      null,
      364298378,
      null,
      1092.595977868173,
      916.3871631622314,
      1,
      1720509521.505236,
      1720510437.892835,
      {}
    ],
    [
      6,
      null,
      364298378,
      null,
      1704.994285147532,
      849.2704174518585,
      1,
      1720510437.8948913,
      1720511287.1657717,
      {}
    ],
    [
      7,
      null,
      364298378,
      null,
      146.5431525588198,
      255.28902125358582,
      1,
      1720511287.167765,
      1720511542.4572291,
      {}
    ],
    [
      8,
      null,
      364298378,
      null,
      1150.7111794161099,
      934.9824495315552,
      1,
      1720511542.459325,
      1720512477.4422083,
      {}
    ],
    [
      9,
      null,
      364298378,
      null,
      1016.6179884112751,
      899.9072189331055,
      1,
      1720512477.4442928,
      1720513377.351948,
      {}
    ],
    [
      10,
      null,
      364298378,
      null,
      348.6369909592425,
      483.5596013069153,
      1,
      1720513377.3543084,
      1720513860.9143443,
      {}
    ],
    [
      11,
      null,
      364298378,
      null,
      942.1845013422607,
      868.2614307403564,
      1,
      1720513860.916489,
      1720514729.178341,
      {}
    ],
    [
      12,
      null,
      364298378,
      null,
      1377.761854371859,
      803.3667855262756,
      1,
      1720514729.1804237,
      1720515532.5476415,
      {}
    ],
    [
      13,
      null,
      364298378,
      null,
      1042.014422195612,
      912.1019334793091,
      1,
      1720515532.549639,
      1720516444.6519775,
      {}
    ],
    [
      14,
      null,
      364298378,
      null,
      1033.6740685578145,
      947.5839972496033,
      1,
      1720516444.6549773,
      1720517392.2394624,
      {}
    ]
  ],
  "configs": {
    "1": {
      "discount_factor": 0.9334021579502151,
      "gae_lambda": 0.9868569474024698,
      "learning_rate": 0.0037987383954253408
    },
    "2": {
      "discount_factor": 0.980509253625758,
      "gae_lambda": 0.9262142937574536,
      "learning_rate": 0.00028671982266362223
    },
    "3": {
      "discount_factor": 0.9516058760834858,
      "gae_lambda": 0.9628454620465636,
      "learning_rate": 0.0012819061546772007
    },
    "4": {
      "discount_factor": 0.901164677691646,
      "gae_lambda": 0.9007050080867485,
      "learning_rate": 0.0009551083145379932
    },
    "5": {
      "discount_factor": 0.9221220458960161,
      "gae_lambda": 0.9525309471487999,
      "learning_rate": 0.00013322139407061494
    },
    "6": {
      "discount_factor": 0.9739670120039955,
      "gae_lambda": 0.9141253564702347,
      "learning_rate": 0.00987599465647782
    },
    "7": {
      "discount_factor": 0.9905312339505181,
      "gae_lambda": 0.9764940926609561,
      "learning_rate": 0.000365525328864904
    },
    "8": {
      "discount_factor": 0.9419244941258803,
      "gae_lambda": 0.9396829819846898,
      "learning_rate": 0.0027728447938109918
    },
    "9": {
      "discount_factor": 0.9490605247048661,
      "gae_lambda": 0.9695673741549253,
      "learning_rate": 0.00043005055788716286
    },
    "10": {
      "discount_factor": 0.9961689185695722,
      "gae_lambda": 0.9064608048694208,
      "learning_rate": 0.0018324834778912261
    },
    "11": {
      "discount_factor": 0.967265756408684,
      "gae_lambda": 0.9935856779543683,
      "learning_rate": 0.00015099831559168352
    },
    "12": {
      "discount_factor": 0.916822834965773,
      "gae_lambda": 0.9319753570575268,
      "learning_rate": 0.006301822367342301
    },
    "13": {
      "discount_factor": 0.9068503241306171,
      "gae_lambda": 0.982243942852132,
      "learning_rate": 0.0014545964629882856
    },
    "14": {
      "discount_factor": 0.9586939448425547,
      "gae_lambda": 0.9463987586740404,
      "learning_rate": 0.0006087651340819467
    }
  },
  "config_origins": {
    "1": "Initial Design: Sobol",
    "2": "Initial Design: Sobol",
    "3": "Initial Design: Sobol",
    "4": "Initial Design: Sobol",
    "5": "Initial Design: Sobol",
    "6": "Initial Design: Sobol",
    "7": "Initial Design: Sobol",
    "8": "Initial Design: Sobol",
    "9": "Initial Design: Sobol",
    "10": "Initial Design: Sobol",
    "11": "Initial Design: Sobol",
    "12": "Initial Design: Sobol",
    "13": "Initial Design: Sobol",
    "14": "Initial Design: Sobol"
  }
}