{
  "incumbent_ids": [
    11
  ],
  "rejected_config_ids": [
    1,
    2,
    4
  ],
  "incumbents_changed": 4,
  "trajectory": [
    {
      "config_ids": [
        1
      ],
      "costs": [
        -43.39999999999999
      ],
      "trial": 1,
      "walltime": 9.140569686889648
    },
    {
      "config_ids": [
        2
      ],
      "costs": [
        -252.88571428571427
      ],
      "trial": 2,
      "walltime": 21.06029200553894
    },
    {
      "config_ids": [
        4
      ],
      "costs": [
        -293.84285714285716
      ],
      "trial": 4,
      "walltime": 42.48592686653137
    },
    {
      "config_ids": [
        11
      ],
      "costs": [
        -300.6857142857143
      ],
      "trial": 11,
      "walltime": 119.9911880493164
    }
  ],
  "state": {
    "queue": [
      [
        12,
        1
      ]
    ]
  }
}