{
  "stats": {
    "submitted": 12,
    "finished": 12,
    "running": 0
  },
  "data": [
    [
      1,
      null,
      521504185,
      null,
      -43.39999999999999,
      9.13858938217163,
      1,
      1719510873.9752038,
      1719510883.1144128,
      {}
    ],
    [
      2,
      null,
      521504185,
      null,
      -252.88571428571427,
      11.917217493057251,
      1,
      1719510883.116271,
      1719510895.0338895,
      {}
    ],
    [
      3,
      null,
      521504185,
      null,
      -54.32857142857143,
      8.873639106750488,
      1,
      1719510895.0359247,
      1719510903.9099472,
      {}
    ],
    [
      4,
      null,
      521504185,
      null,
      -293.84285714285716,
      12.547942399978638,
      1,
      1719510903.9114587,
      1719510916.4597752,
      {}
    ],
    [
      5,
      null,
      521504185,
      null,
      -188.17142857142858,
      10.895575284957886,
      1,
      1719510916.4616983,
      1719510927.3576806,
      {}
    ],
    [
      6,
      null,
      521504185,
      null,
      -28.042857142857144,
      8.50022292137146,
      1,
      1719510927.359368,
      1719510935.8599715,
      {}
    ],
    [
      7,
      null,
      521504185,
      null,
      -245.05714285714285,
      11.654846429824829,
      1,
      1719510935.8616402,
      1719510947.5168576,
      {}
    ],
    [
      8,
      null,
      521504185,
      null,
      -187.18571428571428,
      10.892387866973877,
      1,
      1719510947.5186193,
      1719510958.4113936,
      {}
    ],
    [
      9,
      null,
      521504185,
      null,
      -237.3142857142857,
      11.626102209091187,
      1,
      1719510958.4131444,
      1719510970.0396028,
      {}
    ],
    [
      10,
      null,
      521504185,
      null,
      -208.70000000000002,
      11.197751998901367,
      1,
      1719510970.0414436,
      1719510981.2395604,
      {}
    ],
    [
      11,
      null,
      521504185,
      null,
      -300.6857142857143,
      12.723303318023682,
      1,
      1719510981.2413695,
      1719510993.9650352,
      {}
    ],
    [
      12,
      null,
      521504185,
      null,
      -29.957142857142863,
      8.55814003944397,
      1,
      1719510993.9672234,
      1719511002.5257268,
      {}
    ]
  ],
  "configs": {
    "1": {
      "discount_factor": 0.9318660838287324,
      "gae_lambda": 0.9454514935482293,
      "learning_rate": 3.495539915383502e-05
    },
    "2": {
      "discount_factor": 0.9666841782666743,
      "gae_lambda": 0.816577598691918,
      "learning_rate": 0.00034387211647823196
    },
    "3": {
      "discount_factor": 0.9881292791822925,
      "gae_lambda": 0.995280048689805,
      "learning_rate": 7.004901339135669e-05
    },
    "4": {
      "discount_factor": 0.9115697300350294,
      "gae_lambda": 0.8664403882101178,
      "learning_rate": 0.004874278856519903
    },
    "5": {
      "discount_factor": 0.9124825299857184,
      "gae_lambda": 0.9602087170062586,
      "learning_rate": 0.0008926677457083529
    },
    "6": {
      "discount_factor": 0.9859694785522297,
      "gae_lambda": 0.8748876860775053,
      "learning_rate": 1.3477182757825463e-05
    },
    "7": {
      "discount_factor": 0.9563677953779698,
      "gae_lambda": 0.9105379634406418,
      "learning_rate": 0.0017873334959592267
    },
    "8": {
      "discount_factor": 0.9432331428397447,
      "gae_lambda": 0.8252557638930157,
      "learning_rate": 0.00019087627663698926
    },
    "9": {
      "discount_factor": 0.944938157840632,
      "gae_lambda": 0.9822016268493607,
      "learning_rate": 0.0027618234195765316
    },
    "10": {
      "discount_factor": 0.9534593769097701,
      "gae_lambda": 0.852997963083908,
      "learning_rate": 0.00029295961272558915
    },
    "11": {
      "discount_factor": 0.9764515300355852,
      "gae_lambda": 0.9323678015731275,
      "learning_rate": 0.0013608679180248326
    },
    "12": {
      "discount_factor": 0.9230951055195182,
      "gae_lambda": 0.8031283911122009,
      "learning_rate": 2.096617184515322e-05
    }
  },
  "config_origins": {
    "1": "Initial Design: Sobol",
    "2": "Initial Design: Sobol",
    "3": "Initial Design: Sobol",
    "4": "Initial Design: Sobol",
    "5": "Initial Design: Sobol",
    "6": "Initial Design: Sobol",
    "7": "Initial Design: Sobol",
    "8": "Initial Design: Sobol",
    "9": "Initial Design: Sobol",
    "10": "Initial Design: Sobol",
    "11": "Initial Design: Sobol",
    "12": "Initial Design: Sobol"
  }
}