{
  "stats": {
    "submitted": 10,
    "finished": 10,
    "running": 0
  },
  "data": [
    [
      1,
      null,
      148347909,
      null,
      -73.91428571428573,
      6.0338521003723145,
      1,
      1719507957.5698435,
      1719507963.604269,
      {}
    ],
    [
      2,
      null,
      148347909,
      null,
      -53.91428571428571,
      5.509212970733643,
      1,
      1719507963.6060915,
      1719507969.115909,
      {}
    ],
    [
      3,
      null,
      148347909,
      null,
      -94.34285714285714,
      5.774594306945801,
      1,
      1719507969.2016296,
      1719507974.976558,
      {}
    ],
    [
      4,
      null,
      148347909,
      null,
      -99.8,
      5.637827396392822,
      1,
      1719507974.9785855,
      1719507980.6168997,
      {}
    ],
    [
      5,
      null,
      148347909,
      null,
      -142.0,
      6.616435289382935,
      1,
      1719507980.619282,
      1719507987.2362504,
      {}
    ],
    [
      6,
      null,
      148347909,
      null,
      -86.34285714285714,
      6.603243112564087,
      1,
      1719507987.2382157,
      1719507993.8418896,
      {}
    ],
    [
      7,
      null,
      148347909,
      null,
      -84.51428571428572,
      6.208642482757568,
      1,
      1719507993.844366,
      1719508000.0534897,
      {}
    ],
    [
      8,
      null,
      148347909,
      null,
      -113.8,
      6.370103597640991,
      1,
      1719508000.0565124,
      1719508006.4271953,
      {}
    ],
    [
      9,
      null,
      148347909,
      null,
      -191.94285714285712,
      6.700872421264648,
      1,
      1719508006.4294183,
      1719508013.1306794,
      {}
    ],
    [
      10,
      null,
      148347909,
      null,
      -150.85714285714283,
      6.184049844741821,
      1,
      1719508013.1354613,
      1719508019.320159,
      {}
    ]
  ],
  "configs": {
    "1": {
      "discount_factor": 0.9909560431195423,
      "gae_lambda": 0.8237617344642059,
      "learning_rate": 0.0003243730726283823
    },
    "2": {
      "discount_factor": 0.937011805373244,
      "gae_lambda": 0.9410592990880833,
      "learning_rate": 0.00012138134670303567
    },
    "3": {
      "discount_factor": 0.9958857190739796,
      "gae_lambda": 0.9446502621227482,
      "learning_rate": 0.0005024632101438286
    },
    "4": {
      "discount_factor": 0.9873538805348865,
      "gae_lambda": 0.9102328124556145,
      "learning_rate": 0.0003696733744731351
    },
    "5": {
      "discount_factor": 0.9863082836226408,
      "gae_lambda": 0.9046773979563163,
      "learning_rate": 0.00042340335422434233
    },
    "6": {
      "discount_factor": 0.9824832967288732,
      "gae_lambda": 0.8842447322734693,
      "learning_rate": 0.00037030116207058576
    },
    "7": {
      "discount_factor": 0.998739745831053,
      "gae_lambda": 0.916222336602957,
      "learning_rate": 0.00036114153058210385
    },
    "8": {
      "discount_factor": 0.9793406827955915,
      "gae_lambda": 0.8086290076037687,
      "learning_rate": 0.0003243730726283823
    },
    "9": {
      "discount_factor": 0.9034194543957639,
      "gae_lambda": 0.9438782236086056,
      "learning_rate": 0.0010963731401468367
    },
    "10": {
      "discount_factor": 0.9005949353249247,
      "gae_lambda": 0.922075428095119,
      "learning_rate": 0.0015797418642267815
    }
  },
  "config_origins": {
    "1": "Initial Design: Sobol",
    "2": "Initial Design: Sobol",
    "3": "Acquisition Function Maximizer: Random Search (sorted)",
    "4": "Acquisition Function Maximizer: Random Search (sorted)",
    "5": "Acquisition Function Maximizer: Local Search",
    "6": "Acquisition Function Maximizer: Local Search",
    "7": "Acquisition Function Maximizer: Local Search",
    "8": "Acquisition Function Maximizer: Local Search",
    "9": "Acquisition Function Maximizer: Random Search (sorted)",
    "10": "Acquisition Function Maximizer: Random Search (sorted)"
  }
}