{
  "stats": {
    "submitted": 12,
    "finished": 12,
    "running": 0
  },
  "data": [
    [
      1,
      null,
      2094618355,
      null,
      140.545582934,
      886.9316804409027,
      1,
      1720030790.698564,
      1720031677.6306553,
      {}
    ],
    [
      2,
      null,
      2094618355,
      null,
      157.193725836,
      1064.4058213233948,
      1,
      1720031677.632643,
      1720032742.0389414,
      {}
    ],
    [
      3,
      null,
      2094618355,
      null,
      142.421930598,
      888.6321218013763,
      1,
      1720032742.0406892,
      1720033630.673248,
      {}
    ],
    [
      4,
      null,
      2094618355,
      null,
      191.752960116,
      928.1477823257446,
      1,
      1720033630.6749175,
      1720034558.8231115,
      {}
    ],
    [
      5,
      null,
      2094618355,
      null,
      174.559583572,
      1087.7375981807709,
      1,
      1720034558.8248417,
      1720035646.5628712,
      {}
    ],
    [
      6,
      null,
      2094618355,
      null,
      121.37632193399999,
      918.5656158924103,
      1,
      1720035646.5647843,
      1720036565.1308508,
      {}
    ],
    [
      7,
      null,
      2094618355,
      null,
      -40.345329478,
      912.830958366394,
      1,
      1720036565.1327205,
      1720037477.9641905,
      {}
    ],
    [
      8,
      null,
      2094618355,
      null,
      165.630959086,
      844.6638314723969,
      1,
      1720037477.9664507,
      1720038322.6306927,
      {}
    ],
    [
      9,
      null,
      2094618355,
      null,
      127.208623262,
      829.9458162784576,
      1,
      1720038322.6326423,
      1720039152.5788965,
      {}
    ],
    [
      10,
      null,
      2094618355,
      null,
      -23.536345996,
      865.113367319107,
      1,
      1720039152.581797,
      1720040017.6958418,
      {}
    ],
    [
      11,
      null,
      2094618355,
      null,
      360.83152942600015,
      866.2934007644653,
      1,
      1720040017.6978278,
      1720040883.9916344,
      {}
    ],
    [
      12,
      null,
      2094618355,
      null,
      165.352646664,
      855.6028687953949,
      1,
      1720040883.9935565,
      1720041739.596808,
      {}
    ]
  ],
  "configs": {
    "1": {
      "discount_factor": 0.9397791872983798,
      "gae_lambda": 0.9064870174108073,
      "learning_rate": 0.0007588164084425403
    },
    "2": {
      "discount_factor": 0.9915367737505585,
      "gae_lambda": 0.9794397343061865,
      "learning_rate": 0.008323262183298399
    },
    "3": {
      "discount_factor": 0.9650328874597326,
      "gae_lambda": 0.9344887640392407,
      "learning_rate": 0.00018543821372490736
    },
    "4": {
      "discount_factor": 0.9132512489184738,
      "gae_lambda": 0.9512461167946458,
      "learning_rate": 0.002023749873373177
    },
    "5": {
      "discount_factor": 0.9059456308549271,
      "gae_lambda": 0.9397060137782246,
      "learning_rate": 0.0032191329846426955
    },
    "6": {
      "discount_factor": 0.9515085182581097,
      "gae_lambda": 0.9723189416835085,
      "learning_rate": 0.0003497514194299689
    },
    "7": {
      "discount_factor": 0.9748913684198632,
      "gae_lambda": 0.9182785921152681,
      "learning_rate": 0.0013825290900397033
    },
    "8": {
      "discount_factor": 0.9293043817207217,
      "gae_lambda": 0.9939382342295722,
      "learning_rate": 0.00015233397751766912
    },
    "9": {
      "discount_factor": 0.9367037172401325,
      "gae_lambda": 0.9250174189461395,
      "learning_rate": 0.0010324432691812115
    },
    "10": {
      "discount_factor": 0.9821889017522335,
      "gae_lambda": 0.960757513973862,
      "learning_rate": 0.00010869207885327568
    },
    "11": {
      "discount_factor": 0.9557334740599618,
      "gae_lambda": 0.903615843786858,
      "learning_rate": 0.004469075977103229
    },
    "12": {
      "discount_factor": 0.9102240014243871,
      "gae_lambda": 0.9823539340496064,
      "learning_rate": 0.0004728775521800518
    }
  },
  "config_origins": {
    "1": "Initial Design: Sobol",
    "2": "Initial Design: Sobol",
    "3": "Initial Design: Sobol",
    "4": "Initial Design: Sobol",
    "5": "Initial Design: Sobol",
    "6": "Initial Design: Sobol",
    "7": "Initial Design: Sobol",
    "8": "Initial Design: Sobol",
    "9": "Initial Design: Sobol",
    "10": "Initial Design: Sobol",
    "11": "Initial Design: Sobol",
    "12": "Initial Design: Sobol"
  }
}