{
  "stats": {
    "submitted": 2,
    "finished": 2,
    "running": 0
  },
  "data": [
    [
      1,
      null,
      1079809758,
      null,
      160.36798415821485,
      6.12274956703186,
      1,
      1719508604.6678653,
      1719508610.7917469,
      {}
    ],
    [
      2,
      null,
      1079809758,
      null,
      175.83579558364676,
      6.128760814666748,
      1,
      1719508610.7941775,
      1719508616.923432,
      {}
    ]
  ],
  "configs": {
    "1": {
      "discount_factor": 0.9004009245168418,
      "gae_lambda": 0.994783259361051,
      "learning_rate": 0.0003759451499185032
    },
    "2": {
      "discount_factor": 0.967893500296399,
      "gae_lambda": 0.8216388279991225,
      "learning_rate": 3.296267092016757e-05
    }
  },
  "config_origins": {
    "1": "Initial Design: Sobol",
    "2": "Initial Design: Sobol"
  }
}