{
  "stats": {
    "submitted": 1,
    "finished": 1,
    "running": 0
  },
  "data": [
    [
      1,
      null,
      1972717758,
      10000.0,
      178.2661416758116,
      7.913404703140259,
      1,
      1718788289.4885817,
      1718788297.4023378,
      {}
    ]
  ],
  "configs": {
    "1": {
      "discount_factor": 0.9949716049850765,
      "gae_lambda": 0.8244515519553344,
      "learning_rate": 5.6819045508862106e-05
    }
  },
  "config_origins": {
    "1": "Initial Design: Random"
  }
}