{
  "stats": {
    "submitted": 22,
    "finished": 21,
    "running": 1
  },
  "data": [
    [
      1,
      null,
      2093467869,
      null,
      245.98522289800002,
      302.655460357666,
      1,
      1720306916.0916698,
      1720307218.7477584,
      {}
    ],
    [
      2,
      null,
      2093467869,
      null,
      63.435613765999996,
      256.69013023376465,
      1,
      1720307218.75054,
      1720307475.4414046,
      {}
    ],
    [
      3,
      null,
      2093467869,
      null,
      278.43495600800003,
      287.59818601608276,
      1,
      1720307475.4440444,
      1720307763.04293,
      {}
    ],
    [
      4,
      null,
      2093467869,
      null,
      856.028469752,
      237.29424786567688,
      1,
      1720307763.0445864,
      1720308000.339238,
      {}
    ],
    [
      5,
      null,
      2093467869,
      null,
      253.291461188,
      279.9143328666687,
      1,
      1720308000.340885,
      1720308280.2556317,
      {}
    ],
    [
      6,
      null,
      2093467869,
      null,
      161.42621930999996,
      292.2688810825348,
      1,
      1720308280.257315,
      1720308572.5265908,
      {}
    ],
    [
      7,
      null,
      2093467869,
      null,
      571.3978645259999,
      221.64951348304749,
      1,
      1720308572.5283303,
      1720308794.1782386,
      {}
    ],
    [
      8,
      null,
      2093467869,
      null,
      223.256559482,
      300.16481614112854,
      1,
      1720308794.1800225,
      1720309094.3452318,
      {}
    ],
    [
      9,
      null,
      2093467869,
      null,
      214.99779955399998,
      277.4754960536957,
      1,
      1720309094.3470163,
      1720309371.8229115,
      {}
    ],
    [
      10,
      null,
      2093467869,
      null,
      161.55410591199998,
      267.65835094451904,
      1,
      1720309371.8247843,
      1720309639.4835525,
      {}
    ],
    [
      11,
      null,
      2093467869,
      null,
      165.274314388,
      272.28447222709656,
      1,
      1720309639.4855006,
      1720309911.7704036,
      {}
    ],
    [
      12,
      null,
      2093467869,
      null,
      286.80845253999996,
      303.7829234600067,
      1,
      1720309911.7734969,
      1720310215.5571153,
      {}
    ],
    [
      13,
      null,
      2093467869,
      null,
      376.3637568479999,
      302.2968113422394,
      1,
      1720310215.5591657,
      1720310517.8563833,
      {}
    ],
    [
      14,
      null,
      2093467869,
      null,
      824.8613337380001,
      209.78923559188843,
      1,
      1720310517.858403,
      1720310727.6480625,
      {}
    ],
    [
      15,
      null,
      2093467869,
      null,
      -17.606400412000006,
      263.1229555606842,
      1,
      1720310727.6501415,
      1720310990.7735205,
      {}
    ],
    [
      16,
      null,
      2093467869,
      null,
      173.294359744,
      292.6312184333801,
      1,
      1720310990.7758517,
      1720311283.4074767,
      {}
    ],
    [
      17,
      null,
      2093467869,
      null,
      211.085039808,
      288.0941195487976,
      1,
      1720311283.409775,
      1720311571.5045047,
      {}
    ],
    [
      18,
      null,
      2093467869,
      null,
      8.514614295999996,
      267.18477725982666,
      1,
      1720311571.5066965,
      1720311838.6918693,
      {}
    ],
    [
      19,
      null,
      2093467869,
      null,
      160.54149822600002,
      298.44687938690186,
      1,
      1720311838.694256,
      1720312137.1415846,
      {}
    ],
    [
      20,
      null,
      2093467869,
      null,
      218.60267172800002,
      299.45360231399536,
      1,
      1720312137.1440125,
      1720312436.59803,
      {}
    ],
    [
      21,
      null,
      2093467869,
      null,
      461.47409460399996,
      225.0802640914917,
      1,
      1720312436.6006725,
      1720312661.6815495,
      {}
    ],
    [
      22,
      null,
      2093467869,
      null,
      2147483647.0,
      0.0,
      0,
      0.0,
      0.0,
      {}
    ]
  ],
  "configs": {
    "1": {
      "discount_factor": 0.9311274185283109,
      "gae_lambda": 0.9661766157159581,
      "learning_rate": 0.00031872937201542
    },
    "2": {
      "discount_factor": 0.9954608377944678,
      "gae_lambda": 0.9447554856603966,
      "learning_rate": 0.0028032346302355464
    },
    "3": {
      "discount_factor": 0.9694133815364913,
      "gae_lambda": 0.9804276605006308,
      "learning_rate": 0.00010176494292543081
    },
    "4": {
      "discount_factor": 0.9084517074935139,
      "gae_lambda": 0.9090362673215568,
      "learning_rate": 0.00893925869900402
    },
    "5": {
      "discount_factor": 0.9227975468253717,
      "gae_lambda": 0.9958206032607705,
      "learning_rate": 0.0017616152445021002
    },
    "6": {
      "discount_factor": 0.9604597287420183,
      "gae_lambda": 0.9183266699239612,
      "learning_rate": 0.000629556733039877
    },
    "7": {
      "discount_factor": 0.9842812407100573,
      "gae_lambda": 0.9568984751002864,
      "learning_rate": 0.005618222627690059
    },
    "8": {
      "discount_factor": 0.9492415364384651,
      "gae_lambda": 0.9292048837272451,
      "learning_rate": 0.0002009857514905185
    },
    "9": {
      "discount_factor": 0.9409503484675661,
      "gae_lambda": 0.9835762136299163,
      "learning_rate": 0.004188331198232332
    },
    "10": {
      "discount_factor": 0.9801486890539527,
      "gae_lambda": 0.9002801064401865,
      "learning_rate": 0.00026722315669243444
    },
    "11": {
      "discount_factor": 0.9537172077884898,
      "gae_lambda": 0.973082541343756,
      "learning_rate": 0.0013119415950728242
    },
    "12": {
      "discount_factor": 0.9171170805115253,
      "gae_lambda": 0.938816171030514,
      "learning_rate": 0.0008378959132096495
    },
    "13": {
      "discount_factor": 0.9013209826173261,
      "gae_lambda": 0.9513446282381192,
      "learning_rate": 0.0001347573081399255
    },
    "14": {
      "discount_factor": 0.9641211693026126,
      "gae_lambda": 0.9357257192423567,
      "learning_rate": 0.0066911137542671915
    },
    "15": {
      "discount_factor": 0.9867844634531066,
      "gae_lambda": 0.9866793050598353,
      "learning_rate": 0.00042258495733237564
    },
    "16": {
      "discount_factor": 0.9273800974991173,
      "gae_lambda": 0.9218607380278409,
      "learning_rate": 0.0020956852399195243
    },
    "17": {
      "discount_factor": 0.9303369319690391,
      "gae_lambda": 0.9917735263891518,
      "learning_rate": 0.0002944947704551062
    },
    "18": {
      "discount_factor": 0.990043451635167,
      "gae_lambda": 0.9208655784856529,
      "learning_rate": 0.003473160811811461
    },
    "19": {
      "discount_factor": 0.9670739340232686,
      "gae_lambda": 0.9532566397776827,
      "learning_rate": 0.000939137752648504
    },
    "20": {
      "discount_factor": 0.9045757350884378,
      "gae_lambda": 0.931352158122696,
      "learning_rate": 0.001108868730680167
    },
    "21": {
      "discount_factor": 0.9143030510907992,
      "gae_lambda": 0.9686559901339933,
      "learning_rate": 0.00593548658306528
    },
    "22": {
      "discount_factor": 0.9504075594339519,
      "gae_lambda": 0.9406724080117419,
      "learning_rate": 0.00016031222643412874
    }
  },
  "config_origins": {
    "1": "Initial Design: Sobol",
    "2": "Initial Design: Sobol",
    "3": "Initial Design: Sobol",
    "4": "Initial Design: Sobol",
    "5": "Initial Design: Sobol",
    "6": "Initial Design: Sobol",
    "7": "Initial Design: Sobol",
    "8": "Initial Design: Sobol",
    "9": "Initial Design: Sobol",
    "10": "Initial Design: Sobol",
    "11": "Initial Design: Sobol",
    "12": "Initial Design: Sobol",
    "13": "Initial Design: Sobol",
    "14": "Initial Design: Sobol",
    "15": "Initial Design: Sobol",
    "16": "Initial Design: Sobol",
    "17": "Initial Design: Sobol",