{
  "stats": {
    "submitted": 13,
    "finished": 12,
    "running": 1
  },
  "data": [
    [
      1,
      null,
      1463937577,
      null,
      -299.67368421052635,
      16.689369678497314,
      1,
      1719692619.76165,
      1719692636.4514213,
      {}
    ],
    [
      2,
      null,
      1463937577,
      null,
      -210.73684210526315,
      14.250655174255371,
      1,
      1719692636.4530048,
      1719692650.7040324,
      {}
    ],
    [
      3,
      null,
      1463937577,
      null,
      -160.46315789473684,
      13.90455675125122,
      1,
      1719692650.7053895,
      1719692664.6102998,
      {}
    ],
    [
      4,
      null,
      1463937577,
      null,
      -33.04210526315789,
      12.32925796508789,
      1,
      1719692664.6117918,
      1719692676.9415193,
      {}
    ],
    [
      5,
      null,
      1463937577,
      null,
      -124.50526315789473,
      13.881714105606079,
      1,
      1719692676.944098,
      1719692690.826253,
      {}
    ],
    [
      6,
      null,
      1463937577,
      null,
      -232.95789473684215,
      16.09663701057434,
      1,
      1719692690.8278399,
      1719692706.9248657,
      {}
    ],
    [
      7,
      null,
      1463937577,
      null,
      -100.21052631578948,
      13.395393371582031,
      1,
      1719692706.9264903,
      1719692720.3222682,
      {}
    ],
    [
      8,
      null,
      1463937577,
      null,
      -333.2210526315789,
      18.4324369430542,
      1,
      1719692720.3238878,
      1719692738.7567234,
      {}
    ],
    [
      9,
      null,
      1463937577,
      null,
      -40.89473684210527,
      12.277246952056885,
      1,
      1719692738.758579,
      1719692751.03624,
      {}
    ],
    [
      10,
      null,
      1463937577,
      null,
      -312.1578947368421,
      18.092024087905884,
      1,
      1719692751.0380309,
      1719692769.1304452,
      {}
    ],
    [
      11,
      null,
      1463937577,
      null,
      -152.42105263157896,
      14.53510594367981,
      1,
      1719692769.1321588,
      1719692783.667642,
      {}
    ],
    [
      12,
      null,
      1463937577,
      null,
      -335.30526315789473,
      18.599064588546753,
      1,
      1719692783.6694973,
      1719692802.2689672,
      {}
    ],
    [
      13,
      null,
      1463937577,
      null,
      2147483647.0,
      0.0,
      0,
      0.0,
      0.0,
      {}
    ]
  ],
  "configs": {
    "1": {
      "discount_factor": 0.9518890719003975,
      "gae_lambda": 0.8656061773793772,
      "learning_rate": 0.0005005687402445249
    },
    "2": {
      "discount_factor": 0.9307120730476454,
      "gae_lambda": 0.9211340623414144,
      "learning_rate": 0.0001627355954972602
    },
    "3": {
      "discount_factor": 0.9215206627165898,
      "gae_lambda": 0.8323228106023745,
      "learning_rate": 0.0044280275733457365
    },
    "4": {
      "discount_factor": 0.9985672049392015,
      "gae_lambda": 0.9789035467049108,
      "learning_rate": 1.8939578536199368e-05
    },
    "5": {
      "discount_factor": 0.9752936773337424,
      "gae_lambda": 0.8246407127128914,
      "learning_rate": 7.873463236960733e-05
    },
    "6": {
      "discount_factor": 0.9046249839412048,
      "gae_lambda": 0.9616985905235633,
      "learning_rate": 0.0015171714703506743
    },
    "7": {
      "discount_factor": 0.944559320426546,
      "gae_lambda": 0.8763855102034286,
      "learning_rate": 5.1442320862064464e-05
    },
    "8": {
      "discount_factor": 0.972120210589841,
      "gae_lambda": 0.9352174915960059,
      "learning_rate": 0.002382590077305275
    },
    "9": {
      "discount_factor": 0.966242286292836,
      "gae_lambda": 0.8460045846505091,
      "learning_rate": 2.73998159250076e-05
    },
    "10": {
      "discount_factor": 0.9379170356271789,
      "gae_lambda": 0.9901576227331534,
      "learning_rate": 0.002989050974857521
    },
    "11": {
      "discount_factor": 0.9103457897314802,
      "gae_lambda": 0.8550929967341945,
      "learning_rate": 0.00010062811428456011
    },
    "12": {
      "discount_factor": 0.9818030401021243,
      "gae_lambda": 0.9068328558364883,
      "learning_rate": 0.0008343819914079069
    },
    "13": {
      "discount_factor": 0.9927466871570796,
      "gae_lambda": 0.8878201504303143,
      "learning_rate": 0.00809155680992781
    }
  },
  "config_origins": {
    "1": "Initial Design: Sobol",
    "2": "Initial Design: Sobol",
    "3": "Initial Design: Sobol",
    "4": "Initial Design: Sobol",
    "5": "Initial Design: Sobol",
    "6": "Initial Design: Sobol",
    "7": "Initial Design: Sobol",
    "8": "Initial Design: Sobol",
    "9": "Initial Design: Sobol",
    "10": "Initial Design: Sobol",
    "11": "Initial Design: Sobol",
    "12": "Initial Design: Sobol",
    "13": "Initial Design: Sobol"
  }
}