{
  "stats": {
    "submitted": 5,
    "finished": 5,
    "running": 0
  },
  "data": [
    [
      1,
      null,
      482296922,
      3333.333333333333,
      193.07709676655062,
      21.55036687850952,
      1,
      1719565747.1643417,
      1719565768.7151837,
      {}
    ],
    [
      2,
      null,
      482296922,
      3333.333333333333,
      174.67480465370755,
      24.187342882156372,
      1,
      1719565747.1789076,
      1719565771.366759,
      {}
    ],
    [
      3,
      null,
      482296922,
      3333.333333333333,
      203.61887043009054,
      24.0296688079834,
      1,
      1719565747.1789246,
      1719565771.209174,
      {}
    ],
    [
      4,
      null,
      482296922,
      3333.333333333333,
      171.15812121018845,
      23.340882539749146,
      1,
      1719565747.1870012,
      1719565770.52886,
      {}
    ],
    [
      5,
      null,
      482296922,
      3333.333333333333,
      97.45733752411739,
      27.160849571228027,
      1,
      1719565747.2134607,
      1719565774.3752759,
      {}
    ]
  ],
  "configs": {
    "1": {
      "discount_factor": 0.9111170565948175,
      "gae_lambda": 0.9187821282856635,
      "learning_rate": 2.302781242035117e-05
    },
    "2": {
      "discount_factor": 0.9718971071124262,
      "gae_lambda": 0.8175337141572278,
      "learning_rate": 0.00038054266048378105
    },
    "3": {
      "discount_factor": 0.9037807815172669,
      "gae_lambda": 0.8360301136692464,
      "learning_rate": 0.00017390707413318258
    },
    "4": {
      "discount_factor": 0.9390397096743368,
      "gae_lambda": 0.9665150782494343,
      "learning_rate": 0.0005487311597523553
    },
    "5": {
      "discount_factor": 0.9976835255383847,
      "gae_lambda": 0.8073203662151195,
      "learning_rate": 0.00318092240153218
    }
  },
  "config_origins": {
    "1": "Initial Design: Random",
    "2": null,
    "3": null,
    "4": null,
    "5": null
  }
}