{
  "incumbent_ids": [
    1
  ],
  "rejected_config_ids": [],
  "incumbents_changed": 1,
  "trajectory": [
    {
      "config_ids": [
        1
      ],
      "costs": [
        159.06734142540608
      ],
      "trial": 1,
      "walltime": 20.547131538391113
    }
  ],
  "state": {
    "tracker": {
      "0,0": [
        [
          0,
          [
            {
              "discount_factor": 0.9541934988985826,
              "gae_lambda": 0.8126942577115129,
              "learning_rate": 0.004069967685731793
            },
            {
              "discount_factor": 0.9020972386529401,
              "gae_lambda": 0.9069701289096281,
              "learning_rate": 0.006492716284280422
            },
            {
              "discount_factor": 0.9034379754017139,
              "gae_lambda": 0.9849275678610143,
              "learning_rate": 1.6063201474873828e-05
            }
          ]
        ]
      ]
    },
    "next_bracket": 1
  }
}