{
  "stats": {
    "submitted": 1,
    "finished": 1,
    "running": 0
  },
  "data": [
    [
      1,
      null,
      203620426,
      2500.0,
      159.06734142540608,
      20.544813871383667,
      1,
      1719578171.917263,
      1719578192.4625483,
      {}
    ]
  ],
  "configs": {
    "1": {
      "discount_factor": 0.9541934988985826,
      "gae_lambda": 0.8126942577115129,
      "learning_rate": 0.004069967685731793
    }
  },
  "config_origins": {
    "1": "Initial Design: Random"
  }
}