{
  "incumbent_ids": [
    1
  ],
  "rejected_config_ids": [],
  "incumbents_changed": 1,
  "trajectory": [
    {
      "config_ids": [
        1
      ],
      "costs": [
        -187.6
      ],
      "trial": 1,
      "walltime": 21.136255979537964
    }
  ],
  "state": {
    "tracker": {
      "0,0": [
        [
          0,
          [
            {
              "discount_factor": 0.9500539922601204,
              "gae_lambda": 0.8001108507636451,
              "learning_rate": 0.00012781516735891742
            }
          ]
        ]
      ]
    },
    "next_bracket": 0
  }
}