{
  "stats": {
    "submitted": 1,
    "finished": 1,
    "running": 0
  },
  "data": [
    [
      1,
      null,
      24034113,
      15.0,
      -187.6,
      21.134282112121582,
      1,
      1719479818.8116524,
      1719479839.9464025,
      {}
    ]
  ],
  "configs": {
    "1": {
      "discount_factor": 0.9500539922601204,
      "gae_lambda": 0.8001108507636451,
      "learning_rate": 0.00012781516735891742
    }
  },
  "config_origins": {
    "1": "Initial Design: Random"
  }
}