{
  "stats": {
    "submitted": 11,
    "finished": 11,
    "running": 0
  },
  "data": [
    [
      1,
      null,
      1798789420,
      1.1111111111111112,
      12.4625084400177,
      13.090889930725098,
      1,
      1720297009.4762003,
      1720297022.5675333,
      {}
    ],
    [
      2,
      null,
      1798789420,
      1.1111111111111112,
      19.325687170028687,
      19.436476469039917,
      1,
      1720297022.5697043,
      1720297042.0069392,
      {}
    ],
    [
      3,
      null,
      1798789420,
      1.1111111111111112,
      15.642236709594727,
      15.717295169830322,
      1,
      1720297042.0091877,
      1720297057.7271578,
      {}
    ],
    [
      4,
      null,
      1798789420,
      1.1111111111111112,
      7.1087806224823,
      7.173735857009888,
      1,
      1720297057.7282982,
      1720297064.9024441,
      {}
    ],
    [
      5,
      null,
      1798789420,
      1.1111111111111112,
      2.66336727142334,
      2.727722406387329,
      1,
      1720297064.9036846,
      1720297067.6318195,
      {}
    ],
    [
      6,
      null,
      1798789420,
      1.1111111111111112,
      11.714611768722534,
      11.792986869812012,
      1,
      1720297067.6330721,
      1720297079.4264643,
      {}
    ],
    [
      7,
      null,
      1798789420,
      1.1111111111111112,
      8.744498252868652,
      8.81637716293335,
      1,
      1720297079.4277902,
      1720297088.244576,
      {}
    ],
    [
      8,
      null,
      1798789420,
      1.1111111111111112,
      2.7385525703430176,
      2.8055121898651123,
      1,
      1720297088.245904,
      1720297091.0518422,
      {}
    ],
    [
      9,
      null,
      1798789420,
      1.1111111111111112,
      3.666837215423584,
      3.7316601276397705,
      1,
      1720297091.053108,
      1720297094.7851903,
      {}
    ],
    [
      5,
      null,
      1798789420,
      3.333333333333333,
      44.6341655254364,
      44.728790044784546,
      1,
      1720297094.7874973,
      1720297139.5167015,
      {}
    ],
    [
      8,
      null,
      1798789420,
      3.333333333333333,
      73.34864258766174,
      73.44115281105042,
      1,
      1720297139.5181184,
      1720297212.9597173,
      {}
    ]
  ],
  "configs": {
    "1": {
      "discount_factor": 0.9909625168261335,
      "gae_lambda": 0.9724564854476795,
      "learning_rate": 0.0008585189784773014
    },
    "2": {
      "discount_factor": 0.942096259074727,
      "gae_lambda": 0.9211722806820037,
      "learning_rate": 0.0025057064686631668
    },
    "3": {
      "discount_factor": 0.9234688053243366,
      "gae_lambda": 0.951908145408034,
      "learning_rate": 0.0016161944238116072
    },
    "4": {
      "discount_factor": 0.9680978721034971,
      "gae_lambda": 0.9778493550835741,
      "learning_rate": 0.0007497038814904408
    },
    "5": {
      "discount_factor": 0.9208639403733928,
      "gae_lambda": 0.9838637395418423,
      "learning_rate": 0.0005888787052429419
    },
    "6": {
      "discount_factor": 0.9096536305897154,
      "gae_lambda": 0.9246383758304259,
      "learning_rate": 0.0013662921278634267
    },
    "7": {
      "discount_factor": 0.9552578006847997,
      "gae_lambda": 0.9972863203817331,
      "learning_rate": 0.00020686030974670656
    },
    "8": {
      "discount_factor": 0.9472978385581454,
      "gae_lambda": 0.9172379741172945,
      "learning_rate": 0.006128279442391357
    },
    "9": {
      "discount_factor": 0.9177662342613983,
      "gae_lambda": 0.9234672123803627,
      "learning_rate": 0.0004406696794938953
    }
  },
  "config_origins": {
    "1": "Initial Design: Random",
    "2": "Initial Design: Random",
    "3": "Initial Design: Random",
    "4": "Initial Design: Random",
    "5": "Initial Design: Random",
    "6": "Custom",
    "7": "Custom",
    "8": "Custom",
    "9": "Custom"
  }
}