{
  "stats": {
    "submitted": 1,
    "finished": 0,
    "running": 1
  },
  "data": [
    [
      1,
      null,
      140241328,
      2.6666666666666665,
      2147483647.0,
      0.0,
      0,
      0.0,
      0.0,
      {}
    ]
  ],
  "configs": {
    "1": {
      "discount_factor": 0.9527325951871385,
      "gae_lambda": 0.964848553682597,
      "learning_rate": 0.0012258555855161944
    }
  },
  "config_origins": {
    "1": "Initial Design: Random"
  }
}