{
  "stats": {
    "submitted": 9,
    "finished": 1,
    "running": 8
  },
  "data": [
    [
      1,
      null,
      788709014,
      33333.33333333333,
      2147483647.0,
      0.0,
      0,
      0.0,
      0.0,
      {}
    ],
    [
      2,
      null,
      788709014,
      33333.33333333333,
      2147483647.0,
      0.0,
      0,
      0.0,
      0.0,
      {}
    ],
    [
      3,
      null,
      788709014,
      33333.33333333333,
      2147483647.0,
      0.0,
      0,
      0.0,
      0.0,
      {}
    ],
    [
      4,
      null,
      788709014,
      33333.33333333333,
      2147483647.0,
      0.0,
      0,
      0.0,
      0.0,
      {}
    ],
    [
      5,
      null,
      788709014,
      33333.33333333333,
      2147483647.0,
      0.0,
      0,
      0.0,
      0.0,
      {}
    ],
    [
      6,
      null,
      788709014,
      33333.33333333333,
      2147483647.0,
      0.0,
      0,
      0.0,
      0.0,
      {}
    ],
    [
      7,
      null,
      788709014,
      33333.33333333333,
      173.52417655560163,
      336.8133542537689,
      1,
      1719565327.5844018,
      1719565664.3986397,
      {}
    ],
    [
      8,
      null,
      788709014,
      33333.33333333333,
      2147483647.0,
      0.0,
      0,
      0.0,
      0.0,
      {}
    ],
    [
      9,
      null,
      788709014,
      33333.33333333333,
      2147483647.0,
      0.0,
      0,
      0.0,
      0.0,
      {}
    ]
  ],
  "configs": {
    "1": {
      "discount_factor": 0.9676799269806159,
      "gae_lambda": 0.810153505764229,
      "learning_rate": 0.0024743999049265026
    },
    "2": {
      "discount_factor": 0.9359852559235845,
      "gae_lambda": 0.984376076637997,
      "learning_rate": 0.0019119826905273944
    },
    "3": {
      "discount_factor": 0.9516592785587328,
      "gae_lambda": 0.9002900173655214,
      "learning_rate": 0.00032443201119407387
    },
    "4": {
      "discount_factor": 0.9258663071570692,
      "gae_lambda": 0.8459877369663169,
      "learning_rate": 0.0036035647171755105
    },
    "5": {
      "discount_factor": 0.9590182005733692,
      "gae_lambda": 0.9622869885380025,
      "learning_rate": 0.0002531208247831775
    },
    "6": {
      "discount_factor": 0.9894290970855025,
      "gae_lambda": 0.9078775582381865,
      "learning_rate": 5.511957015465978e-05
    },
    "7": {
      "discount_factor": 0.908443995837881,
      "gae_lambda": 0.8253465721696186,
      "learning_rate": 2.3525969794005866e-05
    },
    "8": {
      "discount_factor": 0.9693486597938922,
      "gae_lambda": 0.9632883956059906,
      "learning_rate": 0.002264354473247843
    },
    "9": {
      "discount_factor": 0.9036738659014489,
      "gae_lambda": 0.807137510061452,
      "learning_rate": 0.009211003877650024
    }
  },
  "config_origins": {
    "1": "Initial Design: Random",
    "2": "Initial Design: Random",
    "3": "Initial Design: Random",
    "4": "Initial Design: Random",
    "5": "Initial Design: Random",
    "6": null,
    "7": null,
    "8": null,
    "9": null
  }
}