{
  "incumbent_ids": [
    1
  ],
  "rejected_config_ids": [],
  "incumbents_changed": 1,
  "trajectory": [
    {
      "config_ids": [
        1
      ],
      "costs": [
        -291.6857142857143
      ],
      "trial": 1,
      "walltime": 18.36054539680481
    }
  ],
  "state": {
    "tracker": {
      "0,0": [
        [
          0,
          [
            {
              "discount_factor": 0.9039816981773703,
              "gae_lambda": 0.8835150068699094,
              "learning_rate": 0.0016038914900327176
            }
          ]
        ]
      ]
    },
    "next_bracket": 0
  }
}