{
  "stats": {
    "submitted": 2,
    "finished": 2,
    "running": 0
  },
  "data": [
    [
      1,
      null,
      1104907236,
      15.0,
      -291.6857142857143,
      18.358948469161987,
      1,
      1719481745.80582,
      1719481764.165153,
      {}
    ],
    [
      2,
      null,
      1104907236,
      15.0,
      -279.3809523809524,
      17.91638994216919,
      1,
      1719481764.1665797,
      1719481782.0833669,
      {}
    ]
  ],
  "configs": {
    "1": {
      "discount_factor": 0.9749683705387706,
      "gae_lambda": 0.8371427647056323,
      "learning_rate": 0.0002383236296469747
    },
    "2": {
      "discount_factor": 0.9039816981773703,
      "gae_lambda": 0.8835150068699094,
      "learning_rate": 0.0016038914900327176
    }
  },
  "config_origins": {
    "1": "Initial Design: Random",
    "2": "Initial Design: Random"
  }
}