{
  "stats": {
    "submitted": 12,
    "finished": 12,
    "running": 0
  },
  "data": [
    [
      1,
      null,
      1147603994,
      null,
      -134.8421052631579,
      13.489932775497437,
      1,
      1719693376.932776,
      1719693390.4233031,
      {}
    ],
    [
      2,
      null,
      1147603994,
      null,
      -289.64210526315793,
      16.25892734527588,
      1,
      1719693390.4250498,
      1719693406.6843777,
      {}
    ],
    [
      3,
      null,
      1147603994,
      null,
      -32.71578947368421,
      11.210593223571777,
      1,
      1719693406.6859066,
      1719693417.8968484,
      {}
    ],
    [
      4,
      null,
      1147603994,
      null,
      -344.42105263157896,
      19.05878472328186,
      1,
      1719693417.8983123,
      1719693436.9574494,
      {}
    ],
    [
      5,
      null,
      1147603994,
      null,
      -217.85263157894735,
      16.180201530456543,
      1,
      1719693436.959197,
      1719693453.1397834,
      {}
    ],
    [
      6,
      null,
      1147603994,
      null,
      -204.5578947368421,
      15.859567165374756,
      1,
      1719693453.1414516,
      1719693469.001419,
      {}
    ],
    [
      7,
      null,
      1147603994,
      null,
      -212.23157894736843,
      16.03887414932251,
      1,
      1719693469.0032206,
      1719693485.042471,
      {}
    ],
    [
      8,
      null,
      1147603994,
      null,
      -87.36842105263158,
      13.375712633132935,
      1,
      1719693485.0441744,
      1719693498.420265,
      {}
    ],
    [
      9,
      null,
      1147603994,
      null,
      -287.8315789473684,
      17.936718702316284,
      1,
      1719693498.4222362,
      1719693516.3593473,
      {}
    ],
    [
      10,
      null,
      1147603994,
      null,
      -48.305263157894736,
      13.303969621658325,
      1,
      1719693516.361247,
      1719693529.6656668,
      {}
    ],
    [
      11,
      null,
      1147603994,
      null,
      -300.6105263157895,
      17.78824520111084,
      1,
      1719693529.6675696,
      1719693547.4561987,
      {}
    ],
    [
      12,
      null,
      1147603994,
      null,
      -236.18947368421055,
      16.44634199142456,
      1,
      1719693547.45813,
      1719693563.9048553,
      {}
    ]
  ],
  "configs": {
    "1": {
      "discount_factor": 0.9962281916923821,
      "gae_lambda": 0.8806394005101175,
      "learning_rate": 9.74253718497465e-05
    },
    "2": {
      "discount_factor": 0.9167652101190761,
      "gae_lambda": 0.924598377648741,
      "learning_rate": 0.0020118367789884986
    },
    "3": {
      "discount_factor": 0.9401250080186874,
      "gae_lambda": 0.8210044778883457,
      "learning_rate": 1.513703648641001e-05
    },
    "4": {
      "discount_factor": 0.9697284621885046,
      "gae_lambda": 0.9717457869965583,
      "learning_rate": 0.0007412558693062607
    },
    "5": {
      "discount_factor": 0.9499799913363531,
      "gae_lambda": 0.8468387343212962,
      "learning_rate": 0.00799145134188323
    },
    "6": {
      "discount_factor": 0.9319807369820774,
      "gae_lambda": 0.995660202095285,
      "learning_rate": 0.00016326068398671742
    },
    "7": {
      "discount_factor": 0.9116639770930633,
      "gae_lambda": 0.8505056186225266,
      "learning_rate": 0.0010560433992154107
    },
    "8": {
      "discount_factor": 0.9795288013312966,
      "gae_lambda": 0.9049838675670326,
      "learning_rate": 5.116158340292489e-05
    },
    "9": {
      "discount_factor": 0.984637936254032,
      "gae_lambda": 0.8059291804162786,
      "learning_rate": 0.0012369053511816657
    },
    "10": {
      "discount_factor": 0.9036069717518985,
      "gae_lambda": 0.9495096286358312,
      "learning_rate": 2.521092253512853e-05
    },
    "11": {
      "discount_factor": 0.9269864093726501,
      "gae_lambda": 0.8956900164196268,
      "learning_rate": 0.0054555224205718855
    },
    "12": {
      "discount_factor": 0.9581155487392098,
      "gae_lambda": 0.9468584591886029,
      "learning_rate": 0.00026368313653079266
    }
  },
  "config_origins": {
    "1": "Initial Design: Sobol",
    "2": "Initial Design: Sobol",
    "3": "Initial Design: Sobol",
    "4": "Initial Design: Sobol",
    "5": "Initial Design: Sobol",
    "6": "Initial Design: Sobol",
    "7": "Initial Design: Sobol",
    "8": "Initial Design: Sobol",
    "9": "Initial Design: Sobol",
    "10": "Initial Design: Sobol",
    "11": "Initial Design: Sobol",
    "12": "Initial Design: Sobol"
  }
}