{
  "incumbent_ids": [
    1
  ],
  "rejected_config_ids": [],
  "incumbents_changed": 1,
  "trajectory": [
    {
      "config_ids": [
        1
      ],
      "costs": [
        -359.5619047619047
      ],
      "trial": 1,
      "walltime": 19.464361429214478
    }
  ],
  "state": {
    "tracker": {
      "0,0": [
        [
          0,
          [
            {
              "discount_factor": 0.9622065575024348,
              "gae_lambda": 0.8911944511565796,
              "learning_rate": 0.008311792987327966
            }
          ]
        ]
      ]
    },
    "next_bracket": 0
  }
}