{
  "stats": {
    "submitted": 2,
    "finished": 2,
    "running": 0
  },
  "data": [
    [
      1,
      null,
      1655161629,
      15.0,
      -359.5619047619047,
      19.46286702156067,
      1,
      1719481685.211103,
      1719481704.6743286,
      {}
    ],
    [
      2,
      null,
      1655161629,
      15.0,
      -265.04761904761904,
      17.09411358833313,
      1,
      1719481704.6757472,
      1719481721.7702389,
      {}
    ]
  ],
  "configs": {
    "1": {
      "discount_factor": 0.9876518620936874,
      "gae_lambda": 0.8541627408442438,
      "learning_rate": 0.002842159666650177
    },
    "2": {
      "discount_factor": 0.9622065575024348,
      "gae_lambda": 0.8911944511565796,
      "learning_rate": 0.008311792987327966
    }
  },
  "config_origins": {
    "1": "Initial Design: Random",
    "2": "Initial Design: Random"
  }
}