{
  "stats": {
    "submitted": 3,
    "finished": 3,
    "running": 0
  },
  "data": [
    [
      1,
      null,
      1470966565,
      11111.111111111111,
      -34.6,
      6.714322805404663,
      1,
      1719521161.3559475,
      1719521168.0706398,
      {}
    ],
    [
      2,
      null,
      1470966565,
      11111.111111111111,
      -229.32000000000002,
      7.9083921909332275,
      1,
      1719521168.0719173,
      1719521175.9806848,
      {}
    ],
    [
      3,
      null,
      1470966565,
      11111.111111111111,
      -28.619999999999997,
      6.05977725982666,
      1,
      1719521175.981595,
      1719521182.0417268,
      {}
    ]
  ],
  "configs": {
    "1": {
      "discount_factor": 0.98340612311083,
      "gae_lambda": 0.935293738126281,
      "learning_rate": 4.372562850307766e-05
    },
    "2": {
      "discount_factor": 0.9819398439556881,
      "gae_lambda": 0.9296453513042564,
      "learning_rate": 0.0036771516053480564
    },
    "3": {
      "discount_factor": 0.9817267752765911,
      "gae_lambda": 0.9383229264103411,
      "learning_rate": 2.2555842025539463e-05
    }
  },
  "config_origins": {
    "1": "Initial Design: Random",
    "2": "Initial Design: Random",
    "3": "Initial Design: Random"
  }
}