{
  "incumbent_ids": [
    2
  ],
  "rejected_config_ids": [
    1
  ],
  "incumbents_changed": 2,
  "trajectory": [
    {
      "config_ids": [
        1
      ],
      "costs": [
        -206.6315789473684
      ],
      "trial": 1,
      "walltime": 15.059553146362305
    },
    {
      "config_ids": [
        2
      ],
      "costs": [
        -221.89473684210526
      ],
      "trial": 2,
      "walltime": 30.937667846679688
    }
  ],
  "state": {
    "queue": [
      [
        2,
        1
      ]
    ]
  }
}