{
  "stats": {
    "submitted": 2,
    "finished": 2,
    "running": 0
  },
  "data": [
    [
      1,
      null,
      1146268568,
      null,
      -206.6315789473684,
      15.057914018630981,
      1,
      1719693890.0507832,
      1719693905.1092267,
      {}
    ],
    [
      2,
      null,
      1146268568,
      null,
      -221.89473684210526,
      15.87617039680481,
      1,
      1719693905.1107993,
      1719693920.98735,
      {}
    ]
  ],
  "configs": {
    "1": {
      "discount_factor": 0.91552380603645,
      "gae_lambda": 0.8792392340032384,
      "learning_rate": 0.0002460919675351916
    },
    "2": {
      "discount_factor": 0.9987637904249131,
      "gae_lambda": 0.943494502731599,
      "learning_rate": 0.00044958544178218675
    }
  },
  "config_origins": {
    "1": "Initial Design: Sobol",
    "2": "Initial Design: Sobol"
  }
}