{
  "stats": {
    "submitted": 1,
    "finished": 0,
    "running": 1
  },
  "data": [
    [
      1,
      null,
      211097957,
      1.1111111111111112,
      2147483647.0,
      0.0,
      0,
      0.0,
      0.0,
      {}
    ]
  ],
  "configs": {
    "1": {
      "discount_factor": 0.9543658577657496,
      "gae_lambda": 0.8310888839444934,
      "learning_rate": 0.004901501230311919
    }
  },
  "config_origins": {
    "1": "Initial Design: Random"
  }
}