{
  "stats": {
    "submitted": 2,
    "finished": 2,
    "running": 0
  },
  "data": [
    [
      1,
      null,
      1870082789,
      7500.0,
      -23.885714285714283,
      4.735489130020142,
      1,
      1719477815.4373982,
      1719477820.173314,
      {}
    ],
    [
      2,
      null,
      1870082789,
      7500.0,
      -196.71428571428572,
      5.479804277420044,
      1,
      1719477820.1747284,
      1719477825.6549468,
      {}
    ]
  ],
  "configs": {
    "1": {
      "discount_factor": 0.9926058455114569,
      "gae_lambda": 0.9738851457785391,
      "learning_rate": 1.6371582241024033e-05
    },
    "2": {
      "discount_factor": 0.9037274582618892,
      "gae_lambda": 0.9941776069967809,
      "learning_rate": 0.001732244769728323
    }
  },
  "config_origins": {
    "1": "Initial Design: Random",
    "2": "Initial Design: Random"
  }
}