{
  "stats": {
    "submitted": 2,
    "finished": 2,
    "running": 0
  },
  "data": [
    [
      1,
      null,
      960204042,
      10000.0,
      -26.022222222222226,
      5.650277614593506,
      1,
      1714235652.3224804,
      1714235657.9731398,
      {}
    ],
    [
      2,
      null,
      960204042,
      10000.0,
      -29.622222222222224,
      5.253246784210205,
      1,
      1714235657.9743133,
      1714235663.2279367,
      {}
    ]
  ],
  "configs": {
    "1": {
      "discount_factor": 0.9716329274586598,
      "gae_lambda": 0.9677428316911979,
      "learning_rate": 2.4959639515985845e-05
    },
    "2": {
      "discount_factor": 0.904867636484101,
      "gae_lambda": 0.9591329322442886,
      "learning_rate": 2.147047627041928e-05
    }
  },
  "config_origins": {
    "1": "Initial Design: Random",
    "2": "Initial Design: Random"
  }
}