{
  "stats": {
    "submitted": 20,
    "finished": 20,
    "running": 0
  },
  "data": [
    [
      1,
      null,
      1467684409,
      2.2222222222222223,
      491.6277873516083,
      492.2626836299896,
      1,
      1720442124.2043998,
      1720442616.467451,
      {}
    ],
    [
      2,
      null,
      1467684409,
      2.2222222222222223,
      475.20028710365295,
      475.29785776138306,
      1,
      1720442616.46985,
      1720443091.7685225,
      {}
    ],
    [
      3,
      null,
      1467684409,
      2.2222222222222223,
      509.5225622653961,
      509.60427618026733,
      1,
      1720443091.769674,
      1720443601.3743596,
      {}
    ],
    [
      4,
      null,
      1467684409,
      2.2222222222222223,
      478.8002858161926,
      478.8745324611664,
      1,
      1720443601.3756459,
      1720444080.2505777,
      {}
    ],
    [
      5,
      null,
      1467684409,
      2.2222222222222223,
      471.5951085090637,
      471.66531801223755,
      1,
      1720444080.2519085,
      1720444551.9176464,
      {}
    ],
    [
      6,
      null,
      1467684409,
      2.2222222222222223,
      495.34682393074036,
      495.4221818447113,
      1,
      1720444551.9189165,
      1720445047.3415506,
      {}
    ],
    [
      7,
      null,
      1467684409,
      2.2222222222222223,
      495.76687240600586,
      495.8394584655762,
      1,
      1720445047.342888,
      1720445543.1830847,
      {}
    ],
    [
      8,
      null,
      1467684409,
      2.2222222222222223,
      400.45128774642944,
      400.52982568740845,
      1,
      1720445543.1844375,
      1720445943.7146702,
      {}
    ],
    [
      9,
      null,
      1467684409,
      2.2222222222222223,
      507.4360935688019,
      507.504656791687,
      1,
      1720445943.7159894,
      1720446451.221047,
      {}
    ],
    [
      8,
      null,
      1467684409,
      6.666666666666666,
      505.856529712677,
      505.9262971878052,
      1,
      1720446451.2232103,
      1720446957.1499133,
      {}
    ],
    [
      5,
      null,
      1467684409,
      6.666666666666666,
      576.1108829975128,
      576.1877107620239,
      1,
      1720446957.1512568,
      1720447533.3393993,
      {}
    ],
    [
      2,
      null,
      1467684409,
      6.666666666666666,
      586.5161237716675,
      586.5872187614441,
      1,
      1720447533.3408012,
      1720448119.9284258,
      {}
    ],
    [
      8,
      null,
      1467684409,
      20.0,
      780.1171610355377,
      780.1896035671234,
      1,
      1720448119.9299543,
      1720448900.1199677,
      {}
    ],
    [
      10,
      null,
      1467684409,
      6.666666666666666,
      572.2557754516602,
      572.3300731182098,
      1,
      1720448900.3517923,
      1720449472.682253,
      {}
    ],
    [
      11,
      null,
      1467684409,
      6.666666666666666,
      586.2181298732758,
      586.2895910739899,
      1,
      1720449472.6838794,
      1720450058.9738934,
      {}
    ],
    [
      12,
      null,
      1467684409,
      6.666666666666666,
      537.2793099880219,
      537.3722674846649,
      1,
      1720450058.975395,
      1720450596.3481312,
      {}
    ],
    [
      13,
      null,
      1467684409,
      6.666666666666666,
      581.225165605545,
      581.3019633293152,
      1,
      1720450596.3506002,
      1720451177.6532729,
      {}
    ],
    [
      14,
      null,
      1467684409,
      6.666666666666666,
      618.9784424304962,
      619.0632677078247,
      1,
      1720451177.65484,
      1720451796.7185378,
      {}
    ],
    [
      12,
      null,
      1467684409,
      20.0,
      906.2958087921143,
      906.3735229969025,
      1,
      1720451796.7207055,
      1720452703.094662,
      {}
    ],
    [
      15,
      null,
      1467684409,
      20.0,
      865.0263097286224,
      865.1209609508514,
      1,
      1720452703.0966587,
      1720453568.2180414,
      {}
    ]
  ],
  "configs": {
    "1": {
      "discount_factor": 0.9338304687862603,
      "gae_lambda": 0.988750801142969,
      "learning_rate": 0.0026014128137719795
    },
    "2": {
      "discount_factor": 0.9249394568800943,
      "gae_lambda": 0.9772763702098379,
      "learning_rate": 0.002864578559736227
    },
    "3": {
      "discount_factor": 0.9008676441238558,
      "gae_lambda": 0.9983896575204616,
      "learning_rate": 0.00024106385808286571
    },
    "4": {
      "discount_factor": 0.9215963594898644,
      "gae_lambda": 0.9331820371371363,
      "learning_rate": 0.0035349963348497385
    },
    "5": {
      "discount_factor": 0.934701506070149,
      "gae_lambda": 0.9719024907819785,
      "learning_rate": 0.00043375901168757
    },
    "6": {
      "discount_factor": 0.9147023516181111,
      "gae_lambda": 0.9656101980459316,
      "learning_rate": 0.00048729478975393476
    },
    "7": {
      "discount_factor": 0.9601818118067187,
      "gae_lambda": 0.9485776810046384,
      "learning_rate": 0.0004978761756237486
    },
    "8": {
      "discount_factor": 0.9957647930292117,
      "gae_lambda": 0.9888397353628203,
      "learning_rate": 0.009469567194735566
    },
    "9": {
      "discount_factor": 0.9473954582107347,
      "gae_lambda": 0.9005001798567894,
      "learning_rate": 0.0001959666226793964
    },
    "10": {
      "discount_factor": 0.9748866638392938,
      "gae_lambda": 0.9517038994362548,
      "learning_rate": 0.0003572322247892942
    },
    "11": {
      "discount_factor": 0.9575574385261234,
      "gae_lambda": 0.9482274284633341,
      "learning_rate": 0.0003259014073687059
    },
    "12": {
      "discount_factor": 0.9811737570433003,
      "gae_lambda": 0.9265647153193827,
      "learning_rate": 0.002606417150843955
    },
    "13": {
      "discount_factor": 0.9617658922856829,
      "gae_lambda": 0.9937957227003462,
      "learning_rate": 0.0023243877259783623
    },
    "14": {
      "discount_factor": 0.9526398465801093,
      "gae_lambda": 0.985508029597773,
      "learning_rate": 0.0002117336562343176
    },
    "15": {
      "discount_factor": 0.9739124618165156,
      "gae_lambda": 0.9465384035834769,
      "learning_rate": 0.0021063728675277276
    }
  },
  "config_origins": {
    "1": "Initial Design: Random",
    "2": "Initial Design: Random",
    "3": "Initial Design: Random",
    "4": "Initial Design: Random",
    "5": "Initial Design: Random",
    "6": "Custom",
    "7": "Custom",
    "8": "Custom",
    "9": "Custom",
    "10": "Acquisition Function Maximizer: Random Search (sorted)",
    "11": "Acquisition Function Maximizer: Random Search (sorted)",
    "12": "Acquisition Function Maximizer: Random Search (sorted)",
    "13": "Acquisition Function Maximizer: Random Search (sorted)",
    "14": "Acquisition Function Maximizer: Random Search (sorted)",
    "15": "Acquisition Function Maximizer: Random Search (sorted)"
  }
}