{
  "incumbent_ids": [
    3
  ],
  "rejected_config_ids": [],
  "incumbents_changed": 1,
  "trajectory": [
    {
      "config_ids": [
        3
      ],
      "costs": [
        59.92020514172496
      ],
      "trial": 13,
      "walltime": 1904.2823612689972
    }
  ],
  "state": {
    "tracker": {
      "0,2": [
        [
          0,
          [
            {
              "discount_factor": 0.9980067020936287,
              "gae_lambda": 0.8861480720507542,
              "learning_rate": 0.00011416624216389525
            }
          ]
        ]
      ]
    }
  }
}