{
  "stats": {
    "submitted": 13,
    "finished": 13,
    "running": 0
  },
  "data": [
    [
      1,
      null,
      1145040320,
      11111.111111111111,
      128.61149559755015,
      71.51272296905518,
      1,
      1719521304.650412,
      1719521376.1635628,
      {}
    ],
    [
      2,
      null,
      1145040320,
      11111.111111111111,
      167.18974901602783,
      34.76138615608215,
      1,
      1719521376.1648011,
      1719521410.9265838,
      {}
    ],
    [
      3,
      null,
      1145040320,
      11111.111111111111,
      113.12570187514933,
      42.10487246513367,
      1,
      1719521410.92756,
      1719521453.0328343,
      {}
    ],
    [
      4,
      null,
      1145040320,
      11111.111111111111,
      115.6359574115375,
      48.857547998428345,
      1,
      1719521453.0338664,
      1719521501.8918045,
      {}
    ],
    [
      5,
      null,
      1145040320,
      11111.111111111111,
      146.77888279021715,
      56.42694115638733,
      1,
      1719521501.8928916,
      1719521558.3202362,
      {}
    ],
    [
      6,
      null,
      1145040320,
      11111.111111111111,
      99.88805560046544,
      68.29868245124817,
      1,
      1719521558.3212972,
      1719521626.6203945,
      {}
    ],
    [
      7,
      null,
      1145040320,
      11111.111111111111,
      159.0148245839561,
      41.33639097213745,
      1,
      1719521626.621852,
      1719521667.958706,
      {}
    ],
    [
      8,
      null,
      1145040320,
      11111.111111111111,
      133.41677990406333,
      48.18244552612305,
      1,
      1719521667.960147,
      1719521716.1431496,
      {}
    ],
    [
      9,
      null,
      1145040320,
      11111.111111111111,
      125.30096339851094,
      58.161547899246216,
      1,
      1719521716.1448178,
      1719521774.3068511,
      {}
    ],
    [
      6,
      null,
      1145040320,
      33333.33333333333,
      74.70648687204657,
      257.67503476142883,
      1,
      1719521774.3090487,
      1719522031.9845483,
      {}
    ],
    [
      3,
      null,
      1145040320,
      33333.33333333333,
      43.90506930551515,
      230.68805050849915,
      1,
      1719522031.985645,
      1719522262.6740825,
      {}
    ],
    [
      4,
      null,
      1145040320,
      33333.33333333333,
      65.81370506617378,
      205.49266457557678,
      1,
      1719522262.6753602,
      1719522468.1684902,
      {}
    ],
    [
      3,
      null,
      1145040320,
      100000.0,
      59.92020514172496,
      740.7606511116028,
      1,
      1719522468.1699328,
      1719523208.931149,
      {}
    ]
  ],
  "configs": {
    "1": {
      "discount_factor": 0.9263934472473571,
      "gae_lambda": 0.8878686454395427,
      "learning_rate": 0.0016344016002714946
    },
    "2": {
      "discount_factor": 0.9521367501687233,
      "gae_lambda": 0.9334461407277712,
      "learning_rate": 2.0780526040529717e-05
    },
    "3": {
      "discount_factor": 0.9980067020936287,
      "gae_lambda": 0.8861480720507542,
      "learning_rate": 0.00011416624216389525
    },
    "4": {
      "discount_factor": 0.995042620815369,
      "gae_lambda": 0.9241250279971023,
      "learning_rate": 0.00010170885577887872
    },
    "5": {
      "discount_factor": 0.9314808310117556,
      "gae_lambda": 0.9631925278263758,
      "learning_rate": 0.0003651026837728383
    },
    "6": {
      "discount_factor": 0.9555849257580172,
      "gae_lambda": 0.9899875196122025,
      "learning_rate": 0.0010336654874029609
    },
    "7": {
      "discount_factor": 0.9332034010069096,
      "gae_lambda": 0.965990288328341,
      "learning_rate": 2.542608288367903e-05
    },
    "8": {
      "discount_factor": 0.9508932229158661,
      "gae_lambda": 0.9425259918912183,
      "learning_rate": 8.310792367655331e-05
    },
    "9": {
      "discount_factor": 0.9493874784430799,
      "gae_lambda": 0.9176201174777099,
      "learning_rate": 0.00020035148987495186
    }
  },
  "config_origins": {
    "1": "Initial Design: Random",
    "2": "Initial Design: Random",
    "3": "Initial Design: Random",
    "4": "Custom",
    "5": "Custom",
    "6": "Custom",
    "7": "Custom",
    "8": "Custom",
    "9": "Custom"
  }
}