{
  "stats": {
    "submitted": 2,
    "finished": 2,
    "running": 0
  },
  "data": [
    [
      1,
      null,
      688941361,
      10000.0,
      184.1124559356408,
      6.540379285812378,
      1,
      1718817325.2924092,
      1718817331.833141,
      {}
    ],
    [
      2,
      null,
      688941361,
      10000.0,
      107.53357604881072,
      5.9749932289123535,
      1,
      1718817331.834344,
      1718817337.8097413,
      {}
    ]
  ],
  "configs": {
    "1": {
      "discount_factor": 0.9158802591326973,
      "gae_lambda": 0.9492641243223718,
      "learning_rate": 0.00015966928451263777
    },
    "2": {
      "discount_factor": 0.9679521588233694,
      "gae_lambda": 0.9736656879420983,
      "learning_rate": 0.005826430251365938
    }
  },
  "config_origins": {
    "1": "Initial Design: Random",
    "2": "Initial Design: Random"
  }
}