{
  "incumbent_ids": [
    4
  ],
  "rejected_config_ids": [
    1,
    3
  ],
  "incumbents_changed": 3,
  "trajectory": [
    {
      "config_ids": [
        1
      ],
      "costs": [
        41.79143476486206
      ],
      "trial": 1,
      "walltime": 42.39991879463196
    },
    {
      "config_ids": [
        3
      ],
      "costs": [
        31.081420421600342
      ],
      "trial": 3,
      "walltime": 115.71548104286194
    },
    {
      "config_ids": [
        4
      ],
      "costs": [
        19.242997884750366
      ],
      "trial": 4,
      "walltime": 135.04789209365845
    }
  ],
  "state": {
    "queue": [
      [
        6,
        1
      ]
    ]
  }
}