{
  "stats": {
    "submitted": 6,
    "finished": 6,
    "running": 0
  },
  "data": [
    [
      1,
      null,
      152615692,
      null,
      41.79143476486206,
      42.39767384529114,
      1,
      1720454441.8658848,
      1720454484.2641006,
      {}
    ],
    [
      2,
      null,
      152615692,
      null,
      42.08363342285156,
      42.16320872306824,
      1,
      1720454484.2667696,
      1720454526.430731,
      {}
    ],
    [
      3,
      null,
      152615692,
      null,
      31.081420421600342,
      31.147314310073853,
      1,
      1720454526.4323764,
      1720454557.580107,
      {}
    ],
    [
      4,
      null,
      152615692,
      null,
      19.242997884750366,
      19.330256938934326,
      1,
      1720454557.5818381,
      1720454576.9124763,
      {}
    ],
    [
      5,
      null,
      152615692,
      null,
      38.24879693984985,
      38.32782053947449,
      1,
      1720454576.9144678,
      1720454615.2427847,
      {}
    ],
    [
      6,
      null,
      152615692,
      null,
      42.00290489196777,
      42.08244824409485,
      1,
      1720454615.2447054,
      1720454657.327553,
      {}
    ]
  ],
  "configs": {
    "1": {
      "discount_factor": 0.9985163864577189,
      "gae_lambda": 0.9529017968270928,
      "learning_rate": 0.006185839457179326
    },
    "2": {
      "discount_factor": 0.9348006657874212,
      "gae_lambda": 0.9239929112931714,
      "learning_rate": 0.0008108562685389478
    },
    "3": {
      "discount_factor": 0.9017974364804104,
      "gae_lambda": 0.9809472367409617,
      "learning_rate": 0.0029393201261518074
    },
    "4": {
      "discount_factor": 0.9633845823956654,
      "gae_lambda": 0.9400500699570402,
      "learning_rate": 0.00021666756897963668
    },
    "5": {
      "discount_factor": 0.9501926280828192,
      "gae_lambda": 0.9979602835262195,
      "learning_rate": 0.00048671819472307173
    },
    "6": {
      "discount_factor": 0.9149008306888864,
      "gae_lambda": 0.9292191910073161,
      "learning_rate": 0.003581725272185166
    }
  },
  "config_origins": {
    "1": "Initial Design: Sobol",
    "2": "Initial Design: Sobol",
    "3": "Initial Design: Sobol",
    "4": "Initial Design: Sobol",
    "5": "Initial Design: Sobol",
    "6": "Initial Design: Sobol"
  }
}