{
  "stats": {
    "submitted": 2,
    "finished": 2,
    "running": 0
  },
  "data": [
    [
      1,
      null,
      1465849481,
      null,
      35.690160621936165,
      565.1470727920532,
      1,
      1719516345.28423,
      1719516910.4316902,
      {}
    ],
    [
      2,
      null,
      1465849481,
      null,
      78.72073264872269,
      707.4408404827118,
      1,
      1719516910.4331896,
      1719517617.8745785,
      {}
    ]
  ],
  "configs": {
    "1": {
      "discount_factor": 0.9833253371911124,
      "gae_lambda": 0.8156025192523375,
      "learning_rate": 0.004140172364291934
    },
    "2": {
      "discount_factor": 0.9396730576604605,
      "gae_lambda": 0.9229717517727987,
      "learning_rate": 8.63100840807674e-05
    }
  },
  "config_origins": {
    "1": "Initial Design: Sobol",
    "2": "Initial Design: Sobol"
  }
}