{
  "stats": {
    "submitted": 50,
    "finished": 50,
    "running": 0
  },
  "data": [
    [
      1,
      null,
      209652396,
      null,
      -37.8,
      1.7632179260253906,
      1,
      1707481983.0183637,
      1707481984.7821672,
      {}
    ],
    [
      2,
      null,
      209652396,
      null,
      -42.0,
      5.36461329460144,
      1,
      1707481984.78664,
      1707481990.152065,
      {}
    ],
    [
      3,
      null,
      209652396,
      null,
      -99.0,
      2.7868707180023193,
      1,
      1707481990.1544075,
      1707481992.9418056,
      {}
    ],
    [
      4,
      null,
      209652396,
      null,
      -27.8,
      3.9362850189208984,
      1,
      1707481992.9458816,
      1707481996.8828027,
      {}
    ],
    [
      5,
      null,
      209652396,
      null,
      -262.2,
      6.784649848937988,
      1,
      1707481996.8851178,
      1707482003.6702862,
      {}
    ],
    [
      6,
      null,
      209652396,
      null,
      -27.8,
      2.650012731552124,
      1,
      1707482003.6730196,
      1707482006.324194,
      {}
    ],
    [
      7,
      null,
      209652396,
      null,
      -205.4,
      5.549556016921997,
      1,
      1707482006.3276477,
      1707482011.878157,
      {}
    ],
    [
      8,
      null,
      209652396,
      null,
      -63.4,
      3.959962844848633,
      1,
      1707482011.8804767,
      1707482015.841036,
      {}
    ],
    [
      9,
      null,
      209652396,
      null,
      -294.2,
      6.515635967254639,
      1,
      1707482015.8445098,
      1707482022.3607008,
      {}
    ],
    [
      10,
      null,
      209652396,
      null,
      -62.0,
      4.670876979827881,
      1,
      1707482022.3635674,
      1707482027.035225,
      {}
    ],
    [
      11,
      null,
      209652396,
      null,
      -157.0,
      7.843504905700684,
      1,
      1707482027.0386314,
      1707482034.8827245,
      {}
    ],
    [
      12,
      null,
      209652396,
      null,
      -25.2,
      3.152376651763916,
      1,
      1707482034.885638,
      1707482038.0385966,
      {}
    ],
    [
      13,
      null,
      209652396,
      null,
      -189.8,
      7.921657085418701,
      1,
      1707482038.2945383,
      1707482046.2167518,
      {}
    ],
    [
      14,
      null,
      209652396,
      null,
      -176.8,
      6.440455198287964,
      1,
      1707482046.222154,
      1707482052.6638494,
      {}
    ],
    [
      15,
      null,
      209652396,
      null,
      -235.0,
      6.468356370925903,
      1,
      1707482052.6682968,
      1707482059.137484,
      {}
    ],
    [
      16,
      null,
      209652396,
      null,
      -339.4,
      6.57281494140625,
      1,
      1707482059.140334,
      1707482065.7138479,
      {}
    ],
    [
      17,
      null,
      209652396,
      null,
      -368.8,
      6.664148569107056,
      1,
      1707482065.7209055,
      1707482072.386161,
      {}
    ],
    [
      18,
      null,
      209652396,
      null,
      -350.6,
      6.6183762550354,
      1,
      1707482072.3905568,
      1707482079.0097094,
      {}
    ],
    [
      19,
      null,
      209652396,
      null,
      -229.2,
      7.960874319076538,
      1,
      1707482079.01558,
      1707482086.977516,
      {}
    ],
    [
      20,
      null,
      209652396,
      null,
      -230.6,
      8.069899797439575,
      1,
      1707482086.9813223,
      1707482095.0517895,
      {}
    ],
    [
      21,
      null,
      209652396,
      null,
      -321.0,
      6.587642192840576,
      1,
      1707482095.3034477,
      1707482101.8916206,
      {}
    ],
    [
      22,
      null,
      209652396,
      null,
      -165.2,
      6.3712921142578125,
      1,
      1707482101.8986266,
      1707482108.270494,
      {}
    ],
    [
      23,
      null,
      209652396,
      null,
      -206.8,
      6.453277587890625,
      1,
      1707482108.276073,
      1707482114.729998,
      {}
    ],
    [
      24,
      null,
      209652396,
      null,
      -155.8,
      6.354248046875,
      1,
      1707482114.7350447,
      1707482121.089866,
      {}
    ],
    [
      25,
      null,
      209652396,
      null,
      -256.2,
      6.506860971450806,
      1,
      1707482121.0965457,
      1707482127.603981,
      {}
    ],
    [
      26,
      null,
      209652396,
      null,
      -299.6,
      6.609331846237183,
      1,
      1707482127.6077824,
      1707482134.2176685,
      {}
    ],
    [
      27,
      null,
      209652396,
      null,
      -31.2,
      4.60835862159729,
      1,
      1707482134.2212114,
      1707482138.8301275,
      {}
    ],
    [
      28,
      null,
      209652396,
      null,
      -41.8,
      1.5934209823608398,
      1,
      1707482138.8342073,
      1707482140.4282897,
      {}
    ],
    [
      29,
      null,
      209652396,
      null,
      -44.4,
      6.1933348178863525,
      1,
      1707482140.4380143,
      1707482146.6319509,
      {}
    ],
    [
      30,
      null,
      209652396,
      null,
      -199.6,
      6.387289762496948,
      1,
      1707482146.9249058,
      1707482153.3129401,
      {}
    ],
    [
      31,
      null,
      209652396,
      null,
      -1315.8,
      7.982619285583496,
      1,
      1707482153.3236399,
      1707482161.3068383,
      {}
    ],
    [
      32,
      null,
      209652396,
      null,
      -324.6,
      6.676308870315552,
      1,
      1707482161.3111515,
      1707482167.9880216,
      {}
    ],
    [
      33,
      null,
      209652396,
      null,
      -293.2,
      6.576359272003174,
      1,
      1707482167.993076,
      1707482174.570019,
      {}
    ],
    [
      34,
      null,
      209652396,
      null,
      -223.4,
      6.498924255371094,
      1,
      1707482174.5746355,
      1707482181.0746288,
      {}
    ],
    [
      35,
      null,
      209652396,
      null,
      -440.8,
      6.814020872116089,
      1,
      1707482181.0807383,
      1707482187.89533,
      {}
    ],
    [
      36,
      null,
      209652396,
      null,
      -355.2,
      6.691650867462158,
      1,
      1707482187.8996298,
      1707482194.591845,
      {}
    ],
    [
      37,
      null,
      209652396,
      null,
      -29.2,
      6.186065912246704,
      1,
      1707482194.6041791,
      1707482200.790854,
      {}
    ],
    [
      38,
      null,
      209652396,
      null,
      -197.2,
      6.474854469299316,
      1,
      1707482201.102964,
      1707482207.578373,
      {}
    ],
    [
      39,
      null,
      209652396,
      null,
      -141.6,
      4.882013559341431,
      1,
      1707482207.583356,
      1707482212.4659336,
      {}
    ],
    [
      40,
      null,
      209652396,
      null,
      -230.2,
      7.319799423217773,
      1,
      1707482212.4708085,
      1707482219.7911801,
      {}
    ],
    [
      41,
      null,
      209652396,
      null,
      -194.4,
      6.915101766586304,
      1,
      1707482219.797191,
      1707482226.7129686,
      {}
    ],
    [
      42,
      null,
      209652396,
      null,
      -234.8,
      6.490261793136597,
      1,
      1707482226.7187521,
      1707482233.2097178,
      {}
    ],
    [
      43,
      null,
      209652396,
      null,
      -233.8,
      6.4918694496154785,
      1,
      1707482233.2183926,
      1707482239.7114103,
      {}
    ],
    [
      44,
      null,
      209652396,
      null,
      -231.2,
      6.557948350906372,
      1,
      1707482239.7186997,
      1707482246.27722,
      {}
    ],
    [
      45,
      null,
      209652396,
      null,
      -262.2,
      6.540306091308594,
      1,
      1707482246.580558,
      1707482253.1214187,
      {}
    ],
    [
      46,
      null,
      209652396,
      null,
      -603.6,
      6.986717700958252,
      1,
      1707482253.127809,
      1707482260.115094,
      {}
    ],
    [
