{
  "stats": {
    "submitted": 20,
    "finished": 20,
    "running": 0
  },
  "data": [
    [
      1,
      null,
      209652396,
      2.7777777777777777,
      0.23093160012380076,
      1.1039340496063232,
      1,
      1719484543.4291093,
      1719484544.5336473,
      {}
    ],
    [
      2,
      null,
      209652396,
      2.7777777777777777,
      0.7100479727638502,
      0.21337413787841797,
      1,
      1719484544.5357678,
      1719484544.7502725,
      {}
    ],
    [
      3,
      null,
      209652396,
      2.7777777777777777,
      0.0628814608480347,
      0.2222440242767334,
      1,
      1719484544.752079,
      1719484544.9754658,
      {}
    ],
    [
      4,
      null,
      209652396,
      2.7777777777777777,
      0.8992773135252244,
      0.5961856842041016,
      1,
      1719484544.9773448,
      1719484545.574593,
      {}
    ],
    [
      5,
      null,
      209652396,
      2.7777777777777777,
      0.8447369235530795,
      0.12740159034729004,
      1,
      1719484545.5767355,
      1719484545.7052681,
      {}
    ],
    [
      6,
      null,
      209652396,
      2.7777777777777777,
      0.07458062519343867,
      0.18964433670043945,
      1,
      1719484545.7065303,
      1719484545.8967688,
      {}
    ],
    [
      7,
      null,
      209652396,
      2.7777777777777777,
      0.14246672856700704,
      0.13401532173156738,
      1,
      1719484545.898921,
      1719484546.034093,
      {}
    ],
    [
      8,
      null,
      209652396,
      2.7777777777777777,
      0.35391519653358094,
      0.16724610328674316,
      1,
      1719484546.0366971,
      1719484546.205021,
      {}
    ],
    [
      9,
      null,
      209652396,
      2.7777777777777777,
      0.36563138347260904,
      0.10276985168457031,
      1,
      1719484546.206445,
      1719484546.3097966,
      {}
    ],
    [
      3,
      null,
      209652396,
      8.333333333333332,
      0.05064840606623344,
      0.5596401691436768,
      1,
      1719484546.3138285,
      1719484546.8745801,
      {}
    ],
    [
      6,
      null,
      209652396,
      8.333333333333332,
      0.04119312906220984,
      0.6077563762664795,
      1,
      1719484546.8875859,
      1719484547.4965732,
      {}
    ],
    [
      7,
      null,
      209652396,
      8.333333333333332,
      0.05732281027545638,
      0.34056735038757324,
      1,
      1719484547.498843,
      1719484547.8405704,
      {}
    ],
    [
      6,
      null,
      209652396,
      25.0,
      0.030055710306406747,
      1.4197587966918945,
      1,
      1719484547.843192,
      1719484549.2640615,
      {}
    ],
    [
      10,
      null,
      209652396,
      2.7777777777777777,
      0.7145481275147013,
      0.12129044532775879,
      1,
      1719484549.6457305,
      1719484549.7675903,
      {}
    ],
    [
      11,
      null,
      209652396,
      2.7777777777777777,
      0.8981615598885794,
      0.11684012413024902,
      1,
      1719484549.77006,
      1719484549.8879607,
      {}
    ],
    [
      12,
      null,
      209652396,
      2.7777777777777777,
      0.6594305168678427,
      0.17276525497436523,
      1,
      1719484549.889581,
      1719484550.063247,
      {}
    ],
    [
      13,
      null,
      209652396,
      2.7777777777777777,
      0.10626586196224075,
      0.25472354888916016,
      1,
      1719484550.0659606,
      1719484550.3218033,
      {}
    ],
    [
      14,
      null,
      209652396,
      2.7777777777777777,
      0.9015041782729805,
      0.07250261306762695,
      1,
      1719484550.3238087,
      1719484550.3970923,
      {}
    ],
    [
      15,
      null,
      209652396,
      2.7777777777777777,
      0.8080377592076756,
      0.07300853729248047,
      1,
      1719484550.3996727,
      1719484550.4738188,
      {}
    ],
    [
      16,
      null,
      209652396,
      2.7777777777777777,
      0.08291705354379442,
      0.0606689453125,
      1,
      1719484550.4769669,
      1719484550.5389326,
      {}
    ]
  ],
  "configs": {
    "1": {
      "activation": "tanh",
      "n_layer": 4,
      "n_neurons": 123,
      "solver": "lbfgs"
    },
    "2": {
      "activation": "relu",
      "n_layer": 3,
      "n_neurons": 49,
      "solver": "lbfgs"
    },
    "3": {
      "activation": "tanh",
      "n_layer": 5,
      "n_neurons": 56,
      "solver": "adam",
      "batch_size": 155,
      "learning_rate_init": 0.006677306766018313
    },
    "4": {
      "activation": "tanh",
      "n_layer": 5,
      "n_neurons": 197,
      "solver": "adam",
      "batch_size": 241,
      "learning_rate_init": 0.018781738757161916
    },
    "5": {
      "activation": "tanh",
      "n_layer": 2,
      "n_neurons": 10,
      "solver": "adam",
      "batch_size": 62,
      "learning_rate_init": 0.00011889379831773019
    },
    "6": {
      "activation": "tanh",
      "n_layer": 4,
      "n_neurons": 66,
      "solver": "adam",
      "batch_size": 214,
      "learning_rate_init": 0.005599223654063347
    },
    "7": {
      "activation": "relu",
      "n_layer": 1,
      "n_neurons": 79,
      "solver": "adam",
      "batch_size": 87,
      "learning_rate_init": 0.0018268942281532308
    },
    "8": {
      "activation": "tanh",
      "n_layer": 3,
      "n_neurons": 35,
      "solver": "adam",
      "batch_size": 57,
      "learning_rate_init": 0.00044181257379025503
    },
    "9": {
      "activation": "tanh",
      "n_layer": 2,
      "n_neurons": 39,
      "solver": "lbfgs"
    },
    "10": {
      "activation": "relu",
      "n_layer": 2,
      "n_neurons": 48,
      "solver": "lbfgs"
    },
    "11": {
      "activation": "logistic",
      "n_layer": 5,
      "n_neurons": 23,
      "solver": "sgd",
      "batch_size": 188,
      "learning_rate": "constant",
      "learning_rate_init": 0.06279384856082841
    },
    "12": {
      "activation": "relu",
      "n_layer": 2,
      "n_neurons": 55,
      "solver": "lbfgs"
    },
    "13": {
      "activation": "tanh",
      "n_layer": 4,
      "n_neurons": 32,
      "solver": "adam",
      "batch_size": 35,
      "learning_rate_init": 0.001547917475869209
    },
    "14": {
      "activation": "logistic",
      "n_layer": 3,
      "n_neurons": 11,
      "solver": "lbfgs"
    },
    "15": {
      "activation": "relu",
      "n_layer": 4,
      "n_neurons": 9,
      "solver": "lbfgs"
    },
    "16": {
      "activation": "logistic",
      "n_layer": 1,
      "n_neurons": 19,
      "solver": "adam",
      "batch_size": 103,
      "learning_rate_init": 0.02113934324402315
    }
  },
  "config_origins": {
    "1": "Initial Design: Random",
    "2": "Initial Design: Random",
    "3": "Initial Design: Random",
    "4": "Initial Design: Random",
    "5": "Initial Design: Random",
    "6": "Custom",
    "7": "Custom",
    "8": "Custom",
    "9": "Custom",
    "10": "Acquisition Function Maximizer: Random Search (sorted)",
    "11": "Acquisition Function Maximizer: Random Search (sorted)",
    "12": "Acquisition Function Maximizer: Random Search (sorted)",
    "13": "Acquisition Function Maximizer: Random Search (sorted)",
    "14": "Acquisition Function Maximizer: Random Search (sorted)",
    "15": "Acquisition Function Maximizer: Random Search (sorted)",
    "16": "Acquisition Function Maximizer: Random Search (sorted)"
  }
}