{
  "incumbent_ids": [
    7
  ],
  "rejected_config_ids": [],
  "incumbents_changed": 1,
  "trajectory": [
    {
      "config_ids": [
        7
      ],
      "costs": [
        -179.38311319395706
      ],
      "trial": 13,
      "walltime": 4022.012311697006
    }
  ],
  "state": {
    "tracker": {
      "0,2": [
        [
          0,
          [
            {
              "discount_factor": 0.987415659637244,
              "gae_lambda": 0.803428368642255,
              "learning_rate": 0.00028781306890322865
            }
          ]
        ]
      ]
    },
    "next_bracket": 1
  }
}