{
  "stats": {
    "submitted": 13,
    "finished": 13,
    "running": 0
  },
  "data": [
    [
      1,
      null,
      354365561,
      2.2222222222222223,
      204.72548627265152,
      222.09124207496643,
      1,
      1719856526.7619476,
      1719856748.8535516,
      {}
    ],
    [
      2,
      null,
      354365561,
      2.2222222222222223,
      45.38104105689423,
      289.58301734924316,
      1,
      1719856748.8548882,
      1719857038.438308,
      {}
    ],
    [
      3,
      null,
      354365561,
      2.2222222222222223,
      157.24178149682874,
      214.40520596504211,
      1,
      1719857038.4393923,
      1719857252.8449993,
      {}
    ],
    [
      4,
      null,
      354365561,
      2.2222222222222223,
      558.5551199071207,
      228.32071948051453,
      1,
      1719857252.8461268,
      1719857481.167266,
      {}
    ],
    [
      5,
      null,
      354365561,
      2.2222222222222223,
      151.47901367279806,
      224.94446849822998,
      1,
      1719857481.1684031,
      1719857706.1132953,
      {}
    ],
    [
      6,
      null,
      354365561,
      2.2222222222222223,
      106.70269444828976,
      327.99780082702637,
      1,
      1719857706.1144276,
      1719858034.112637,
      {}
    ],
    [
      7,
      null,
      354365561,
      2.2222222222222223,
      -126.482325160208,
      278.7943501472473,
      1,
      1719858034.11389,
      1719858312.9086733,
      {}
    ],
    [
      8,
      null,
      354365561,
      2.2222222222222223,
      155.79971541770843,
      229.17899107933044,
      1,
      1719858312.909919,
      1719858542.0893557,
      {}
    ],
    [
      9,
      null,
      354365561,
      2.2222222222222223,
      198.16503189189697,
      213.60432267189026,
      1,
      1719858542.090604,
      1719858755.6953568,
      {}
    ],
    [
      7,
      null,
      354365561,
      6.666666666666666,
      -106.80622339806227,
      346.3123867511749,
      1,
      1719858755.6974592,
      1719859102.0102687,
      {}
    ],
    [
      2,
      null,
      354365561,
      6.666666666666666,
      39.33591158072717,
      419.1798462867737,
      1,
      1719859102.0115013,
      1719859521.1917555,
      {}
    ],
    [
      6,
      null,
      354365561,
      6.666666666666666,
      108.7908857086321,
      450.0626423358917,
      1,
      1719859521.192914,
      1719859971.2560084,
      {}
    ],
    [
      7,
      null,
      354365561,
      20.0,
      -179.38311319395706,
      577.5139603614807,
      1,
      1719859971.2582026,
      1719860548.7727158,
      {}
    ]
  ],
  "configs": {
    "1": {
      "discount_factor": 0.9576682085575904,
      "gae_lambda": 0.8820941192393479,
      "learning_rate": 0.004603423836127215
    },
    "2": {
      "discount_factor": 0.9810565264139681,
      "gae_lambda": 0.9353487822725959,
      "learning_rate": 0.0016348516532911047
    },
    "3": {
      "discount_factor": 0.9318741669303873,
      "gae_lambda": 0.9989748590539336,
      "learning_rate": 4.502088324846453e-05
    },
    "4": {
      "discount_factor": 0.9443451482616574,
      "gae_lambda": 0.8619316096835137,
      "learning_rate": 0.009078223674319385
    },
    "5": {
      "discount_factor": 0.9025488486329014,
      "gae_lambda": 0.9382048238354797,
      "learning_rate": 3.2750009310061555e-05
    },
    "6": {
      "discount_factor": 0.9545573265929669,
      "gae_lambda": 0.8593807867632796,
      "learning_rate": 0.002888133185059786
    },
    "7": {
      "discount_factor": 0.987415659637244,
      "gae_lambda": 0.803428368642255,
      "learning_rate": 0.00028781306890322865
    },
    "8": {
      "discount_factor": 0.9346333738118109,
      "gae_lambda": 0.9789661892672517,
      "learning_rate": 3.855214476252259e-05
    },
    "9": {
      "discount_factor": 0.9215718396598374,
      "gae_lambda": 0.896256978765628,
      "learning_rate": 1.2068977566945846e-05
    }
  },
  "config_origins": {
    "1": "Initial Design: Random",
    "2": "Initial Design: Random",
    "3": "Initial Design: Random",
    "4": "Initial Design: Random",
    "5": "Initial Design: Random",
    "6": "Initial Design: Random",
    "7": "Initial Design: Random",
    "8": "Initial Design: Random",
    "9": "Initial Design: Random"
  }
}