{
  "incumbent_ids": [
    3
  ],
  "rejected_config_ids": [
    1
  ],
  "incumbents_changed": 2,
  "trajectory": [
    {
      "config_ids": [
        1
      ],
      "costs": [
        -295.6641025641026
      ],
      "trial": 1,
      "walltime": 70.40789937973022
    },
    {
      "config_ids": [
        3
      ],
      "costs": [
        -409.6153846153846
      ],
      "trial": 3,
      "walltime": 208.77547097206116
    }
  ],
  "state": {
    "tracker": {
      "0,0": [
        [
          0,
          [
            {
              "discount_factor": 0.9407560259017,
              "gae_lambda": 0.8845234744823627,
              "learning_rate": 0.0001780578519958288
            }
          ]
        ]
      ]
    },
    "next_bracket": 0
  }
}