{
  "stats": {
    "submitted": 3,
    "finished": 3,
    "running": 0
  },
  "data": [
    [
      1,
      null,
      653379683,
      20000.0,
      -295.6641025641026,
      70.40632319450378,
      1,
      1719691082.6817625,
      1719691153.0884433,
      {}
    ],
    [
      2,
      null,
      653379683,
      20000.0,
      -106.97435897435898,
      55.79111981391907,
      1,
      1719691153.0899708,
      1719691208.8814964,
      {}
    ],
    [
      3,
      null,
      653379683,
      20000.0,
      -409.6153846153846,
      82.5729455947876,
      1,
      1719691208.8827183,
      1719691291.456055,
      {}
    ]
  ],
  "configs": {
    "1": {
      "discount_factor": 0.9150605543651132,
      "gae_lambda": 0.8119356011377648,
      "learning_rate": 0.0020239860221734755
    },
    "2": {
      "discount_factor": 0.9598770819145642,
      "gae_lambda": 0.9146860684035952,
      "learning_rate": 1.3309564572093307e-05
    },
    "3": {
      "discount_factor": 0.9407560259017,
      "gae_lambda": 0.8845234744823627,
      "learning_rate": 0.0001780578519958288
    }
  },
  "config_origins": {
    "1": "Initial Design: Random",
    "2": "Initial Design: Random",
    "3": "Initial Design: Random"
  }
}