{
  "incumbent_ids": [
    1
  ],
  "rejected_config_ids": [],
  "incumbents_changed": 1,
  "trajectory": [
    {
      "config_ids": [
        1
      ],
      "costs": [
        Infinity
      ],
      "trial": 1,
      "walltime": 0.41837048530578613
    }
  ],
  "state": {
    "tracker": {
      "0,1": [
        [
          0,
          [
            {
              "discount_factor": 0.9318477024191355,
              "gae_lambda": 0.976085754984336,
              "learning_rate": 8.862595827867597e-05
            },
            {
              "discount_factor": 0.9702087478329857,
              "gae_lambda": 0.9711488592007321,
              "learning_rate": 0.003979743630273623
            },
            {
              "discount_factor": 0.9008229228226768,
              "gae_lambda": 0.8446769657935509,
              "learning_rate": 0.00418053165105806
            },
            {
              "discount_factor": 0.9604549319352835,
              "gae_lambda": 0.9846107183142652,
              "learning_rate": 6.679071483228094e-05
            }
          ]
        ]
      ]
    },
    "next_bracket": 1
  }
}