{
  "stats": {
    "submitted": 1,
    "finished": 1,
    "running": 0
  },
  "data": [
    [
      1,
      null,
      1379155576,
      2.05761316872428,
      68.1682042537987,
      40.80619692802429,
      1,
      1719700082.507725,
      1719700123.3145535,
      {}
    ]
  ],
  "configs": {
    "1": {
      "discount_factor": 0.9317898583486337,
      "gae_lambda": 0.8368910692074717,
      "learning_rate": 0.0008669764959484237
    }
  },
  "config_origins": {
    "1": "Initial Design: Random"
  }
}