{
  "incumbent_ids": [],
  "rejected_config_ids": [],
  "incumbents_changed": 0,
  "trajectory": [],
  "state": {
    "tracker": {
      "0,0": [
        [
          0,
          [
            {
              "discount_factor": 0.9093512213172864,
              "gae_lambda": 0.8136819638041645,
              "learning_rate": 7.158762263041285e-05
            },
            {
              "discount_factor": 0.9873121033502571,
              "gae_lambda": 0.8201787287986778,
              "learning_rate": 0.0007692738157410239
            },
            {
              "discount_factor": 0.9792912190653174,
              "gae_lambda": 0.8105801749647441,
              "learning_rate": 1.1164096044535135e-05
            }
          ]
        ]
      ]
    }
  }
}