{
  "stats": {
    "submitted": 3,
    "finished": 3,
    "running": 0
  },
  "data": [
    [
      1,
      null,
      405688783,
      8333.333333333332,
      -59.675000000000004,
      5.268811464309692,
      1,
      1719519495.9289753,
      1719519501.1981401,
      {}
    ],
    [
      2,
      null,
      405688783,
      8333.333333333332,
      -154.70000000000002,
      5.71435022354126,
      1,
      1719519501.1992443,
      1719519506.9140253,
      {}
    ],
    [
      3,
      null,
      405688783,
      8333.333333333332,
      -22.049999999999997,
      4.478759288787842,
      1,
      1719519506.9148686,
      1719519511.3939826,
      {}
    ]
  ],
  "configs": {
    "1": {
      "discount_factor": 0.9093512213172864,
      "gae_lambda": 0.8136819638041645,
      "learning_rate": 7.158762263041285e-05
    },
    "2": {
      "discount_factor": 0.9873121033502571,
      "gae_lambda": 0.8201787287986778,
      "learning_rate": 0.0007692738157410239
    },
    "3": {
      "discount_factor": 0.9792912190653174,
      "gae_lambda": 0.8105801749647441,
      "learning_rate": 1.1164096044535135e-05
    }
  },
  "config_origins": {
    "1": "Initial Design: Random",
    "2": "Initial Design: Random",
    "3": "Initial Design: Random"
  }
}