{
  "incumbent_ids": [],
  "rejected_config_ids": [],
  "incumbents_changed": 0,
  "trajectory": [],
  "state": {
    "tracker": {
      "0,0": [
        [
          0,
          [
            {
              "discount_factor": 0.9204337059447949,
              "gae_lambda": 0.8782388358878153,
              "learning_rate": 2.3094926559893243e-05
            },
            {
              "discount_factor": 0.9657876650436394,
              "gae_lambda": 0.9540082780001065,
              "learning_rate": 0.0005304483937342973
            },
            {
              "discount_factor": 0.9712060074769735,
              "gae_lambda": 0.8646398952880111,
              "learning_rate": 1.254960195083634e-05
            }
          ]
        ]
      ]
    },
    "next_bracket": 1
  }
}