{
  "stats": {
    "submitted": 1,
    "finished": 1,
    "running": 0
  },
  "data": [
    [
      1,
      null,
      886485835,
      13333.333333333332,
      201.8552976345956,
      13.514259815216064,
      1,
      1718789962.952507,
      1718789976.467336,
      {}
    ]
  ],
  "configs": {
    "1": {
      "discount_factor": 0.9204337059447949,
      "gae_lambda": 0.8782388358878153,
      "learning_rate": 2.3094926559893243e-05
    }
  },
  "config_origins": {
    "1": "Initial Design: Random"
  }
}