{
  "stats": {
    "submitted": 25,
    "finished": 25,
    "running": 0
  },
  "data": [
    [
      1,
      null,
      436858204,
      null,
      191.77629774328724,
      24.25635552406311,
      1,
      1719511461.0204518,
      1719511485.2773175,
      {}
    ],
    [
      2,
      null,
      436858204,
      null,
      128.96069869970086,
      33.23809266090393,
      1,
      1719511485.279045,
      1719511518.517571,
      {}
    ],
    [
      3,
      null,
      436858204,
      null,
      176.806923011516,
      19.37076687812805,
      1,
      1719511518.5193472,
      1719511537.8905587,
      {}
    ],
    [
      4,
      null,
      436858204,
      null,
      114.56463362587836,
      20.68788504600525,
      1,
      1719511537.8921058,
      1719511558.5803666,
      {}
    ],
    [
      5,
      null,
      436858204,
      null,
      118.67437952597426,
      32.29144549369812,
      1,
      1719511558.5822382,
      1719511590.8740969,
      {}
    ],
    [
      6,
      null,
      436858204,
      null,
      164.40054756332242,
      20.134315967559814,
      1,
      1719511590.8758354,
      1719511611.0105515,
      {}
    ],
    [
      7,
      null,
      436858204,
      null,
      112.17775618086957,
      31.08420491218567,
      1,
      1719511611.0123928,
      1719511642.0970051,
      {}
    ],
    [
      8,
      null,
      436858204,
      null,
      179.61886460396659,
      19.188840627670288,
      1,
      1719511642.1014123,
      1719511661.2910151,
      {}
    ],
    [
      9,
      null,
      436858204,
      null,
      49.530090637912785,
      29.647592544555664,
      1,
      1719511661.2931821,
      1719511690.9411592,
      {}
    ],
    [
      10,
      null,
      436858204,
      null,
      175.37399856488727,
      19.198758840560913,
      1,
      1719511690.9432704,
      1719511710.1424406,
      {}
    ],
    [
      11,
      null,
      436858204,
      null,
      104.29408762940187,
      25.746683597564697,
      1,
      1719511710.144524,
      1719511735.8915806,
      {}
    ],
    [
      12,
      null,
      436858204,
      null,
      192.55655126434962,
      20.410477876663208,
      1,
      1719511735.893491,
      1719511756.3043447,
      {}
    ],
    [
      13,
      null,
      436858204,
      null,
      192.90659426365957,
      20.24036693572998,
      1,
      1719511756.3064451,
      1719511776.5471928,
      {}
    ],
    [
      14,
      null,
      436858204,
      null,
      143.4219799910271,
      26.344690084457397,
      1,
      1719511776.549322,
      1719511802.894445,
      {}
    ],
    [
      15,
      null,
      436858204,
      null,
      150.13114288277492,
      25.420475006103516,
      1,
      1719511802.8988092,
      1719511828.3199298,
      {}
    ],
    [
      16,
      null,
      436858204,
      null,
      67.35320794513535,
      23.2510666847229,
      1,
      1719511828.3221455,
      1719511851.5735793,
      {}
    ],
    [
      17,
      null,
      436858204,
      null,
      186.57489839854807,
      19.63957953453064,
      1,
      1719511851.575987,
      1719511871.2160032,
      {}
    ],
    [
      18,
      null,
      436858204,
      null,
      167.051933070761,
      25.009247303009033,
      1,
      1719511871.2183113,
      1719511896.2279456,
      {}
    ],
    [
      19,
      null,
      436858204,
      null,
      191.4853379383807,
      22.907037496566772,
      1,
      1719511896.2302175,
      1719511919.1376283,
      {}
    ],
    [
      20,
      null,
      436858204,
      null,
      115.35328508927074,
      32.28164505958557,
      1,
      1719511919.1398687,
      1719511951.4218993,
      {}
    ],
    [
      21,
      null,
      436858204,
      null,
      118.20300625606724,
      27.369515657424927,
      1,
      1719511951.4241734,
      1719511978.7940862,
      {}
    ],
    [
      22,
      null,
      436858204,
      null,
      178.75401361052988,
      19.893621921539307,
      1,
      1719511978.7965457,
      1719511998.6906183,
      {}
    ],
    [
      23,
      null,
      436858204,
      null,
      93.70677333215325,
      26.744991302490234,
      1,
      1719511998.693077,
      1719512025.438466,
      {}
    ],
    [
      24,
      null,
      436858204,
      null,
      134.3070082759061,
      20.88126301765442,
      1,
      1719512025.4413285,
      1719512046.323018,
      {}
    ],
    [
      25,
      null,
      436858204,
      null,
      164.68715542082455,
      35.55952024459839,
      1,
      1719512046.3627398,
      1719512081.92334,
      {}
    ]
  ],
  "configs": {
    "1": {
      "discount_factor": 0.9539829553160817,
      "gae_lambda": 0.8762748121703043,
      "learning_rate": 0.00027962936681325256
    },
    "2": {
      "discount_factor": 0.9041401667157188,
      "gae_lambda": 0.9187666231850162,
      "learning_rate": 0.002820504165128094
    },
    "3": {
      "discount_factor": 0.9332639321526512,
      "gae_lambda": 0.8197562375245616,
      "learning_rate": 3.208831065071237e-05
    },
    "4": {
      "discount_factor": 0.983203597381711,
      "gae_lambda": 0.9770281060142443,
      "learning_rate": 0.0003280579137068933
    },
    "5": {
      "discount_factor": 0.992295736072585,
      "gae_lambda": 0.8374669765131548,
      "learning_rate": 0.005233968147994783
    },
    "6": {
      "discount_factor": 0.9431357426019386,
      "gae_lambda": 0.9577174574853853,
      "learning_rate": 6.001213710427996e-05
    },
    "7": {
      "discount_factor": 0.9198106765178964,
      "gae_lambda": 0.8585188088854775,
      "learning_rate": 0.0014435493155931327
    },
    "8": {
      "discount_factor": 0.968874176915735,
      "gae_lambda": 0.9380320074176416,
      "learning_rate": 1.6329790536524513e-05
    },
    "9": {
      "discount_factor": 0.9656759341210127,
      "gae_lambda": 0.8052455976549536,
      "learning_rate": 0.0011050007499952995
    },
    "10": {
      "discount_factor": 0.9158421598216518,
      "gae_lambda": 0.9962119656968862,
      "learning_rate": 1.1201917257143079e-05
    },
    "11": {
      "discount_factor": 0.9449674399355427,
      "gae_lambda": 0.8977830636687577,
      "learning_rate": 0.00950030108021999
    },
    "12": {
      "discount_factor": 0.9948980864379555,
      "gae_lambda": 0.905028724130243,
      "learning_rate": 9.761731448377027e-05
    },
    "13": {
      "discount_factor": 0.9792447580955923,
      "gae_lambda": 0.8657403925266117,
      "learning_rate": 5.210928496031061e-05
    },
    "14": {
      "discount_factor": 0.9300816924897954,
      "gae_lambda": 0.9354654245954007,
      "learning_rate": 0.0005924470997979173
    },
    "15": {
      "discount_factor": 0.9067581425579265,
      "gae_lambda": 0.8372369315028191,
      "learning_rate": 0.0001915014920673365
    },
    "16": {
      "discount_factor": 0.9558247077148407,
      "gae_lambda": 0.965723927937448,
      "learning_rate": 0.002148065883463751
    },
    "17": {
      "discount_factor": 0.9604322100821883,
      "gae_lambda": 0.8258507058657706,
      "learning_rate": 1.362407877504741e-05
    },
    "18": {
      "discount_factor": 0.9113718666443601,
      "gae_lambda": 0.970696837823838,
      "learning_rate": 0.0007727518006466498
    },
    "19": {
      "discount_factor": 0.9254619495263323,
      "gae_lambda": 0.8701196134779603,
      "learning_rate": 0.00011713386636168918
    },
    "20": {
      "discount_factor": 0.9746191518902778,
      "gae_lambda": 0.9250614530164749,
      "learning_rate": 0.006734019074706315
    },
    "21": {
      "discount_factor": 0.996478299451992,
      "gae_lambda": 0.8897251211851835,
      "learning_rate": 0.0006046259427880811
    },
    "22": {
      "discount_factor": 0.9465418029846624,
      "gae_lambda": 0.9070625891163946,
      "learning_rate": 3.8983758552321456e-05
    },