{
  "stats": {
    "submitted": 3,
    "finished": 3,
    "running": 0
  },
  "data": [
    [
      1,
      null,
      951131289,
      8333.333333333332,
      -142.3,
      6.203266620635986,
      1,
      1719518769.6647885,
      1719518775.8684137,
      {}
    ],
    [
      2,
      null,
      951131289,
      8333.333333333332,
      -243.625,
      6.439706087112427,
      1,
      1719518775.8695254,
      1719518782.3096468,
      {}
    ],
    [
      3,
      null,
      951131289,
      8333.333333333332,
      -26.575000000000003,
      4.608853101730347,
      1,
      1719518782.3104877,
      1719518786.919719,
      {}
    ]
  ],
  "configs": {
    "1": {
      "discount_factor": 0.9219237983171805,
      "gae_lambda": 0.9268352420436423,
      "learning_rate": 0.004704710730316618
    },
    "2": {
      "discount_factor": 0.9664228257502301,
      "gae_lambda": 0.964797054710223,
      "learning_rate": 0.004509169680431017
    },
    "3": {
      "discount_factor": 0.9564655812330091,
      "gae_lambda": 0.9877015691561264,
      "learning_rate": 1.4611907788549976e-05
    }
  },
  "config_origins": {
    "1": "Initial Design: Random",
    "2": "Initial Design: Random",
    "3": "Initial Design: Random"
  }
}