{
  "incumbent_ids": [],
  "rejected_config_ids": [],
  "incumbents_changed": 0,
  "trajectory": [],
  "state": {
    "tracker": {
      "0,0": [
        [
          0,
          [
            {
              "discount_factor": 0.9738624598469422,
              "gae_lambda": 0.9399826528649187,
              "learning_rate": 0.004020857054354156
            },
            {
              "discount_factor": 0.9278518535906576,
              "gae_lambda": 0.9067932254742406,
              "learning_rate": 0.00010044880492048402
            },
            {
              "discount_factor": 0.9716307814439975,
              "gae_lambda": 0.8588153075472418,
              "learning_rate": 0.0020861124632673466
            }
          ]
        ]
      ]
    },
    "next_bracket": 1
  }
}