{
  "stats": {
    "submitted": 1,
    "finished": 1,
    "running": 0
  },
  "data": [
    [
      1,
      null,
      1056928985,
      10000.0,
      215.33085302957642,
      8.341593503952026,
      1,
      1718788150.041955,
      1718788158.3839417,
      {}
    ]
  ],
  "configs": {
    "1": {
      "discount_factor": 0.9738624598469422,
      "gae_lambda": 0.9399826528649187,
      "learning_rate": 0.004020857054354156
    }
  },
  "config_origins": {
    "1": "Initial Design: Random"
  }
}