{
  "incumbent_ids": [],
  "rejected_config_ids": [],
  "incumbents_changed": 0,
  "trajectory": [],
  "state": {
    "tracker": {
      "0,0": [
        [
          0,
          [
            {
              "discount_factor": 0.900691180894526,
              "gae_lambda": 0.9393879976293853,
              "learning_rate": 0.00037435598411616816
            },
            {
              "discount_factor": 0.993286766141509,
              "gae_lambda": 0.9668551140381179,
              "learning_rate": 0.0013319982651229115
            },
            {
              "discount_factor": 0.936936079558917,
              "gae_lambda": 0.82694030614848,
              "learning_rate": 0.0007821280679004965
            }
          ]
        ]
      ]
    }
  }
}