{
  "stats": {
    "submitted": 1,
    "finished": 0,
    "running": 1
  },
  "data": [
    [
      1,
      null,
      29985838,
      66666.66666666666,
      2147483647.0,
      0.0,
      0,
      0.0,
      0.0,
      {}
    ]
  ],
  "configs": {
    "1": {
      "discount_factor": 0.900691180894526,
      "gae_lambda": 0.9393879976293853,
      "learning_rate": 0.00037435598411616816
    }
  },
  "config_origins": {
    "1": "Initial Design: Random"
  }
}