{
  "stats": {
    "submitted": 2,
    "finished": 2,
    "running": 0
  },
  "data": [
    [
      1,
      null,
      672339191,
      null,
      -109.8,
      6.7297422885894775,
      1,
      1719507179.4775727,
      1719507186.20785,
      {}
    ],
    [
      2,
      null,
      672339191,
      null,
      -161.74285714285716,
      6.813288450241089,
      1,
      1719507186.2094648,
      1719507193.0231414,
      {}
    ]
  ],
  "configs": {
    "1": {
      "discount_factor": 0.9025321661839262,
      "gae_lambda": 0.9472551758214831,
      "learning_rate": 0.00028378772969409033
    },
    "2": {
      "discount_factor": 0.9851290048873051,
      "gae_lambda": 0.8259377349969,
      "learning_rate": 0.008357601462315532
    }
  },
  "config_origins": {
    "1": "Initial Design: Sobol",
    "2": "Initial Design: Sobol"
  }
}