{
  "stats": {
    "submitted": 20,
    "finished": 20,
    "running": 0
  },
  "data": [
    [
      1,
      null,
      209652396,
      2.7777777777777777,
      0.23093160012380076,
      1.2765803337097168,
      1,
      1719484565.2481942,
      1719484566.525401,
      {}
    ],
    [
      2,
      null,
      209652396,
      2.7777777777777777,
      0.7100479727638502,
      0.2609138488769531,
      1,
      1719484566.527621,
      1719484566.7896907,
      {}
    ],
    [
      3,
      null,
      209652396,
      2.7777777777777777,
      0.0628814608480347,
      0.2331092357635498,
      1,
      1719484566.7915757,
      1719484567.0258121,
      {}
    ],
    [
      4,
      null,
      209652396,
      2.7777777777777777,
      0.8992773135252244,
      0.6014087200164795,
      1,
      1719484567.0277774,
      1719484567.630319,
      {}
    ],
    [
      5,
      null,
      209652396,
      2.7777777777777777,
      0.8447369235530795,
      0.12399554252624512,
      1,
      1719484567.6324522,
      1719484567.7576232,
      {}
    ],
    [
      6,
      null,
      209652396,
      2.7777777777777777,
      0.07458062519343867,
      0.15821290016174316,
      1,
      1719484567.7595303,
      1719484567.918731,
      {}
    ],
    [
      7,
      null,
      209652396,
      2.7777777777777777,
      0.14246672856700704,
      0.12603998184204102,
      1,
      1719484567.920837,
      1719484568.0479925,
      {}
    ],
    [
      8,
      null,
      209652396,
      2.7777777777777777,
      0.35391519653358094,
      0.16730523109436035,
      1,
      1719484568.0502312,
      1719484568.2186506,
      {}
    ],
    [
      9,
      null,
      209652396,
      2.7777777777777777,
      0.36563138347260904,
      0.0828707218170166,
      1,
      1719484568.2199981,
      1719484568.3034573,
      {}
    ],
    [
      3,
      null,
      209652396,
      8.333333333333332,
      0.04953729495512216,
      0.6657314300537109,
      1,
      1719484568.3075428,
      1719484568.9744124,
      {}
    ],
    [
      6,
      null,
      209652396,
      8.333333333333332,
      0.04119312906220984,
      0.5819275379180908,
      1,
      1719484568.9766872,
      1719484569.559801,
      {}
    ],
    [
      7,
      null,
      209652396,
      8.333333333333332,
      0.05732281027545638,
      0.3492887020111084,
      1,
      1719484569.562112,
      1719484569.912807,
      {}
    ],
    [
      6,
      null,
      209652396,
      25.0,
      0.030055710306406747,
      1.4550695419311523,
      1,
      1719484569.9154458,
      1719484571.3716521,
      {}
    ],
    [
      10,
      null,
      209652396,
      2.7777777777777777,
      0.7145481275147013,
      0.12934494018554688,
      1,
      1719484571.8927507,
      1719484572.0228596,
      {}
    ],
    [
      11,
      null,
      209652396,
      2.7777777777777777,
      0.8981615598885794,
      0.13475942611694336,
      1,
      1719484572.0258474,
      1719484572.1619325,
      {}
    ],
    [
      12,
      null,
      209652396,
      2.7777777777777777,
      0.6594305168678427,
      0.14968490600585938,
      1,
      1719484572.1638963,
      1719484572.3143547,
      {}
    ],
    [
      13,
      null,
      209652396,
      2.7777777777777777,
      0.10626586196224075,
      0.3111445903778076,
      1,
      1719484572.3174658,
      1719484572.6299381,
      {}
    ],
    [
      14,
      null,
      209652396,
      2.7777777777777777,
      0.9015041782729805,
      0.06874585151672363,
      1,
      1719484572.6319494,
      1719484572.7014563,
      {}
    ],
    [
      15,
      null,
      209652396,
      2.7777777777777777,
      0.8080377592076756,
      0.08107686042785645,
      1,
      1719484572.7045863,
      1719484572.7869573,
      {}
    ],
    [
      16,
      null,
      209652396,
      2.7777777777777777,
      0.08291705354379442,
      0.07018089294433594,
      1,
      1719484572.790284,
      1719484572.8617878,
      {}
    ]
  ],
  "configs": {
    "1": {
      "activation": "tanh",
      "n_layer": 4,
      "n_neurons": 123,
      "solver": "lbfgs"
    },
    "2": {
      "activation": "relu",
      "n_layer": 3,
      "n_neurons": 49,
      "solver": "lbfgs"
    },
    "3": {
      "activation": "tanh",
      "n_layer": 5,
      "n_neurons": 56,
      "solver": "adam",
      "batch_size": 155,
      "learning_rate_init": 0.006677306766018313
    },
    "4": {
      "activation": "tanh",
      "n_layer": 5,
      "n_neurons": 197,
      "solver": "adam",
      "batch_size": 241,
      "learning_rate_init": 0.018781738757161916
    },
    "5": {
      "activation": "tanh",
      "n_layer": 2,
      "n_neurons": 10,
      "solver": "adam",
      "batch_size": 62,
      "learning_rate_init": 0.00011889379831773019
    },
    "6": {
      "activation": "tanh",
      "n_layer": 4,
      "n_neurons": 66,
      "solver": "adam",
      "batch_size": 214,
      "learning_rate_init": 0.005599223654063347
    },
    "7": {
      "activation": "relu",
      "n_layer": 1,
      "n_neurons": 79,
      "solver": "adam",
      "batch_size": 87,
      "learning_rate_init": 0.0018268942281532308
    },
    "8": {
      "activation": "tanh",
      "n_layer": 3,
      "n_neurons": 35,
      "solver": "adam",
      "batch_size": 57,
      "learning_rate_init": 0.00044181257379025503
    },
    "9": {
      "activation": "tanh",
      "n_layer": 2,
      "n_neurons": 39,
      "solver": "lbfgs"
    },
    "10": {
      "activation": "relu",
      "n_layer": 2,
      "n_neurons": 48,
      "solver": "lbfgs"
    },
    "11": {
      "activation": "logistic",
      "n_layer": 5,
      "n_neurons": 23,
      "solver": "sgd",
      "batch_size": 188,
      "learning_rate": "constant",
      "learning_rate_init": 0.06279384856082841
    },
    "12": {
      "activation": "relu",
      "n_layer": 2,
      "n_neurons": 55,
      "solver": "lbfgs"
    },
    "13": {
      "activation": "tanh",
      "n_layer": 4,
      "n_neurons": 32,
      "solver": "adam",
      "batch_size": 35,
      "learning_rate_init": 0.001547917475869209
    },
    "14": {
      "activation": "logistic",
      "n_layer": 3,
      "n_neurons": 11,
      "solver": "lbfgs"
    },
    "15": {
      "activation": "relu",
      "n_layer": 4,
      "n_neurons": 9,
      "solver": "lbfgs"
    },
    "16": {
      "activation": "logistic",
      "n_layer": 1,
      "n_neurons": 19,
      "solver": "adam",
      "batch_size": 103,
      "learning_rate_init": 0.02113934324402315
    }
  },
  "config_origins": {
    "1": "Initial Design: Random",
    "2": "Initial Design: Random",
    "3": "Initial Design: Random",
    "4": "Initial Design: Random",
    "5": "Initial Design: Random",
    "6": "Custom",
    "7": "Custom",
    "8": "Custom",
    "9": "Custom",
    "10": "Acquisition Function Maximizer: Random Search (sorted)",
    "11": "Acquisition Function Maximizer: Random Search (sorted)",
    "12": "Acquisition Function Maximizer: Random Search (sorted)",
    "13": "Acquisition Function Maximizer: Random Search (sorted)",
    "14": "Acquisition Function Maximizer: Random Search (sorted)",
    "15": "Acquisition Function Maximizer: Random Search (sorted)",
    "16": "Acquisition Function Maximizer: Random Search (sorted)"
  }
}