{
  "incumbent_ids": [],
  "rejected_config_ids": [],
  "incumbents_changed": 0,
  "trajectory": [],
  "state": {
    "tracker": {
      "0,0": [
        [
          0,
          [
            {
              "discount_factor": 0.9609229466411556,
              "gae_lambda": 0.9397133262542229,
              "learning_rate": 9.04166045649507e-05
            },
            {
              "discount_factor": 0.9902290504480185,
              "gae_lambda": 0.9088132398206705,
              "learning_rate": 1.0563723372994246e-05
            },
            {
              "discount_factor": 0.956977979649809,
              "gae_lambda": 0.9353418732923713,
              "learning_rate": 2.542570425236088e-05
            }
          ]
        ]
      ]
    },
    "next_bracket": 1
  }
}