{
  "stats": {
    "submitted": 1,
    "finished": 0,
    "running": 1
  },
  "data": [
    [
      1,
      null,
      495567519,
      2500.0,
      2147483647.0,
      0.0,
      0,
      0.0,
      0.0,
      {}
    ]
  ],
  "configs": {
    "1": {
      "discount_factor": 0.9609229466411556,
      "gae_lambda": 0.9397133262542229,
      "learning_rate": 9.04166045649507e-05
    }
  },
  "config_origins": {
    "1": "Initial Design: Random"
  }
}