{
  "stats": {
    "submitted": 1,
    "finished": 1,
    "running": 0
  },
  "data": [
    [
      1,
      null,
      660577257,
      16666.666666666664,
      185.20860126280724,
      16.07320547103882,
      1,
      1718790574.9466932,
      1718790591.0203292,
      {}
    ]
  ],
  "configs": {
    "1": {
      "discount_factor": 0.9152264601154074,
      "gae_lambda": 0.9075009516006485,
      "learning_rate": 3.404548109832159e-05
    }
  },
  "config_origins": {
    "1": "Initial Design: Random"
  }
}