{
  "stats": {
    "submitted": 3,
    "finished": 3,
    "running": 0
  },
  "data": [
    [
      1,
      null,
      725382566,
      null,
      -205.0,
      6.397868633270264,
      1,
      1713887430.8522325,
      1713887437.2510066,
      {}
    ],
    [
      2,
      null,
      725382566,
      null,
      -26.714285714285715,
      4.547027587890625,
      1,
      1713887437.4052956,
      1713887441.9527087,
      {}
    ],
    [
      3,
      null,
      725382566,
      null,
      -200.25714285714284,
      5.952183246612549,
      1,
      1713887441.9544575,
      1713887447.9070516,
      {}
    ]
  ],
  "configs": {
    "1": {
      "discount_factor": 0.987479824187234,
      "gae_lambda": 0.8696899188421667,
      "learning_rate": 0.0008530259116379404
    },
    "2": {
      "discount_factor": 0.9890291511199031,
      "gae_lambda": 0.8795252799534028,
      "learning_rate": 1.5318890274496903e-05
    },
    "3": {
      "discount_factor": 0.9685843526060126,
      "gae_lambda": 0.9469313933945175,
      "learning_rate": 0.002248724535219203
    }
  },
  "config_origins": {
    "1": "Initial Design: Sobol",
    "2": "Acquisition Function Maximizer: Random Search (sorted)",
    "3": "Acquisition Function Maximizer: Random Search (sorted)"
  }
}