{
  "stats": {
    "submitted": 3,
    "finished": 3,
    "running": 0
  },
  "data": [
    [
      1,
      null,
      33640145,
      null,
      -27.771428571428576,
      4.685015678405762,
      1,
      1719508387.7004306,
      1719508392.3862536,
      {}
    ],
    [
      2,
      null,
      33640145,
      null,
      -147.77142857142857,
      5.1158435344696045,
      1,
      1719508392.3879826,
      1719508397.5042348,
      {}
    ],
    [
      3,
      null,
      33640145,
      null,
      -70.74285714285715,
      5.341588973999023,
      1,
      1719508397.6154208,
      1719508402.9577942,
      {}
    ]
  ],
  "configs": {
    "1": {
      "discount_factor": 0.9671995638823137,
      "gae_lambda": 0.9087940198006108,
      "learning_rate": 2.655413164773003e-05
    },
    "2": {
      "discount_factor": 0.9047468347605319,
      "gae_lambda": 0.8571671711336821,
      "learning_rate": 0.0005425095430654282
    },
    "3": {
      "discount_factor": 0.9031112720818407,
      "gae_lambda": 0.8085549768305834,
      "learning_rate": 0.000114604367482538
    }
  },
  "config_origins": {
    "1": "Initial Design: Sobol",
    "2": "Initial Design: Sobol",
    "3": "Acquisition Function Maximizer: Local Search"
  }
}