{
  "incumbent_ids": [
    2
  ],
  "rejected_config_ids": [
    1
  ],
  "incumbents_changed": 2,
  "trajectory": [
    {
      "config_ids": [
        1
      ],
      "costs": [
        173.94447008829022
      ],
      "trial": 1,
      "walltime": 10.893109560012817
    },
    {
      "config_ids": [
        2
      ],
      "costs": [
        70.28914874958171
      ],
      "trial": 2,
      "walltime": 25.127606868743896
    }
  ],
  "state": {
    "tracker": {
      "0,0": [
        [
          0,
          [
            {
              "discount_factor": 0.902139277287071,
              "gae_lambda": 0.8165375165455359,
              "learning_rate": 2.0216174556524848e-05
            },
            {
              "discount_factor": 0.9733007562485113,
              "gae_lambda": 0.9336569920540603,
              "learning_rate": 0.00456389267165778
            },
            {
              "discount_factor": 0.9553470075279479,
              "gae_lambda": 0.9318532525621692,
              "learning_rate": 0.0005514536131287565
            }
          ]
        ]
      ]
    }
  }
}