{
  "stats": {
    "submitted": 2,
    "finished": 2,
    "running": 0
  },
  "data": [
    [
      1,
      null,
      92809365,
      3333.333333333333,
      173.94447008829022,
      10.891181468963623,
      1,
      1719566016.0350592,
      1719566026.9265835,
      {}
    ],
    [
      2,
      null,
      92809365,
      3333.333333333333,
      70.28914874958171,
      14.232283115386963,
      1,
      1719566026.9279609,
      1719566041.1606283,
      {}
    ]
  ],
  "configs": {
    "1": {
      "discount_factor": 0.902139277287071,
      "gae_lambda": 0.8165375165455359,
      "learning_rate": 2.0216174556524848e-05
    },
    "2": {
      "discount_factor": 0.9733007562485113,
      "gae_lambda": 0.9336569920540603,
      "learning_rate": 0.00456389267165778
    }
  },
  "config_origins": {
    "1": "Initial Design: Random",
    "2": "Custom"
  }
}