{
  "stats": {
    "submitted": 2,
    "finished": 2,
    "running": 0
  },
  "data": [
    [
      1,
      null,
      1164011236,
      null,
      159.7429287040227,
      6.080349445343018,
      1,
      1719508911.0212734,
      1719508917.102459,
      {}
    ],
    [
      2,
      null,
      1164011236,
      null,
      175.24181131619184,
      5.76594614982605,
      1,
      1719508917.1041052,
      1719508922.8704696,
      {}
    ]
  ],
  "configs": {
    "1": {
      "discount_factor": 0.9863259838856757,
      "gae_lambda": 0.9154990590773523,
      "learning_rate": 0.0004624495438016038
    },
    "2": {
      "discount_factor": 0.9465128257982433,
      "gae_lambda": 0.8078532556872815,
      "learning_rate": 9.464739343977293e-05
    }
  },
  "config_origins": {
    "1": "Initial Design: Sobol",
    "2": "Initial Design: Sobol"
  }
}