{
  "stats": {
    "submitted": 14,
    "finished": 14,
    "running": 0
  },
  "data": [
    [
      1,
      null,
      1048701862,
      11111.111111111111,
      159.6974398791555,
      34.03422737121582,
      1,
      1719583017.1896513,
      1719583051.2242208,
      {}
    ],
    [
      2,
      null,
      1048701862,
      11111.111111111111,
      62.88746298662995,
      48.32662749290466,
      1,
      1719583051.2255933,
      1719583099.5525923,
      {}
    ],
    [
      3,
      null,
      1048701862,
      11111.111111111111,
      92.22860212308267,
      45.54255795478821,
      1,
      1719583099.554095,
      1719583145.0970404,
      {}
    ],
    [
      4,
      null,
      1048701862,
      11111.111111111111,
      118.8089896194463,
      58.98231339454651,
      1,
      1719583145.0983276,
      1719583204.0810153,
      {}
    ],
    [
      5,
      null,
      1048701862,
      11111.111111111111,
      157.62879193099124,
      42.11085295677185,
      1,
      1719583204.0822778,
      1719583246.1935046,
      {}
    ],
    [
      6,
      null,
      1048701862,
      11111.111111111111,
      115.86902180221782,
      68.37633728981018,
      1,
      1719583246.194813,
      1719583314.5715299,
      {}
    ],
    [
      7,
      null,
      1048701862,
      11111.111111111111,
      88.89258772258968,
      67.00895380973816,
      1,
      1719583314.5728552,
      1719583381.5821867,
      {}
    ],
    [
      8,
      null,
      1048701862,
      11111.111111111111,
      95.80791298780721,
      68.2522337436676,
      1,
      1719583381.5835774,
      1719583449.83619,
      {}
    ],
    [
      9,
      null,
      1048701862,
      11111.111111111111,
      178.48651623982616,
      34.889219999313354,
      1,
      1719583449.83758,
      1719583484.7271748,
      {}
    ],
    [
      2,
      null,
      1048701862,
      33333.33333333333,
      118.86816884940585,
      229.13132119178772,
      1,
      1719583484.729345,
      1719583713.8610787,
      {}
    ],
    [
      7,
      null,
      1048701862,
      33333.33333333333,
      33.89921190893338,
      211.31843638420105,
      1,
      1719583713.8623855,
      1719583925.181203,
      {}
    ],
    [
      3,
      null,
      1048701862,
      33333.33333333333,
      -28.41933250460328,
      188.38910365104675,
      1,
      1719583925.1831114,
      1719584113.572607,
      {}
    ],
    [
      3,
      null,
      1048701862,
      100000.0,
      72.2577714965281,
      664.5827243328094,
      1,
      1719584113.574617,
      1719584778.1577854,
      {}
    ],
    [
      10,
      null,
      1048701862,
      33333.33333333333,
      116.02682797961567,
      260.5156421661377,
      1,
      1719584778.286562,
      1719585038.8026447,
      {}
    ]
  ],
  "configs": {
    "1": {
      "discount_factor": 0.9241728228905152,
      "gae_lambda": 0.964173988468879,
      "learning_rate": 4.68923918534677e-05
    },
    "2": {
      "discount_factor": 0.9075414126434008,
      "gae_lambda": 0.8516039587086666,
      "learning_rate": 0.0011431854449441632
    },
    "3": {
      "discount_factor": 0.9924368391930979,
      "gae_lambda": 0.8422830991409188,
      "learning_rate": 0.0003047902515495428
    },
    "4": {
      "discount_factor": 0.9154918171597202,
      "gae_lambda": 0.8205829624709423,
      "learning_rate": 0.008867278070346226
    },
    "5": {
      "discount_factor": 0.9527748053031565,
      "gae_lambda": 0.9193587398267334,
      "learning_rate": 0.00010992575662373689
    },
    "6": {
      "discount_factor": 0.9343909377455899,
      "gae_lambda": 0.8779823669133907,
      "learning_rate": 0.0015795627022948584
    },
    "7": {
      "discount_factor": 0.9864891463752552,
      "gae_lambda": 0.8593939667429756,
      "learning_rate": 0.0007996028515394003
    },
    "8": {
      "discount_factor": 0.9759675275323911,
      "gae_lambda": 0.8359165383087879,
      "learning_rate": 0.0018982278969787492
    },
    "9": {
      "discount_factor": 0.9606082609894404,
      "gae_lambda": 0.9403898483843532,
      "learning_rate": 1.3575027662335489e-05
    },
    "10": {
      "discount_factor": 0.9364590362249615,
      "gae_lambda": 0.80350724929417,
      "learning_rate": 0.005767088084175287
    }
  },
  "config_origins": {
    "1": "Initial Design: Random",
    "2": "Initial Design: Random",
    "3": "Initial Design: Random",
    "4": "Initial Design: Random",
    "5": "Initial Design: Random",
    "6": "Custom",
    "7": "Custom",
    "8": "Custom",
    "9": "Custom",
    "10": "Acquisition Function Maximizer: Random Search (sorted)"
  }
}