{
  "incumbent_ids": [
    2
  ],
  "rejected_config_ids": [
    1
  ],
  "incumbents_changed": 2,
  "trajectory": [
    {
      "config_ids": [
        1
      ],
      "costs": [
        -204.25263157894736
      ],
      "trial": 1,
      "walltime": 15.204560995101929
    },
    {
      "config_ids": [
        2
      ],
      "costs": [
        -264.0210526315789
      ],
      "trial": 2,
      "walltime": 31.417514324188232
    }
  ],
  "state": {
    "queue": [
      [
        2,
        1
      ]
    ]
  }
}