{
  "stats": {
    "submitted": 2,
    "finished": 2,
    "running": 0
  },
  "data": [
    [
      1,
      null,
      1797587595,
      null,
      -204.25263157894736,
      15.202649593353271,
      1,
      1719693790.591287,
      1719693805.7944398,
      {}
    ],
    [
      2,
      null,
      1797587595,
      null,
      -264.0210526315789,
      16.210888862609863,
      1,
      1719693805.796139,
      1719693822.007415,
      {}
    ]
  ],
  "configs": {
    "1": {
      "discount_factor": 0.9133558708867059,
      "gae_lambda": 0.8554922452038154,
      "learning_rate": 0.00023753272721764557
    },
    "2": {
      "discount_factor": 0.9914117034589872,
      "gae_lambda": 0.9982425426868722,
      "learning_rate": 0.0011923130493679082
    }
  },
  "config_origins": {
    "1": "Initial Design: Sobol",
    "2": "Initial Design: Sobol"
  }
}