{
  "incumbent_ids": [],
  "rejected_config_ids": [],
  "incumbents_changed": 0,
  "trajectory": [],
  "state": {
    "tracker": {
      "0,0": [
        [
          0,
          [
            {
              "discount_factor": 0.9201855490466601,
              "gae_lambda": 0.8777155315952492,
              "learning_rate": 0.0002949438951776814
            },
            {
              "discount_factor": 0.9737570319206568,
              "gae_lambda": 0.8631670676928809,
              "learning_rate": 0.008952410436273055
            },
            {
              "discount_factor": 0.9077742105196162,
              "gae_lambda": 0.8397402930119978,
              "learning_rate": 0.0012715469359617666
            }
          ]
        ]
      ]
    }
  }
}