{
  "stats": {
    "submitted": 3,
    "finished": 3,
    "running": 0
  },
  "data": [
    [
      1,
      null,
      875719916,
      8333.333333333332,
      -96.025,
      5.710659027099609,
      1,
      1719519258.1562128,
      1719519263.8673239,
      {}
    ],
    [
      2,
      null,
      875719916,
      8333.333333333332,
      -206.7,
      6.29410457611084,
      1,
      1719519263.8684137,
      1719519270.1629388,
      {}
    ],
    [
      3,
      null,
      875719916,
      8333.333333333332,
      -123.425,
      5.437882423400879,
      1,
      1719519270.163791,
      1719519275.6020322,
      {}
    ]
  ],
  "configs": {
    "1": {
      "discount_factor": 0.9201855490466601,
      "gae_lambda": 0.8777155315952492,
      "learning_rate": 0.0002949438951776814
    },
    "2": {
      "discount_factor": 0.9737570319206568,
      "gae_lambda": 0.8631670676928809,
      "learning_rate": 0.008952410436273055
    },
    "3": {
      "discount_factor": 0.9077742105196162,
      "gae_lambda": 0.8397402930119978,
      "learning_rate": 0.0012715469359617666
    }
  },
  "config_origins": {
    "1": "Initial Design: Random",
    "2": "Initial Design: Random",
    "3": "Initial Design: Random"
  }
}