{
  "stats": {
    "submitted": 13,
    "finished": 13,
    "running": 0
  },
  "data": [
    [
      1,
      null,
      1687177621,
      null,
      -228.432054966,
      787.9993362426758,
      1,
      1720256279.2573786,
      1720257067.257239,
      {}
    ],
    [
      2,
      null,
      1687177621,
      null,
      112.82052685800001,
      866.6397712230682,
      1,
      1720257067.2599163,
      1720257933.9001818,
      {}
    ],
    [
      3,
      null,
      1687177621,
      null,
      217.19006068800002,
      876.0869197845459,
      1,
      1720257933.901743,
      1720258809.9890661,
      {}
    ],
    [
      4,
      null,
      1687177621,
      null,
      208.192959712,
      873.630669593811,
      1,
      1720258809.9906392,
      1720259683.6217263,
      {}
    ],
    [
      5,
      null,
      1687177621,
      null,
      116.40317929599998,
      870.069007396698,
      1,
      1720259683.6244915,
      1720260553.6942666,
      {}
    ],
    [
      6,
      null,
      1687177621,
      null,
      133.45230790999997,
      847.0377717018127,
      1,
      1720260553.6960227,
      1720261400.7341902,
      {}
    ],
    [
      7,
      null,
      1687177621,
      null,
      712.8035512220001,
      879.1491069793701,
      1,
      1720261400.7358935,
      1720262279.8854043,
      {}
    ],
    [
      8,
      null,
      1687177621,
      null,
      38.302631014000006,
      826.58460521698,
      1,
      1720262279.8870873,
      1720263106.4720948,
      {}
    ],
    [
      9,
      null,
      1687177621,
      null,
      154.78337553,
      813.185201883316,
      1,
      1720263106.4739773,
      1720263919.6596,
      {}
    ],
    [
      10,
      null,
      1687177621,
      null,
      134.116912742,
      867.8679418563843,
      1,
      1720263919.661495,
      1720264787.529878,
      {}
    ],
    [
      11,
      null,
      1687177621,
      null,
      173.5585992299999,
      865.4301409721375,
      1,
      1720264787.531816,
      1720265652.9623616,
      {}
    ],
    [
      12,
      null,
      1687177621,
      null,
      105.45419648000001,
      840.9857180118561,
      1,
      1720265652.9643085,
      1720266493.9504411,
      {}
    ],
    [
      13,
      null,
      1687177621,
      null,
      98.288877052,
      858.7400472164154,
      1,
      1720266493.9524658,
      1720267352.6929476,
      {}
    ]
  ],
  "configs": {
    "1": {
      "discount_factor": 0.9986336082369089,
      "gae_lambda": 0.9523161855395883,
      "learning_rate": 0.0004378052375781377
    },
    "2": {
      "discount_factor": 0.928444000767544,
      "gae_lambda": 0.9371415054425597,
      "learning_rate": 0.0013499833760683016
    },
    "3": {
      "discount_factor": 0.9080018923245371,
      "gae_lambda": 0.993375457148999,
      "learning_rate": 0.00011214323601939262
    },
    "4": {
      "discount_factor": 0.9627227944191545,
      "gae_lambda": 0.9085894197318704,
      "learning_rate": 0.003453350962335555
    },
    "5": {
      "discount_factor": 0.9617129025505856,
      "gae_lambda": 0.9858834061212838,
      "learning_rate": 0.002051560419189558
    },
    "6": {
      "discount_factor": 0.9158866224316881,
      "gae_lambda": 0.9221754981894046,
      "learning_rate": 0.0006184521061338614
    },
    "7": {
      "discount_factor": 0.9449210407370702,
      "gae_lambda": 0.9650321777891367,
      "learning_rate": 0.008018829497807403
    },
    "8": {
      "discount_factor": 0.97527870915737,
      "gae_lambda": 0.9307129117995501,
      "learning_rate": 0.0002414765580218257
    },
    "9": {
      "discount_factor": 0.9811542172366753,
      "gae_lambda": 0.9909381984584034,
      "learning_rate": 0.0057443174831614645
    },
    "10": {
      "discount_factor": 0.9399685392519459,
      "gae_lambda": 0.904794609228149,
      "learning_rate": 0.00018966872232185344
    },
    "11": {
      "discount_factor": 0.922583867286332,
      "gae_lambda": 0.9607566249724477,
      "learning_rate": 0.002613068101461461
    },
    "12": {
      "discount_factor": 0.9544884335724637,
      "gae_lambda": 0.9473141776844859,
      "learning_rate": 0.000863948482364979
    },
    "13": {
      "discount_factor": 0.9685515090487897,
      "gae_lambda": 0.9690203653704375,
      "learning_rate": 0.000145346321689695
    }
  },
  "config_origins": {
    "1": "Initial Design: Sobol",
    "2": "Initial Design: Sobol",
    "3": "Initial Design: Sobol",
    "4": "Initial Design: Sobol",
    "5": "Initial Design: Sobol",
    "6": "Initial Design: Sobol",
    "7": "Initial Design: Sobol",
    "8": "Initial Design: Sobol",
    "9": "Initial Design: Sobol",
    "10": "Initial Design: Sobol",
    "11": "Initial Design: Sobol",
    "12": "Initial Design: Sobol",
    "13": "Initial Design: Sobol"
  }
}