{
  "incumbent_ids": [
    4
  ],
  "rejected_config_ids": [
    3
  ],
  "incumbents_changed": 2,
  "trajectory": [
    {
      "config_ids": [
        3
      ],
      "costs": [
        -170.41666666666666
      ],
      "trial": 4,
      "walltime": 38.82647967338562
    },
    {
      "config_ids": [
        4
      ],
      "costs": [
        -213.51666666666665
      ],
      "trial": 8,
      "walltime": 76.75675344467163
    }
  ],
  "state": {
    "tracker": {
      "0,0": [
        [
          0,
          [
            {
              "discount_factor": 0.9640086477335228,
              "gae_lambda": 0.8404193452137299,
              "learning_rate": 0.0008826320883774013
            },
            {
              "discount_factor": 0.9501011316952578,
              "gae_lambda": 0.92903819545021,
              "learning_rate": 1.3775709738338588e-05
            },
            {
              "discount_factor": 0.9430665048271294,
              "gae_lambda": 0.8459727702008208,
              "learning_rate": 0.0030620854803603023
            }
          ]
        ]
      ]
    }
  }
}