{
  "stats": {
    "submitted": 11,
    "finished": 11,
    "running": 0
  },
  "data": [
    [
      1,
      null,
      1495059953,
      8333.333333333332,
      -77.0,
      6.404717445373535,
      1,
      1719487840.540169,
      1719487846.945271,
      {}
    ],
    [
      2,
      null,
      1495059953,
      8333.333333333332,
      -147.225,
      6.490170478820801,
      1,
      1719487846.946742,
      1719487853.4373488,
      {}
    ],
    [
      3,
      null,
      1495059953,
      8333.333333333332,
      -224.4,
      7.058531761169434,
      1,
      1719487853.4384546,
      1719487860.4973998,
      {}
    ],
    [
      3,
      null,
      1495059953,
      25000.0,
      -170.41666666666666,
      18.86647391319275,
      1,
      1719487860.4987576,
      1719487879.365651,
      {}
    ],
    [
      4,
      null,
      1495059953,
      8333.333333333332,
      -175.6,
      6.3784379959106445,
      1,
      1719487879.4502378,
      1719487885.8291001,
      {}
    ],
    [
      5,
      null,
      1495059953,
      8333.333333333332,
      -22.225,
      5.0049214363098145,
      1,
      1719487885.8302872,
      1719487890.8356118,
      {}
    ],
    [
      6,
      null,
      1495059953,
      8333.333333333332,
      -112.95000000000002,
      5.932037591934204,
      1,
      1719487890.8368526,
      1719487896.7693,
      {}
    ],
    [
      4,
      null,
      1495059953,
      25000.0,
      -213.51666666666665,
      20.524494171142578,
      1,
      1719487896.77081,
      1719487917.2957199,
      {}
    ],
    [
      7,
      null,
      1495059953,
      8333.333333333332,
      -217.175,
      7.01441502571106,
      1,
      1719487917.2975843,
      1719487924.3123937,
      {}
    ],
    [
      8,
      null,
      1495059953,
      8333.333333333332,
      -27.15,
      5.166632413864136,
      1,
      1719487924.3215892,
      1719487929.488601,
      {}
    ],
    [
      9,
      null,
      1495059953,
      8333.333333333332,
      -142.14999999999998,
      6.239854335784912,
      1,
      1719487929.4900076,
      1719487935.7302716,
      {}
    ]
  ],
  "configs": {
    "1": {
      "discount_factor": 0.98396148099087,
      "gae_lambda": 0.8173221950835319,
      "learning_rate": 0.0001453948930844589
    },
    "2": {
      "discount_factor": 0.9336110424507068,
      "gae_lambda": 0.9163735140337407,
      "learning_rate": 0.0006496189354090036
    },
    "3": {
      "discount_factor": 0.9090725512642507,
      "gae_lambda": 0.8419285641386889,
      "learning_rate": 0.004616181577403449
    },
    "4": {
      "discount_factor": 0.9599355064130043,
      "gae_lambda": 0.8164484777830011,
      "learning_rate": 0.00699018089928317
    },
    "5": {
      "discount_factor": 0.9556953971721135,
      "gae_lambda": 0.9955344525586227,
      "learning_rate": 1.2318147080541993e-05
    },
    "6": {
      "discount_factor": 0.9714748934353341,
      "gae_lambda": 0.8429173429979737,
      "learning_rate": 0.0003301351102753919
    },
    "7": {
      "discount_factor": 0.9640086477335228,
      "gae_lambda": 0.8404193452137299,
      "learning_rate": 0.0008826320883774013
    },
    "8": {
      "discount_factor": 0.9501011316952578,
      "gae_lambda": 0.92903819545021,
      "learning_rate": 1.3775709738338588e-05
    },
    "9": {
      "discount_factor": 0.9430665048271294,
      "gae_lambda": 0.8459727702008208,
      "learning_rate": 0.0030620854803603023
    }
  },
  "config_origins": {
    "1": "Initial Design: Random",
    "2": "Initial Design: Random",
    "3": "Initial Design: Random",
    "4": "Acquisition Function Maximizer: Random Search (sorted)",
    "5": "Acquisition Function Maximizer: Random Search (sorted)",
    "6": "Acquisition Function Maximizer: Random Search (sorted)",
    "7": "Acquisition Function Maximizer: Random Search (sorted)",
    "8": "Acquisition Function Maximizer: Random Search (sorted)",
    "9": "Acquisition Function Maximizer: Random Search (sorted)"
  }
}