{
  "stats": {
    "submitted": 13,
    "finished": 13,
    "running": 0
  },
  "data": [
    [
      1,
      null,
      349300808,
      null,
      84.492032289505,
      85.07226371765137,
      1,
      1720340770.2977247,
      1720340855.3704493,
      {}
    ],
    [
      2,
      null,
      349300808,
      null,
      932.6898348331451,
      932.7811439037323,
      1,
      1720340855.3734221,
      1720341788.1553204,
      {}
    ],
    [
      3,
      null,
      349300808,
      null,
      925.2722294330597,
      925.3784935474396,
      1,
      1720341788.1571789,
      1720342713.5361538,
      {}
    ],
    [
      4,
      null,
      349300808,
      null,
      902.5823774337769,
      902.6563110351562,
      1,
      1720342713.538875,
      1720343616.1957655,
      {}
    ],
    [
      5,
      null,
      349300808,
      null,
      893.8133842945099,
      893.9155821800232,
      1,
      1720343616.1974115,
      1720344510.1134088,
      {}
    ],
    [
      6,
      null,
      349300808,
      null,
      954.0078265666962,
      954.1147763729095,
      1,
      1720344510.1160305,
      1720345464.2315145,
      {}
    ],
    [
      7,
      null,
      349300808,
      null,
      872.0253884792328,
      872.1232626438141,
      1,
      1720345464.2347846,
      1720346336.358745,
      {}
    ],
    [
      8,
      null,
      349300808,
      null,
      952.4341542720795,
      952.5263185501099,
      1,
      1720346336.360679,
      1720347288.8874626,
      {}
    ],
    [
      9,
      null,
      349300808,
      null,
      951.6563246250153,
      951.7612669467926,
      1,
      1720347288.890603,
      1720348240.6526783,
      {}
    ],
    [
      10,
      null,
      349300808,
      null,
      960.2685754299164,
      960.3798217773438,
      1,
      1720348240.6570072,
      1720349201.0377288,
      {}
    ],
    [
      11,
      null,
      349300808,
      null,
      1001.070202589035,
      1001.1884760856628,
      1,
      1720349201.0411217,
      1720350202.2303872,
      {}
    ],
    [
      12,
      null,
      349300808,
      null,
      978.4697875976562,
      978.5538372993469,
      1,
      1720350202.233531,
      1720351180.7881303,
      {}
    ],
    [
      13,
      null,
      349300808,
      null,
      992.0813708305359,
      992.1706376075745,
      1,
      1720351180.7910242,
      1720352172.962337,
      {}
    ]
  ],
  "configs": {
    "1": {
      "discount_factor": 0.9953307821983471,
      "gae_lambda": 0.9709560765149072,
      "learning_rate": 0.0005683889460872375
    },
    "2": {
      "discount_factor": 0.9420010590730236,
      "gae_lambda": 0.9186093889698387,
      "learning_rate": 0.0016168932873069067
    },
    "3": {
      "discount_factor": 0.9221425567315892,
      "gae_lambda": 0.9849818928558379,
      "learning_rate": 0.00015801486862729904
    },
    "4": {
      "discount_factor": 0.9631699544778094,
      "gae_lambda": 0.9358262252686546,
      "learning_rate": 0.0059623072619735635
    },
    "5": {
      "discount_factor": 0.9553980255760253,
      "gae_lambda": 0.9966819143369794,
      "learning_rate": 0.0020082957160550453
    },
    "6": {
      "discount_factor": 0.9082548350784928,
      "gae_lambda": 0.9484925018521025,
      "learning_rate": 0.0005320926812249215
    },
    "7": {
      "discount_factor": 0.92494750251621,
      "gae_lambda": 0.9582892570523546,
      "learning_rate": 0.005544100714762015
    },
    "8": {
      "discount_factor": 0.9845379435103386,
      "gae_lambda": 0.9069099103678018,
      "learning_rate": 0.00019494654349596846
    },
    "9": {
      "discount_factor": 0.9779623256111518,
      "gae_lambda": 0.9747397260032594,
      "learning_rate": 0.0039002330831536557
    },
    "10": {
      "discount_factor": 0.9322935353843496,
      "gae_lambda": 0.9271190730566159,
      "learning_rate": 0.00024374227303320385
    },
    "11": {
      "discount_factor": 0.9024587089614943,
      "gae_lambda": 0.9672875914340839,
      "learning_rate": 0.002474544855575635
    },
    "12": {
      "discount_factor": 0.9604297766229137,
      "gae_lambda": 0.9164770042877645,
      "learning_rate": 0.00036806332039108374
    },
    "13": {
      "discount_factor": 0.9681987327821553,
      "gae_lambda": 0.9542345905685797,
      "learning_rate": 0.00012853069712871125
    }
  },
  "config_origins": {
    "1": "Initial Design: Sobol",
    "2": "Initial Design: Sobol",
    "3": "Initial Design: Sobol",
    "4": "Initial Design: Sobol",
    "5": "Initial Design: Sobol",
    "6": "Initial Design: Sobol",
    "7": "Initial Design: Sobol",
    "8": "Initial Design: Sobol",
    "9": "Initial Design: Sobol",
    "10": "Initial Design: Sobol",
    "11": "Initial Design: Sobol",
    "12": "Initial Design: Sobol",
    "13": "Initial Design: Sobol"
  }
}