{
  "stats": {
    "submitted": 3,
    "finished": 2,
    "running": 1
  },
  "data": [
    [
      1,
      null,
      209652396,
      null,
      -110.04583333333335,
      58.060991287231445,
      1,
      1708344667.555939,
      1708344725.6175268,
      {}
    ],
    [
      1,
      null,
      398764591,
      null,
      -113.33333333333333,
      38.11960959434509,
      1,
      1708344725.6533499,
      1708344763.7737958,
      {}
    ],
    [
      2,
      null,
      209652396,
      null,
      2147483647.0,
      0.0,
      0,
      0.0,
      0.0,
      {}
    ]
  ],
  "configs": {
    "1": {
      "discount_factor": 0.9264209735859186,
      "gae_lambda": 0.923492374394089,
      "learning_rate": 2.1014721804024183e-05
    },
    "2": {
      "discount_factor": 0.9882855270774259,
      "gae_lambda": 0.8173387306406067,
      "learning_rate": 0.0021957734465394567
    }
  },
  "config_origins": {
    "1": "Initial Design: Sobol",
    "2": "Acquisition Function Maximizer: Random Search (sorted)"
  }
}