{
  "stats": {
    "submitted": 2,
    "finished": 1,
    "running": 1
  },
  "data": [
    [
      1,
      null,
      209652396,
      null,
      -112.24583333333334,
      35.138500928878784,
      1,
      1708790585.9781423,
      1708790621.1171355,
      {}
    ],
    [
      1,
      null,
      398764591,
      null,
      2147483647.0,
      0.0,
      0,
      0.0,
      0.0,
      {}
    ]
  ],
  "configs": {
    "1": {
      "discount_factor": 0.9264209735859186,
      "gae_lambda": 0.923492374394089,
      "learning_rate": 2.1014721804024183e-05
    }
  },
  "config_origins": {
    "1": "Initial Design: Sobol"
  }
}