{
  "incumbent_ids": [
    8
  ],
  "rejected_config_ids": [
    1
  ],
  "incumbents_changed": 2,
  "trajectory": [
    {
      "config_ids": [
        1
      ],
      "costs": [
        -275.6736842105263
      ],
      "trial": 1,
      "walltime": 16.37977957725525
    },
    {
      "config_ids": [
        8
      ],
      "costs": [
        -364.56842105263155
      ],
      "trial": 8,
      "walltime": 123.25693988800049
    }
  ],
  "state": {
    "queue": [
      [
        12,
        1
      ]
    ]
  }
}