{
  "stats": {
    "submitted": 12,
    "finished": 12,
    "running": 0
  },
  "data": [
    [
      1,
      null,
      2053385146,
      null,
      -275.6736842105263,
      16.378060579299927,
      1,
      1719695497.2165506,
      1719695513.595163,
      {}
    ],
    [
      2,
      null,
      2053385146,
      null,
      -121.19999999999999,
      13.111326694488525,
      1,
      1719695513.596771,
      1719695526.7084777,
      {}
    ],
    [
      3,
      null,
      2053385146,
      null,
      -208.72631578947366,
      14.645607233047485,
      1,
      1719695526.709817,
      1719695541.3557806,
      {}
    ],
    [
      4,
      null,
      2053385146,
      null,
      -274.0631578947369,
      16.92827796936035,
      1,
      1719695541.357232,
      1719695558.285907,
      {}
    ],
    [
      5,
      null,
      2053385146,
      null,
      -36.33684210526316,
      11.862858533859253,
      1,
      1719695558.289089,
      1719695570.152346,
      {}
    ],
    [
      6,
      null,
      2053385146,
      null,
      -249.50526315789475,
      16.29570746421814,
      1,
      1719695570.1539748,
      1719695586.4500754,
      {}
    ],
    [
      7,
      null,
      2053385146,
      null,
      -199.6315789473684,
      15.25874400138855,
      1,
      1719695586.4516344,
      1719695601.7107604,
      {}
    ],
    [
      8,
      null,
      2053385146,
      null,
      -364.56842105263155,
      18.759611129760742,
      1,
      1719695601.7123485,
      1719695620.4723327,
      {}
    ],
    [
      9,
      null,
      2053385146,
      null,
      -108.3263157894737,
      13.475516557693481,
      1,
      1719695620.474109,
      1719695633.9499965,
      {}
    ],
    [
      10,
      null,
      2053385146,
      null,
      -308.6210526315789,
      17.525466442108154,
      1,
      1719695633.9516978,
      1719695651.4775429,
      {}
    ],
    [
      11,
      null,
      2053385146,
      null,
      -29.28421052631579,
      11.684428691864014,
      1,
      1719695651.4793124,
      1719695663.164116,
      {}
    ],
    [
      12,
      null,
      2053385146,
      null,
      -293.06315789473683,
      17.247264623641968,
      1,
      1719695663.1660056,
      1719695680.4136624,
      {}
    ]
  ],
  "configs": {
    "1": {
      "discount_factor": 0.9767130384407937,
      "gae_lambda": 0.9853569794930518,
      "learning_rate": 0.0013835734873478376
    },
    "2": {
      "discount_factor": 0.9337396619617939,
      "gae_lambda": 0.8504696921538561,
      "learning_rate": 5.20935838107235e-05
    },
    "3": {
      "discount_factor": 0.9174446899797768,
      "gae_lambda": 0.8997748533869162,
      "learning_rate": 0.00673929549976094
    },
    "4": {
      "discount_factor": 0.9728912597168237,
      "gae_lambda": 0.8363574589705095,
      "learning_rate": 0.0002760993084662866
    },
    "5": {
      "discount_factor": 0.9497045679660514,
      "gae_lambda": 0.9381036935551093,
      "learning_rate": 2.0448724945463948e-05
    },
    "6": {
      "discount_factor": 0.9069245508620516,
      "gae_lambda": 0.8242639940874652,
      "learning_rate": 0.0005016627217823284
    },
    "7": {
      "discount_factor": 0.9416766423387453,
      "gae_lambda": 0.973740126343444,
      "learning_rate": 0.00012403001612536693
    },
    "8": {
      "discount_factor": 0.9969298527007923,
      "gae_lambda": 0.8879332012683153,
      "learning_rate": 0.0032886171123522423
    },
    "9": {
      "discount_factor": 0.9881906267339364,
      "gae_lambda": 0.9231975493170321,
      "learning_rate": 8.466401860816715e-05
    },
    "10": {
      "discount_factor": 0.9454106280701235,
      "gae_lambda": 0.8380041223298759,
      "learning_rate": 0.002018354147914074
    },
    "11": {
      "discount_factor": 0.9059187679281459,
      "gae_lambda": 0.9868183574760333,
      "learning_rate": 1.2742122677593249e-05
    },
    "12": {
      "discount_factor": 0.9611719480482861,
      "gae_lambda": 0.8736889548813924,
      "learning_rate": 0.0003465063359066718
    }
  },
  "config_origins": {
    "1": "Initial Design: Sobol",
    "2": "Initial Design: Sobol",
    "3": "Initial Design: Sobol",
    "4": "Initial Design: Sobol",
    "5": "Initial Design: Sobol",
    "6": "Initial Design: Sobol",
    "7": "Initial Design: Sobol",
    "8": "Initial Design: Sobol",
    "9": "Initial Design: Sobol",
    "10": "Initial Design: Sobol",
    "11": "Initial Design: Sobol",
    "12": "Initial Design: Sobol"
  }
}