{
  "stats": {
    "submitted": 5,
    "finished": 5,
    "running": 0
  },
  "data": [
    [
      1,
      null,
      1321569788,
      3333.333333333333,
      189.28977052298322,
      21.0291588306427,
      1,
      1719565802.3269055,
      1719565823.3566403,
      {}
    ],
    [
      2,
      null,
      1321569788,
      3333.333333333333,
      133.9335943034318,
      25.57314896583557,
      1,
      1719565802.327454,
      1719565827.901209,
      {}
    ],
    [
      3,
      null,
      1321569788,
      3333.333333333333,
      180.91447745615753,
      22.001610279083252,
      1,
      1719565802.335678,
      1719565824.3377492,
      {}
    ],
    [
      4,
      null,
      1321569788,
      3333.333333333333,
      153.71314513611546,
      23.21467423439026,
      1,
      1719565802.351123,
      1719565825.5666611,
      {}
    ],
    [
      5,
      null,
      1321569788,
      3333.333333333333,
      162.65580726320073,
      23.29269552230835,
      1,
      1719565802.3508866,
      1719565825.645616,
      {}
    ]
  ],
  "configs": {
    "1": {
      "discount_factor": 0.9799624921001251,
      "gae_lambda": 0.9367790427289553,
      "learning_rate": 9.731310043584636e-05
    },
    "2": {
      "discount_factor": 0.9860777860034065,
      "gae_lambda": 0.8101758557164133,
      "learning_rate": 0.004920915412560271
    },
    "3": {
      "discount_factor": 0.9061713045120602,
      "gae_lambda": 0.8002996670047506,
      "learning_rate": 0.00013080434203087516
    },
    "4": {
      "discount_factor": 0.903256602067834,
      "gae_lambda": 0.8088380218659105,
      "learning_rate": 0.00047335655534164086
    },
    "5": {
      "discount_factor": 0.9367320758063016,
      "gae_lambda": 0.9006093166062075,
      "learning_rate": 0.00021659292477948423
    }
  },
  "config_origins": {
    "1": "Initial Design: Random",
    "2": null,
    "3": null,
    "4": null,
    "5": null
  }
}