{
  "stats": {
    "submitted": 2,
    "finished": 2,
    "running": 0
  },
  "data": [
    [
      1,
      null,
      543158632,
      null,
      -262.51578947368415,
      15.991724967956543,
      1,
      1719694078.6670382,
      1719694094.6592371,
      {}
    ],
    [
      2,
      null,
      543158632,
      null,
      -111.18947368421053,
      12.415883541107178,
      1,
      1719694094.6608453,
      1719694107.0771234,
      {}
    ]
  ],
  "configs": {
    "1": {
      "discount_factor": 0.9199689168334008,
      "gae_lambda": 0.9501831046221778,
      "learning_rate": 0.005027293017129628
    },
    "2": {
      "discount_factor": 0.9843699783012271,
      "gae_lambda": 0.8218127239095048,
      "learning_rate": 6.71036652237353e-05
    }
  },
  "config_origins": {
    "1": "Initial Design: Sobol",
    "2": "Initial Design: Sobol"
  }
}