{
  "incumbent_ids": [],
  "rejected_config_ids": [],
  "incumbents_changed": 0,
  "trajectory": [],
  "state": {
    "tracker": {
      "0,0": [
        [
          0,
          [
            {
              "discount_factor": 0.9228889920280371,
              "gae_lambda": 0.8713868748878668,
              "learning_rate": 9.198506044073718e-05
            },
            {
              "discount_factor": 0.9540079480461591,
              "gae_lambda": 0.8528969923531752,
              "learning_rate": 0.00017638006629866625
            },
            {
              "discount_factor": 0.9677720742560669,
              "gae_lambda": 0.8350428146646935,
              "learning_rate": 1.6260998027297416e-05
            }
          ]
        ]
      ]
    }
  }
}