{
  "stats": {
    "submitted": 2,
    "finished": 2,
    "running": 0
  },
  "data": [
    [
      1,
      null,
      993004768,
      8333.333333333332,
      -62.975,
      5.446324825286865,
      1,
      1719485559.341907,
      1719485564.7886124,
      {}
    ],
    [
      2,
      null,
      993004768,
      8333.333333333332,
      -67.525,
      5.082783460617065,
      1,
      1719485564.7898767,
      1719485569.8730643,
      {}
    ]
  ],
  "configs": {
    "1": {
      "discount_factor": 0.9228889920280371,
      "gae_lambda": 0.8713868748878668,
      "learning_rate": 9.198506044073718e-05
    },
    "2": {
      "discount_factor": 0.9540079480461591,
      "gae_lambda": 0.8528969923531752,
      "learning_rate": 0.00017638006629866625
    }
  },
  "config_origins": {
    "1": "Initial Design: Random",
    "2": "Initial Design: Random"
  }
}