{
  "stats": {
    "submitted": 3,
    "finished": 3,
    "running": 0
  },
  "data": [
    [
      1,
      null,
      783466974,
      8333.333333333332,
      -165.575,
      6.931301832199097,
      1,
      1719519089.6688364,
      1719519096.6005263,
      {}
    ],
    [
      2,
      null,
      783466974,
      8333.333333333332,
      -238.92499999999998,
      7.400438547134399,
      1,
      1719519096.6021233,
      1719519104.0032263,
      {}
    ],
    [
      3,
      null,
      783466974,
      8333.333333333332,
      -107.875,
      5.7226402759552,
      1,
      1719519104.0041852,
      1719519109.7271802,
      {}
    ]
  ],
  "configs": {
    "1": {
      "discount_factor": 0.9675590966858834,
      "gae_lambda": 0.8556771317730777,
      "learning_rate": 0.001563244692893895
    },
    "2": {
      "discount_factor": 0.9036203720138266,
      "gae_lambda": 0.8142342224238699,
      "learning_rate": 0.002738566896429772
    },
    "3": {
      "discount_factor": 0.9705458557808344,
      "gae_lambda": 0.8505218459249311,
      "learning_rate": 0.0002926102462634164
    }
  },
  "config_origins": {
    "1": "Initial Design: Random",
    "2": "Initial Design: Random",
    "3": "Initial Design: Random"
  }
}