{
  "incumbent_ids": [],
  "rejected_config_ids": [],
  "incumbents_changed": 0,
  "trajectory": [],
  "state": {
    "tracker": {
      "0,0": [
        [
          0,
          [
            {
              "discount_factor": 0.9975215111453521,
              "gae_lambda": 0.9072119644496106,
              "learning_rate": 0.00024399403948608466
            },
            {
              "discount_factor": 0.9241796407148857,
              "gae_lambda": 0.9204720908754569,
              "learning_rate": 0.00036556528467351587
            },
            {
              "discount_factor": 0.9130765364112882,
              "gae_lambda": 0.8385109290513086,
              "learning_rate": 1.5695082465561745e-05
            }
          ]
        ]
      ]
    },
    "next_bracket": 1
  }
}