{
  "stats": {
    "submitted": 2,
    "finished": 2,
    "running": 0
  },
  "data": [
    [
      1,
      null,
      2083341610,
      10000.0,
      -77.68888888888888,
      6.465624809265137,
      1,
      1719477093.9852202,
      1719477100.4512835,
      {}
    ],
    [
      2,
      null,
      2083341610,
      10000.0,
      -150.22222222222223,
      6.489969730377197,
      1,
      1719477100.4526143,
      1719477106.9429479,
      {}
    ]
  ],
  "configs": {
    "1": {
      "discount_factor": 0.9975215111453521,
      "gae_lambda": 0.9072119644496106,
      "learning_rate": 0.00024399403948608466
    },
    "2": {
      "discount_factor": 0.9241796407148857,
      "gae_lambda": 0.9204720908754569,
      "learning_rate": 0.00036556528467351587
    }
  },
  "config_origins": {
    "1": "Initial Design: Random",
    "2": "Initial Design: Random"
  }
}