{
  "stats": {
    "submitted": 1,
    "finished": 1,
    "running": 0
  },
  "data": [
    [
      1,
      null,
      2136956626,
      8333.333333333332,
      -127.54999999999998,
      5.781567335128784,
      1,
      1719519674.8673892,
      1719519680.6493337,
      {}
    ]
  ],
  "configs": {
    "1": {
      "discount_factor": 0.9987573498100676,
      "gae_lambda": 0.9561428135598118,
      "learning_rate": 0.0008163796062955561
    }
  },
  "config_origins": {
    "1": "Initial Design: Random"
  }
}