{
  "incumbent_ids": [],
  "rejected_config_ids": [],
  "incumbents_changed": 0,
  "trajectory": [],
  "state": {
    "tracker": {
      "0,0": [
        [
          0,
          [
            {
              "discount_factor": 0.9411593833963625,
              "gae_lambda": 0.8570999897558466,
              "learning_rate": 9.293880581134644e-05
            },
            {
              "discount_factor": 0.9429350914697686,
              "gae_lambda": 0.9540148741168308,
              "learning_rate": 0.0007376085293546354
            },
            {
              "discount_factor": 0.9249177017068027,
              "gae_lambda": 0.8743809550210573,
              "learning_rate": 2.1745562630793225e-05
            }
          ]
        ]
      ]
    }
  }
}