{
  "stats": {
    "submitted": 1,
    "finished": 1,
    "running": 0
  },
  "data": [
    [
      1,
      null,
      1785638452,
      8333.333333333332,
      -71.925,
      5.34160852432251,
      1,
      1719519830.3611524,
      1719519835.7031162,
      {}
    ]
  ],
  "configs": {
    "1": {
      "discount_factor": 0.9411593833963625,
      "gae_lambda": 0.8570999897558466,
      "learning_rate": 9.293880581134644e-05
    }
  },
  "config_origins": {
    "1": "Initial Design: Random"
  }
}