{
  "stats": {
    "submitted": 39,
    "finished": 39,
    "running": 0
  },
  "data": [
    [
      1,
      null,
      209652396,
      2.7777777777777777,
      0.23093160012380076,
      1.2428574562072754,
      1,
      1719484200.5558646,
      1719484201.7993114,
      {}
    ],
    [
      2,
      null,
      209652396,
      2.7777777777777777,
      0.7100479727638502,
      0.27739977836608887,
      1,
      1719484201.8013988,
      1719484202.0838385,
      {}
    ],
    [
      3,
      null,
      209652396,
      2.7777777777777777,
      0.0628814608480347,
      0.2505464553833008,
      1,
      1719484202.0858443,
      1719484202.33761,
      {}
    ],
    [
      4,
      null,
      209652396,
      2.7777777777777777,
      0.8992773135252244,
      0.6119205951690674,
      1,
      1719484202.3397534,
      1719484202.952886,
      {}
    ],
    [
      5,
      null,
      209652396,
      2.7777777777777777,
      0.8447369235530795,
      0.1283888816833496,
      1,
      1719484202.9552035,
      1719484203.0848472,
      {}
    ],
    [
      6,
      null,
      209652396,
      2.7777777777777777,
      0.07458062519343867,
      0.18842005729675293,
      1,
      1719484203.0862155,
      1719484203.275229,
      {}
    ],
    [
      7,
      null,
      209652396,
      2.7777777777777777,
      0.14246672856700704,
      0.13609910011291504,
      1,
      1719484203.2775724,
      1719484203.4149408,
      {}
    ],
    [
      8,
      null,
      209652396,
      2.7777777777777777,
      0.35391519653358094,
      0.1753990650177002,
      1,
      1719484203.4172947,
      1719484203.5938275,
      {}
    ],
    [
      9,
      null,
      209652396,
      2.7777777777777777,
      0.36563138347260904,
      0.1010124683380127,
      1,
      1719484203.5952237,
      1719484203.696823,
      {}
    ],
    [
      3,
      null,
      209652396,
      8.333333333333332,
      0.04953729495512216,
      0.6598000526428223,
      1,
      1719484203.7011676,
      1719484204.3621716,
      {}
    ],
    [
      6,
      null,
      209652396,
      8.333333333333332,
      0.04119312906220984,
      0.5287270545959473,
      1,
      1719484204.3645682,
      1719484204.894535,
      {}
    ],
    [
      7,
      null,
      209652396,
      8.333333333333332,
      0.05732281027545638,
      0.377316951751709,
      1,
      1719484204.8969076,
      1719484205.2755096,
      {}
    ],
    [
      6,
      null,
      209652396,
      25.0,
      0.030055710306406747,
      1.460740566253662,
      1,
      1719484205.2783914,
      1719484206.7403038,
      {}
    ],
    [
      10,
      null,
      209652396,
      2.7777777777777777,
      0.7145481275147013,
      0.12482380867004395,
      1,
      1719484207.1616156,
      1719484207.287071,
      {}
    ],
    [
      11,
      null,
      209652396,
      2.7777777777777777,
      0.8981615598885794,
      0.11992907524108887,
      1,
      1719484207.3006487,
      1719484207.4217703,
      {}
    ],
    [
      12,
      null,
      209652396,
      2.7777777777777777,
      0.6594305168678427,
      0.17649173736572266,
      1,
      1719484207.4233766,
      1719484207.6004875,
      {}
    ],
    [
      13,
      null,
      209652396,
      2.7777777777777777,
      0.10626586196224075,
      0.26293182373046875,
      1,
      1719484207.6033113,
      1719484207.8674545,
      {}
    ],
    [
      14,
      null,
      209652396,
      2.7777777777777777,
      0.9015041782729805,
      0.07584023475646973,
      1,
      1719484207.8691456,
      1719484207.94557,
      {}
    ],
    [
      15,
      null,
      209652396,
      2.7777777777777777,
      0.8080377592076756,
      0.07636570930480957,
      1,
      1719484207.9485335,
      1719484208.0260854,
      {}
    ],
    [
      16,
      null,
      209652396,
      2.7777777777777777,
      0.08291705354379442,
      0.06424093246459961,
      1,
      1719484208.0291224,
      1719484208.094523,
      {}
    ],
    [
      17,
      null,
      209652396,
      2.7777777777777777,
      0.043402971216341735,
      0.250293493270874,
      1,
      1719484208.0962646,
      1719484208.347233,
      {}
    ],
    [
      18,
      null,
      209652396,
      2.7777777777777777,
      0.2565459610027855,
      0.15889739990234375,
      1,
      1719484208.3504064,
      1719484208.5105,
      {}
    ],
    [
      17,
      null,
      209652396,
      8.333333333333332,
      0.027267099969049746,
      0.6652331352233887,
      1,
      1719484208.516374,
      1719484209.1828241,
      {}
    ],
    [
      16,
      null,
      209652396,
      8.333333333333332,
      0.049538842463633714,
      0.18326544761657715,
      1,
      1719484209.1856594,
      1719484209.3699968,
      {}
    ],
    [
      13,
      null,
      209652396,
      8.333333333333332,
      0.05843392138656767,
      0.6418392658233643,
      1,
      1719484209.3718429,
      1719484210.0143456,
      {}
    ],
    [
      17,
      null,
      209652396,
      25.0,
      0.0178087279480037,
      1.4176640510559082,
      1,
      1719484210.016263,
      1719484211.4345872,
      {}
    ],
    [
      19,
      null,
      209652396,
      2.7777777777777777,
      0.3288796038378211,
      0.12553644180297852,
      1,
      1719484211.664132,
      1719484211.7902744,
      {}
    ],
    [
      20,
      null,
      209652396,
      2.7777777777777777,
      0.4128814608480347,
      0.23015809059143066,
      1,
      1719484211.7938213,
      1719484212.0252254,
      {}
    ],
    [
      21,
      null,
      209652396,
      2.7777777777777777,
      0.895943980191891,
      0.12347555160522461,
      1,
      1719484212.0290387,
      1719484212.153729,
      {}
    ],
    [
      22,
      null,
      209652396,
      2.7777777777777777,
      0.7067270194986073,
      0.8396821022033691,
      1,
      1719484212.1574545,
      1719484212.998348,
      {}
    ],
    [
      23,
      null,
      209652396,
      2.7777777777777777,
      0.7502537913958527,
      0.32981252670288086,
      1,
      1719484213.0020688,
      1719484213.3330994,
      {}
    ],
    [
      24,
      null,
      209652396,
      2.7777777777777777,
      0.3542633859486226,
      0.7974257469177246,
      1,
      1719484213.3369627,
      1719484214.135604,
      {}
    ],
    [
      25,
      null,
      209652396,
      2.7777777777777777,
      0.09181832250077382,
      0.26990389823913574,
      1,
      1719484214.1395879,
      1719484214.4107018,
      {}
    ],
    [
      26,
      null,
      209652396,
      2.7777777777777777,
      0.9009470752089137,
      0.09564971923828125,
      1,
      1719484214.4147778,
      1719484214.5116205,
      {}
    ],
    [
      27,
      null,
      209652396,
      2.7777777777777777,
      0.09404054472299583,
      0.3422431945800781,
      1,
      1719484214.5156887,
      1719484214.859168,
      {}
    ],
    [
      25,
      null,
      209652396,
      8.333333333333332,
      0.05731197771587748,
      0.7126560211181641,
      1,
      1719484214.8761728,
      1719484215.5900407,
      {}
    ],
    [
      27,
      null,
      209652396,
      8.333333333333332,
      0.045078922934076227,
      1.04740571975708,
      1,
      1719484215.5940335,
      1719484216.6426666,
      {}
    ],
    [
      19,
      null,
      209652396,
      8.333333333333332,
      0.09404518724852995,
      0.33268094062805176,
      1,
      1719484216.6470335,
      1719484216.9810572,
      {}
    ],
    [
      27,
      null,
      209652396,
      25.0,
      0.03228102754565154,
      2.978830575942993,
      1,
      1719484216.985939,
      1719484219.9661465,
      {}
    ]
  ],
  "configs": {
    "1": {
      "activation": "tanh",
      "n_layer": 4,
      "n_neurons": 123,
      "solver": "lbfgs"
    },