{
  "stats": {
    "submitted": 47,
    "finished": 47,
    "running": 0
  },
  "data": [
    [
      1,
      null,
      1152275108,
      8333.333333333332,
      88.92823962845802,
      7.3306849002838135,
      1,
      1719488503.5208967,
      1719488510.8519409,
      {}
    ],
    [
      2,
      null,
      1152275108,
      8333.333333333332,
      113.63005413213315,
      6.978977918624878,
      1,
      1719488510.8531888,
      1719488517.8325558,
      {}
    ],
    [
      3,
      null,
      1152275108,
      8333.333333333332,
      135.39207450416075,
      6.288880348205566,
      1,
      1719488517.8335097,
      1719488524.122768,
      {}
    ],
    [
      1,
      null,
      1152275108,
      25000.0,
      96.13305004585534,
      29.984253644943237,
      1,
      1719488524.124019,
      1719488554.1086516,
      {}
    ],
    [
      4,
      null,
      1152275108,
      8333.333333333332,
      157.07198714917521,
      6.292021036148071,
      1,
      1719488554.1923316,
      1719488560.4847474,
      {}
    ],
    [
      5,
      null,
      1152275108,
      8333.333333333332,
      170.5609467166777,
      7.1381378173828125,
      1,
      1719488560.4858887,
      1719488567.6244142,
      {}
    ],
    [
      6,
      null,
      1152275108,
      8333.333333333332,
      161.79925328987542,
      6.720598936080933,
      1,
      1719488567.6256201,
      1719488574.3466263,
      {}
    ],
    [
      4,
      null,
      1152275108,
      25000.0,
      163.96965842755904,
      19.944325923919678,
      1,
      1719488574.3480897,
      1719488594.2928162,
      {}
    ],
    [
      7,
      null,
      1152275108,
      8333.333333333332,
      153.70059328058977,
      7.2867207527160645,
      1,
      1719488594.2945344,
      1719488601.5817292,
      {}
    ],
    [
      8,
      null,
      1152275108,
      8333.333333333332,
      135.4805333603634,
      7.4938154220581055,
      1,
      1719488601.5830002,
      1719488609.0772028,
      {}
    ],
    [
      9,
      null,
      1152275108,
      8333.333333333332,
      153.87982087033458,
      8.140274047851562,
      1,
      1719488609.0785859,
      1719488617.2192528,
      {}
    ],
    [
      8,
      null,
      1152275108,
      25000.0,
      181.1348580879654,
      29.644044399261475,
      1,
      1719488617.2208524,
      1719488646.865308,
      {}
    ],
    [
      10,
      null,
      1152275108,
      8333.333333333332,
      153.06444756378585,
      7.011547565460205,
      1,
      1719488646.9990792,
      1719488654.0110207,
      {}
    ],
    [
      11,
      null,
      1152275108,
      8333.333333333332,
      101.9389871520087,
      7.117976188659668,
      1,
      1719488654.012444,
      1719488661.130823,
      {}
    ],
    [
      12,
      null,
      1152275108,
      8333.333333333332,
      256.589185880101,
      7.437533140182495,
      1,
      1719488661.132179,
      1719488668.5701118,
      {}
    ],
    [
      11,
      null,
      1152275108,
      25000.0,
      135.60212479209287,
      28.38910984992981,
      1,
      1719488668.571742,
      1719488696.9612432,
      {}
    ],
    [
      13,
      null,
      1152275108,
      8333.333333333332,
      136.3554971876584,
      8.260984420776367,
      1,
      1719488696.9632916,
      1719488705.2246785,
      {}
    ],
    [
      14,
      null,
      1152275108,
      8333.333333333332,
      124.95333400982682,
      6.952050447463989,
      1,
      1719488705.226079,
      1719488712.1785352,
      {}
    ],
    [
      15,
      null,
      1152275108,
      8333.333333333332,
      211.1657329691484,
      7.310348987579346,
      1,
      1719488712.1808863,
      1719488719.4919658,
      {}
    ],
    [
      14,
      null,
      1152275108,
      25000.0,
      112.89550790548306,
      20.552486896514893,
      1,
      1719488719.4937375,
      1719488740.0466368,
      {}
    ],
    [
      16,
      null,
      1152275108,
      8333.333333333332,
      123.13443994688382,
      7.650126934051514,
      1,
      1719488740.0488412,
      1719488747.699366,
      {}
    ],
    [
      17,
      null,
      1152275108,
      8333.333333333332,
      230.97767511926767,
      7.2115478515625,
      1,
      1719488747.7009914,
      1719488754.9129422,
      {}
    ],
    [
      18,
      null,
      1152275108,
      8333.333333333332,
      84.65350498313268,
      7.426548719406128,
      1,
      1719488754.9214017,
      1719488762.3483593,
      {}
    ],
    [
      18,
      null,
      1152275108,
      25000.0,
      136.14023537927866,
      27.072341680526733,
      1,
      1719488762.350199,
      1719488789.4229426,
      {}
    ],
    [
      19,
      null,
      1152275108,
      8333.333333333332,
      184.0305485318913,
      6.974962472915649,
      1,
      1719488789.5909095,
      1719488796.5662773,
      {}
    ],
    [
      20,
      null,
      1152275108,
      8333.333333333332,
      186.92798245273758,
      7.184727907180786,
      1,
      1719488796.5679815,
      1719488803.75312,
      {}
    ],
    [
      21,
      null,
      1152275108,
      8333.333333333332,
      94.33286051033008,
      7.745355129241943,
      1,
      1719488803.7549038,
      1719488811.500675,
      {}
    ],
    [
      21,
      null,
      1152275108,
      25000.0,
      170.16028574901347,
      33.28810906410217,
      1,
      1719488811.5026875,
      1719488844.7912095,
      {}
    ],
    [
      22,
      null,
      1152275108,
      8333.333333333332,
      160.54537271345262,
      7.723376274108887,
      1,
      1719488844.7937565,
      1719488852.5175488,
      {}
    ],
    [
      23,
      null,
      1152275108,
      8333.333333333332,
      132.80581816525165,
      7.724777460098267,
      1,
      1719488852.5193682,
      1719488860.2445645,
      {}
    ],
    [
      24,
      null,
      1152275108,
      8333.333333333332,
      194.78421097148822,
      7.7460973262786865,
      1,
      1719488860.2463405,
      1719488867.9928427,
      {}
    ],
    [
      23,
      null,
      1152275108,
      25000.0,
      64.34434211672185,
      27.399889945983887,
      1,
      1719488867.9949493,
      1719488895.3952498,
      {}
    ],
    [
      25,
      null,
      1152275108,
      8333.333333333332,
      158.25974943392134,
      7.649432420730591,
      1,
      1719488895.3983636,
      1719488903.0482109,
      {}
    ],
    [
      26,
      null,
      1152275108,
      8333.333333333332,
      122.73133353466383,
      7.615442276000977,
      1,
      1719488903.0501664,
      1719488910.6660318,
      {}
    ],
    [
      27,
      null,
      1152275108,
      8333.333333333332,
      105.10766996675284,
      7.497561931610107,
      1,
      1719488910.6679685,
      1719488918.1659427,
      {}
    ],
    [
      27,
      null,
      1152275108,
      25000.0,
      87.0419103678944,
      28.838003158569336,
      1,
      1719488918.1681702,
      1719488947.0065963,
      {}
    ],
    [
      28,
      null,
      1152275108,
      8333.333333333332,
      182.94946922905248,
      7.091932535171509,
      1,
      1719488947.1755908,
      1719488954.267944,
      {}
    ],
    [
      29,
      null,
      1152275108,
      8333.333333333332,
      125.38911054385446,
      8.548392295837402,
      1,
      1719488954.2700596,
      1719488962.8188832,
      {}
    ],
    [
      30,
      null,
      1152275108,
      8333.333333333332,
      164.5322927076606,
      7.255946636199951,
      1,
      1719488962.8210015,
      1719488970.077373,
      {}
    ],
    [
      29,
      null,
      1152275108,
      25000.0,
      133.23385436456886,
      38.20813059806824,
      1,
      1719488970.079745,
      1719489008.2883039,
      {}
    ],
    [
      31,
      null,
      1152275108,
      8333.333333333332,
