{
  "stats": {
    "submitted": 8,
    "finished": 8,
    "running": 0
  },
  "data": [
    [
      1,
      null,
      1125938715,
      1.1111111111111112,
      25.54875612258911,
      26.20995545387268,
      1,
      1720297618.347997,
      1720297644.5583348,
      {}
    ],
    [
      2,
      null,
      1125938715,
      1.1111111111111112,
      24.643369674682617,
      24.714978456497192,
      1,
      1720297644.5604732,
      1720297669.2761972,
      {}
    ],
    [
      3,
      null,
      1125938715,
      1.1111111111111112,
      3.715320110321045,
      3.781984329223633,
      1,
      1720297669.2773407,
      1720297673.0597289,
      {}
    ],
    [
      4,
      null,
      1125938715,
      1.1111111111111112,
      19.805479526519775,
      19.875041007995605,
      1,
      1720297673.0608892,
      1720297692.936346,
      {}
    ],
    [
      5,
      null,
      1125938715,
      1.1111111111111112,
      28.99118208885193,
      29.06194233894348,
      1,
      1720297692.9376101,
      1720297721.9999807,
      {}
    ],
    [
      6,
      null,
      1125938715,
      1.1111111111111112,
      31.669650077819824,
      31.742471933364868,
      1,
      1720297722.001259,
      1720297753.7441475,
      {}
    ],
    [
      7,
      null,
      1125938715,
      1.1111111111111112,
      30.446491956710815,
      30.53457999229431,
      1,
      1720297753.7455568,
      1720297784.280614,
      {}
    ],
    [
      8,
      null,
      1125938715,
      1.1111111111111112,
      22.7058322429657,
      22.794334650039673,
      1,
      1720297784.283024,
      1720297807.0781174,
      {}
    ]
  ],
  "configs": {
    "1": {
      "discount_factor": 0.9259531500161423,
      "gae_lambda": 0.9646393407835634,
      "learning_rate": 0.000783267217381073
    },
    "2": {
      "discount_factor": 0.9454477587571798,
      "gae_lambda": 0.9216824418041755,
      "learning_rate": 0.0012072798533642433
    },
    "3": {
      "discount_factor": 0.9335193537645117,
      "gae_lambda": 0.9678003360735894,
      "learning_rate": 0.0002564949166120629
    },
    "4": {
      "discount_factor": 0.9532203088535832,
      "gae_lambda": 0.9064885022447536,
      "learning_rate": 0.005995649448480411
    },
    "5": {
      "discount_factor": 0.912949466076038,
      "gae_lambda": 0.9296179711673082,
      "learning_rate": 0.00011437062625881324
    },
    "6": {
      "discount_factor": 0.902528283279867,
      "gae_lambda": 0.9717718336885498,
      "learning_rate": 0.006337145368278516
    },
    "7": {
      "discount_factor": 0.993661133912355,
      "gae_lambda": 0.932549558444934,
      "learning_rate": 0.0007251530542161705
    },
    "8": {
      "discount_factor": 0.9418784700256203,
      "gae_lambda": 0.9091679998615195,
      "learning_rate": 0.0005331329346787898
    }
  },
  "config_origins": {
    "1": "Initial Design: Random",
    "2": "Initial Design: Random",
    "3": "Initial Design: Random",
    "4": "Initial Design: Random",
    "5": "Initial Design: Random",
    "6": "Custom",
    "7": "Custom",
    "8": "Custom"
  }
}