{
  "incumbent_ids": [
    3
  ],
  "rejected_config_ids": [
    1
  ],
  "incumbents_changed": 2,
  "trajectory": [
    {
      "config_ids": [
        1
      ],
      "costs": [
        140.3646429307499
      ],
      "trial": 1,
      "walltime": 13.537415504455566
    },
    {
      "config_ids": [
        3
      ],
      "costs": [
        118.46713858727323
      ],
      "trial": 3,
      "walltime": 38.79910182952881
    }
  ],
  "state": {
    "tracker": {
      "0,0": [
        [
          0,
          [
            {
              "discount_factor": 0.973129847741311,
              "gae_lambda": 0.8417969471926526,
              "learning_rate": 2.7582868640574503e-05
            }
          ]
        ]
      ]
    },
    "next_bracket": 0
  }
}