{
  "stats": {
    "submitted": 4,
    "finished": 4,
    "running": 0
  },
  "data": [
    [
      1,
      null,
      56163928,
      15000.0,
      140.3646429307499,
      13.535841226577759,
      1,
      1719582550.9729328,
      1719582564.509126,
      {}
    ],
    [
      2,
      null,
      56163928,
      15000.0,
      177.91162701922727,
      11.732886552810669,
      1,
      1719582564.5104876,
      1719582576.2437484,
      {}
    ],
    [
      3,
      null,
      56163928,
      15000.0,
      118.46713858727323,
      13.52562141418457,
      1,
      1719582576.2448704,
      1719582589.770859,
      {}
    ],
    [
      4,
      null,
      56163928,
      15000.0,
      143.97095022719398,
      11.245340585708618,
      1,
      1719582589.772261,
      1719582601.0179927,
      {}
    ]
  ],
  "configs": {
    "1": {
      "discount_factor": 0.9507945918310461,
      "gae_lambda": 0.8407563371625936,
      "learning_rate": 0.0033486752637090973
    },
    "2": {
      "discount_factor": 0.9094078605721194,
      "gae_lambda": 0.8034110085279007,
      "learning_rate": 0.00015071856752473878
    },
    "3": {
      "discount_factor": 0.9469580393999029,
      "gae_lambda": 0.8046833927976151,
      "learning_rate": 0.000907260426932307
    },
    "4": {
      "discount_factor": 0.973129847741311,
      "gae_lambda": 0.8417969471926526,
      "learning_rate": 2.7582868640574503e-05
    }
  },
  "config_origins": {
    "1": "Initial Design: Random",
    "2": "Initial Design: Random",
    "3": "Initial Design: Random",
    "4": "Initial Design: Random"
  }
}