{
  "stats": {
    "submitted": 2,
    "finished": 2,
    "running": 0
  },
  "data": [
    [
      1,
      null,
      915740439,
      null,
      -198.74285714285716,
      6.575316905975342,
      1,
      1719507703.782915,
      1719507710.3590286,
      {}
    ],
    [
      2,
      null,
      915740439,
      null,
      -25.228571428571428,
      4.4617228507995605,
      1,
      1719507710.3608599,
      1719507714.823015,
      {}
    ]
  ],
  "configs": {
    "1": {
      "discount_factor": 0.9947748397886753,
      "gae_lambda": 0.9395626759212464,
      "learning_rate": 0.008291295225233978
    },
    "2": {
      "discount_factor": 0.9019844146287069,
      "gae_lambda": 0.8184301546253264,
      "learning_rate": 1.2574910992468672e-05
    }
  },
  "config_origins": {
    "1": "Initial Design: Sobol",
    "2": "Initial Design: Sobol"
  }
}