{
  "stats": {
    "submitted": 18,
    "finished": 18,
    "running": 0
  },
  "data": [
    [
      1,
      null,
      277234182,
      2.2222222222222223,
      159.057543958,
      609.4683003425598,
      1,
      1720356607.0123436,
      1720357216.481049,
      {}
    ],
    [
      2,
      null,
      277234182,
      2.2222222222222223,
      138.801229654,
      571.1801722049713,
      1,
      1720357216.4842622,
      1720357787.6653564,
      {}
    ],
    [
      3,
      null,
      277234182,
      2.2222222222222223,
      247.665782468,
      546.2489013671875,
      1,
      1720357787.66722,
      1720358333.9169297,
      {}
    ],
    [
      4,
      null,
      277234182,
      2.2222222222222223,
      -69.54834908000001,
      523.7192318439484,
      1,
      1720358333.9188402,
      1720358857.6388805,
      {}
    ],
    [
      5,
      null,
      277234182,
      2.2222222222222223,
      161.884849632,
      553.9336307048798,
      1,
      1720358857.6419556,
      1720359411.5765898,
      {}
    ],
    [
      6,
      null,
      277234182,
      2.2222222222222223,
      182.475523892,
      571.1737039089203,
      1,
      1720359411.5784965,
      1720359982.7529252,
      {}
    ],
    [
      7,
      null,
      277234182,
      2.2222222222222223,
      101.45530506800002,
      580.8800356388092,
      1,
      1720359982.7543175,
      1720360563.6349907,
      {}
    ],
    [
      8,
      null,
      277234182,
      2.2222222222222223,
      78.560485834,
      567.7515716552734,
      1,
      1720360563.636758,
      1720361131.3889918,
      {}
    ],
    [
      9,
      null,
      277234182,
      2.2222222222222223,
      148.311557994,
      595.6300196647644,
      1,
      1720361131.3907292,
      1720361727.0214162,
      {}
    ],
    [
      4,
      null,
      277234182,
      6.666666666666666,
      -129.65974393,
      612.2829995155334,
      1,
      1720361727.0257723,
      1720362339.309529,
      {}
    ],
    [
      8,
      null,
      277234182,
      6.666666666666666,
      107.491736828,
      666.7173674106598,
      1,
      1720362339.3115723,
      1720363006.0299323,
      {}
    ],
    [
      7,
      null,
      277234182,
      6.666666666666666,
      82.05292932600001,
      657.14177942276,
      1,
      1720363006.0313487,
      1720363663.1736703,
      {}
    ],
    [
      4,
      null,
      277234182,
      20.0,
      -140.39234982200003,
      932.9042732715607,
      1,
      1720363663.1760774,
      1720364596.0807803,
      {}
    ],
    [
      10,
      null,
      277234182,
      6.666666666666666,
      154.785203444,
      697.4637842178345,
      1,
      1720364596.3532784,
      1720365293.8176522,
      {}
    ],
    [
      11,
      null,
      277234182,
      6.666666666666666,
      722.1503623959999,
      607.899796962738,
      1,
      1720365293.819797,
      1720365901.7200873,
      {}
    ],
    [
      12,
      null,
      277234182,
      6.666666666666666,
      -133.82072052399997,
      627.7929263114929,
      1,
      1720365901.7221377,
      1720366529.5156705,
      {}
    ],
    [
      13,
      null,
      277234182,
      6.666666666666666,
      163.999185348,
      671.4850652217865,
      1,
      1720366529.5174594,
      1720367201.003266,
      {}
    ],
    [
      14,
      null,
      277234182,
      6.666666666666666,
      -155.93634485400003,
      614.0886142253876,
      1,
      1720367201.0050128,
      1720367815.09407,
      {}
    ]
  ],
  "configs": {
    "1": {
      "discount_factor": 0.9558903126585077,
      "gae_lambda": 0.9848480644269529,
      "learning_rate": 0.000362907752986186
    },
    "2": {
      "discount_factor": 0.9096858900132065,
      "gae_lambda": 0.9679232971798296,
      "learning_rate": 0.0008247591360530159
    },
    "3": {
      "discount_factor": 0.9107808155719671,
      "gae_lambda": 0.9172525825521789,
      "learning_rate": 0.0006614547284272715
    },
    "4": {
      "discount_factor": 0.9840949093943683,
      "gae_lambda": 0.9795208596725957,
      "learning_rate": 0.0004075782165531654
    },
    "5": {
      "discount_factor": 0.9374687626590925,
      "gae_lambda": 0.94491274207875,
      "learning_rate": 0.0008737836382137975
    },
    "6": {
      "discount_factor": 0.9448092337966854,
      "gae_lambda": 0.9362441518071793,
      "learning_rate": 0.00018442907773867805
    },
    "7": {
      "discount_factor": 0.9638075521427508,
      "gae_lambda": 0.9709489326652817,
      "learning_rate": 0.0015875493684842704
    },
    "8": {
      "discount_factor": 0.9651981598533302,
      "gae_lambda": 0.9192042505915432,
      "learning_rate": 0.0007406587741540571
    },
    "9": {
      "discount_factor": 0.9415537845188927,
      "gae_lambda": 0.91110174339385,
      "learning_rate": 0.0002762437934175731
    },
    "10": {
      "discount_factor": 0.9206887900303934,
      "gae_lambda": 0.962773605221667,
      "learning_rate": 0.00022891500421826395
    },
    "11": {
      "discount_factor": 0.9695507969579588,
      "gae_lambda": 0.902485785183997,
      "learning_rate": 0.004784179787467488
    },
    "12": {
      "discount_factor": 0.9933188186361073,
      "gae_lambda": 0.9401862324720095,
      "learning_rate": 0.00037766592893794464
    },
    "13": {
      "discount_factor": 0.9138211546607333,
      "gae_lambda": 0.9851769282531575,
      "learning_rate": 0.0007671487275261606
    },
    "14": {
      "discount_factor": 0.9832665265459027,
      "gae_lambda": 0.9929830883858021,
      "learning_rate": 0.00047214489819216477
    }
  },
  "config_origins": {
    "1": "Initial Design: Random",
    "2": "Initial Design: Random",
    "3": "Initial Design: Random",
    "4": "Initial Design: Random",
    "5": "Initial Design: Random",
    "6": "Custom",
    "7": "Custom",
    "8": "Custom",
    "9": "Custom",
    "10": "Acquisition Function Maximizer: Random Search (sorted)",
    "11": "Acquisition Function Maximizer: Random Search (sorted)",
    "12": "Acquisition Function Maximizer: Random Search (sorted)",
    "13": "Acquisition Function Maximizer: Random Search (sorted)",
    "14": "Acquisition Function Maximizer: Random Search (sorted)"
  }
}