{
  "incumbent_ids": [
    7
  ],
  "rejected_config_ids": [
    1,
    2,
    3
  ],
  "incumbents_changed": 4,
  "trajectory": [
    {
      "config_ids": [
        1
      ],
      "costs": [
        -89.77142857142859
      ],
      "trial": 1,
      "walltime": 5.151013374328613
    },
    {
      "config_ids": [
        2
      ],
      "costs": [
        -98.6857142857143
      ],
      "trial": 2,
      "walltime": 9.905815124511719
    },
    {
      "config_ids": [
        3
      ],
      "costs": [
        -176.37142857142857
      ],
      "trial": 3,
      "walltime": 15.628976583480835
    },
    {
      "config_ids": [
        7
      ],
      "costs": [
        -239.5142857142857
      ],
      "trial": 7,
      "walltime": 37.831225633621216
    }
  ],
  "state": {
    "queue": [
      [
        10,
        1
      ]
    ]
  }
}