{
  "stats": {
    "submitted": 10,
    "finished": 10,
    "running": 0
  },
  "data": [
    [
      1,
      null,
      1922873704,
      null,
      -89.77142857142859,
      5.149548292160034,
      1,
      1719486147.966653,
      1719486153.1165957,
      {}
    ],
    [
      2,
      null,
      1922873704,
      null,
      -98.6857142857143,
      4.752779483795166,
      1,
      1719486153.118155,
      1719486157.871381,
      {}
    ],
    [
      3,
      null,
      1922873704,
      null,
      -176.37142857142857,
      5.559755802154541,
      1,
      1719486158.0343359,
      1719486163.5944614,
      {}
    ],
    [
      4,
      null,
      1922873704,
      null,
      -154.1142857142857,
      5.4478325843811035,
      1,
      1719486163.5963013,
      1719486169.0446365,
      {}
    ],
    [
      5,
      null,
      1922873704,
      null,
      -148.14285714285714,
      5.363774061203003,
      1,
      1719486169.046372,
      1719486174.410554,
      {}
    ],
    [
      6,
      null,
      1922873704,
      null,
      -105.68571428571428,
      5.1473424434661865,
      1,
      1719486174.4124622,
      1719486179.5603247,
      {}
    ],
    [
      7,
      null,
      1922873704,
      null,
      -239.5142857142857,
      6.234247207641602,
      1,
      1719486179.5621462,
      1719486185.7967846,
      {}
    ],
    [
      8,
      null,
      1922873704,
      null,
      -149.22857142857146,
      5.997249364852905,
      1,
      1719486185.7986994,
      1719486191.7963483,
      {}
    ],
    [
      9,
      null,
      1922873704,
      null,
      -203.94285714285712,
      6.852850437164307,
      1,
      1719486191.7984881,
      1719486198.6518056,
      {}
    ],
    [
      10,
      null,
      1922873704,
      null,
      -149.74285714285716,
      6.40465235710144,
      1,
      1719486198.6539054,
      1719486205.0590317,
      {}
    ]
  ],
  "configs": {
    "1": {
      "discount_factor": 0.9212950484119355,
      "gae_lambda": 0.8941241034734995,
      "learning_rate": 0.00020061683359389463
    },
    "2": {
      "discount_factor": 0.9871910164682195,
      "gae_lambda": 0.9645537627022713,
      "learning_rate": 0.0005212481266619357
    },
    "3": {
      "discount_factor": 0.9940233635405351,
      "gae_lambda": 0.957490436054198,
      "learning_rate": 0.0050917526947829635
    },
    "4": {
      "discount_factor": 0.9919138333771331,
      "gae_lambda": 0.9724950190268625,
      "learning_rate": 0.0022435039273927273
    },
    "5": {
      "discount_factor": 0.9515802699703432,
      "gae_lambda": 0.980190433137374,
      "learning_rate": 0.0058794780658070304
    },
    "6": {
      "discount_factor": 0.9911998463665572,
      "gae_lambda": 0.9968593173766487,
      "learning_rate": 0.0010005163854209275
    },
    "7": {
      "discount_factor": 0.9763904127588453,
      "gae_lambda": 0.8965059684657645,
      "learning_rate": 0.006793213925968059
    },
    "8": {
      "discount_factor": 0.9677945903406493,
      "gae_lambda": 0.8629933929077223,
      "learning_rate": 0.00693768614404092
    },
    "9": {
      "discount_factor": 0.9545466429103616,
      "gae_lambda": 0.8833511872845603,
      "learning_rate": 0.006081941634726698
    },
    "10": {
      "discount_factor": 0.9609618466965381,
      "gae_lambda": 0.8478170986455448,
      "learning_rate": 0.0038459555806009157
    }
  },
  "config_origins": {
    "1": "Initial Design: Sobol",
    "2": "Initial Design: Sobol",
    "3": "Acquisition Function Maximizer: Random Search (sorted)",
    "4": "Acquisition Function Maximizer: Local Search",
    "5": "Acquisition Function Maximizer: Local Search",
    "6": "Acquisition Function Maximizer: Local Search",
    "7": "Acquisition Function Maximizer: Random Search (sorted)",
    "8": "Acquisition Function Maximizer: Random Search (sorted)",
    "9": "Acquisition Function Maximizer: Random Search (sorted)",
    "10": "Acquisition Function Maximizer: Local Search"
  }
}