{
  "incumbent_ids": [
    1
  ],
  "rejected_config_ids": [],
  "incumbents_changed": 1,
  "trajectory": [
    {
      "config_ids": [
        1
      ],
      "costs": [
        -302.44166666666666
      ],
      "trial": 1,
      "walltime": 23.58461046218872
    }
  ],
  "state": {
    "tracker": {
      "0,0": [
        [
          0,
          [
            {
              "discount_factor": 0.9076854035188319,
              "gae_lambda": 0.9588296697805225,
              "learning_rate": 0.002381886445971886
            }
          ]
        ]
      ]
    },
    "next_bracket": 0
  }
}