{
  "stats": {
    "submitted": 1,
    "finished": 1,
    "running": 0
  },
  "data": [
    [
      1,
      null,
      333419754,
      15.0,
      -302.44166666666666,
      23.58258867263794,
      1,
      1719479276.3037026,
      1719479299.8867586,
      {}
    ]
  ],
  "configs": {
    "1": {
      "discount_factor": 0.9076854035188319,
      "gae_lambda": 0.9588296697805225,
      "learning_rate": 0.002381886445971886
    }
  },
  "config_origins": {
    "1": "Initial Design: Random"
  }
}