{
  "stats": {
    "submitted": 1,
    "finished": 1,
    "running": 0
  },
  "data": [
    [
      1,
      null,
      1594011644,
      3333.333333333333,
      76.0775448435346,
      13.111857414245605,
      1,
      1719526181.825198,
      1719526194.9374187,
      {}
    ]
  ],
  "configs": {
    "1": {
      "discount_factor": 0.9367423406211713,
      "gae_lambda": 0.9259706272739393,
      "learning_rate": 0.002920965737004027
    }
  },
  "config_origins": {
    "1": "Initial Design: Random"
  }
}