{
  "incumbent_ids": [
    4
  ],
  "rejected_config_ids": [
    1
  ],
  "incumbents_changed": 2,
  "trajectory": [
    {
      "config_ids": [
        1
      ],
      "costs": [
        146.5442913233127
      ],
      "trial": 1,
      "walltime": 2.760573387145996
    },
    {
      "config_ids": [
        4
      ],
      "costs": [
        130.1651118058912
      ],
      "trial": 4,
      "walltime": 9.761407613754272
    }
  ],
  "state": {
    "tracker": {
      "0,0": [
        [
          0,
          [
            {
              "discount_factor": 0.9213171350729483,
              "gae_lambda": 0.8262890372830491,
              "learning_rate": 0.0001400493571536492
            }
          ]
        ]
      ]
    }
  }
}