{
  "stats": {
    "submitted": 5,
    "finished": 5,
    "running": 0
  },
  "data": [
    [
      1,
      null,
      1047446323,
      1000.0,
      146.5442913233127,
      2.758831262588501,
      1,
      1719526610.1767402,
      1719526612.9359574,
      {}
    ],
    [
      2,
      null,
      1047446323,
      1000.0,
      161.7412964371124,
      2.3554201126098633,
      1,
      1719526613.0084844,
      1719526615.3644376,
      {}
    ],
    [
      3,
      null,
      1047446323,
      1000.0,
      219.78672655422974,
      2.2737789154052734,
      1,
      1719526615.3655689,
      1719526617.6397033,
      {}
    ],
    [
      4,
      null,
      1047446323,
      1000.0,
      130.1651118058912,
      2.295562744140625,
      1,
      1719526617.6408741,
      1719526619.9368038,
      {}
    ],
    [
      5,
      null,
      1047446323,
      1000.0,
      136.2994783512017,
      2.377171754837036,
      1,
      1719526619.9384124,
      1719526622.315952,
      {}
    ]
  ],
  "configs": {
    "1": {
      "discount_factor": 0.92414388257296,
      "gae_lambda": 0.9616748813802715,
      "learning_rate": 0.007029300804472873
    },
    "2": {
      "discount_factor": 0.9564555195026564,
      "gae_lambda": 0.9087022106749612,
      "learning_rate": 8.334843017971889e-05
    },
    "3": {
      "discount_factor": 0.9294827234594106,
      "gae_lambda": 0.8983256777632226,
      "learning_rate": 0.000892370793062328
    },
    "4": {
      "discount_factor": 0.9629620765934633,
      "gae_lambda": 0.9402076441088931,
      "learning_rate": 0.009325429288142855
    },
    "5": {
      "discount_factor": 0.9213171350729483,
      "gae_lambda": 0.8262890372830491,
      "learning_rate": 0.0001400493571536492
    }
  },
  "config_origins": {
    "1": "Initial Design: Random",
    "2": "Acquisition Function Maximizer: Random Search (sorted)",
    "3": "Acquisition Function Maximizer: Random Search (sorted)",
    "4": "Acquisition Function Maximizer: Random Search (sorted)",
    "5": "Acquisition Function Maximizer: Random Search (sorted)"
  }
}