{
  "incumbent_ids": [],
  "rejected_config_ids": [],
  "incumbents_changed": 0,
  "trajectory": [],
  "state": {
    "tracker": {
      "0,0": [
        [
          0,
          [
            {
              "discount_factor": 0.9222713973674425,
              "gae_lambda": 0.9163654110389107,
              "learning_rate": 0.0001016332109856556
            },
            {
              "discount_factor": 0.9439703976068797,
              "gae_lambda": 0.83327342794166,
              "learning_rate": 0.0006874145005043649
            },
            {
              "discount_factor": 0.9672832331959967,
              "gae_lambda": 0.801233323065998,
              "learning_rate": 0.00023301660893410418
            }
          ]
        ]
      ]
    },
    "next_bracket": 1
  }
}