{
  "stats": {
    "submitted": 1,
    "finished": 1,
    "running": 0
  },
  "data": [
    [
      1,
      null,
      966211337,
      10000.0,
      -81.35555555555555,
      6.540129661560059,
      1,
      1719476861.4654484,
      1719476868.0059896,
      {}
    ]
  ],
  "configs": {
    "1": {
      "discount_factor": 0.9222713973674425,
      "gae_lambda": 0.9163654110389107,
      "learning_rate": 0.0001016332109856556
    }
  },
  "config_origins": {
    "1": "Initial Design: Random"
  }
}