{
  "stats": {
    "submitted": 3,
    "finished": 3,
    "running": 0
  },
  "data": [
    [
      1,
      null,
      1100324763,
      9.375,
      -154.96923076923076,
      15.664087772369385,
      1,
      1719480945.7840018,
      1719480961.4485836,
      {}
    ],
    [
      2,
      null,
      1100324763,
      9.375,
      -30.446153846153848,
      10.938273668289185,
      1,
      1719480961.450759,
      1719480972.3895473,
      {}
    ],
    [
      3,
      null,
      1100324763,
      9.375,
      -29.292307692307688,
      10.319289922714233,
      1,
      1719480972.39126,
      1719480982.7110066,
      {}
    ]
  ],
  "configs": {
    "1": {
      "discount_factor": 0.9748627424462724,
      "gae_lambda": 0.8693880907595118,
      "learning_rate": 0.0002035504413650163
    },
    "2": {
      "discount_factor": 0.9431217144512322,
      "gae_lambda": 0.9646963517863277,
      "learning_rate": 1.7591593346611754e-05
    },
    "3": {
      "discount_factor": 0.9609749095819423,
      "gae_lambda": 0.8203586588619683,
      "learning_rate": 4.3070225608902693e-05
    }
  },
  "config_origins": {
    "1": "Initial Design: Random",
    "2": "Initial Design: Random",
    "3": "Initial Design: Random"
  }
}