{
  "incumbent_ids": [],
  "rejected_config_ids": [],
  "incumbents_changed": 0,
  "trajectory": [],
  "state": {
    "tracker": {
      "0,0": [
        [
          0,
          [
            {
              "discount_factor": 0.903459808081416,
              "gae_lambda": 0.8672905043234421,
              "learning_rate": 3.179839913819403e-05
            },
            {
              "discount_factor": 0.9228318862138073,
              "gae_lambda": 0.887847245080866,
              "learning_rate": 0.002363264810760019
            },
            {
              "discount_factor": 0.9346198156825403,
              "gae_lambda": 0.9143398482518288,
              "learning_rate": 0.000145382842399459
            }
          ]
        ]
      ]
    },
    "next_bracket": 1
  }
}