{
  "stats": {
    "submitted": 1,
    "finished": 1,
    "running": 0
  },
  "data": [
    [
      1,
      null,
      150098606,
      10000.0,
      166.27286122190662,
      10.233666181564331,
      1,
      1718789450.2396054,
      1718789460.4736805,
      {}
    ]
  ],
  "configs": {
    "1": {
      "discount_factor": 0.903459808081416,
      "gae_lambda": 0.8672905043234421,
      "learning_rate": 3.179839913819403e-05
    }
  },
  "config_origins": {
    "1": "Initial Design: Random"
  }
}