{
  "stats": {
    "submitted": 2,
    "finished": 2,
    "running": 0
  },
  "data": [
    [
      1,
      null,
      529224952,
      10000.0,
      -36.86666666666666,
      5.996556997299194,
      1,
      1719476915.4204617,
      1719476921.4174237,
      {}
    ],
    [
      2,
      null,
      529224952,
      10000.0,
      -215.66666666666666,
      7.105355739593506,
      1,
      1719476921.418708,
      1719476928.5244215,
      {}
    ]
  ],
  "configs": {
    "1": {
      "discount_factor": 0.9121987584131855,
      "gae_lambda": 0.8018044833190737,
      "learning_rate": 4.937063812943621e-05
    },
    "2": {
      "discount_factor": 0.9499908288868594,
      "gae_lambda": 0.8943675597929519,
      "learning_rate": 0.00038361138342916874
    }
  },
  "config_origins": {
    "1": "Initial Design: Random",
    "2": "Initial Design: Random"
  }
}