{
  "incumbent_ids": [
    1
  ],
  "rejected_config_ids": [],
  "incumbents_changed": 1,
  "trajectory": [
    {
      "config_ids": [
        1
      ],
      "costs": [
        -256.8833333333334
      ],
      "trial": 1,
      "walltime": 20.734979391098022
    }
  ],
  "state": {
    "tracker": {
      "0,0": [
        [
          0,
          [
            {
              "discount_factor": 0.918370453325335,
              "gae_lambda": 0.9950279460261259,
              "learning_rate": 0.0020579767039939816
            }
          ]
        ]
      ]
    },
    "next_bracket": 0
  }
}