{
  "stats": {
    "submitted": 1,
    "finished": 1,
    "running": 0
  },
  "data": [
    [
      1,
      null,
      796974701,
      15.0,
      -256.8833333333334,
      20.733169317245483,
      1,
      1719480164.6815917,
      1719480185.4152281,
      {}
    ]
  ],
  "configs": {
    "1": {
      "discount_factor": 0.918370453325335,
      "gae_lambda": 0.9950279460261259,
      "learning_rate": 0.0020579767039939816
    }
  },
  "config_origins": {
    "1": "Initial Design: Random"
  }
}