{
  "stats": {
    "submitted": 3,
    "finished": 3,
    "running": 0
  },
  "data": [
    [
      1,
      null,
      997244088,
      25000.0,
      -273.27500000000003,
      22.92664384841919,
      1,
      1719483672.0045657,
      1719483694.9316041,
      {}
    ],
    [
      2,
      null,
      997244088,
      25000.0,
      -199.45833333333334,
      23.903361797332764,
      1,
      1719483694.9332256,
      1719483718.8370063,
      {}
    ],
    [
      3,
      null,
      997244088,
      25000.0,
      -38.699999999999996,
      18.81865644454956,
      1,
      1719483718.8386643,
      1719483737.6578276,
      {}
    ]
  ],
  "configs": {
    "1": {
      "discount_factor": 0.9229867094491694,
      "gae_lambda": 0.906282727313119,
      "learning_rate": 0.0006031301082954348
    },
    "2": {
      "discount_factor": 0.9054343005628022,
      "gae_lambda": 0.8209556656690346,
      "learning_rate": 0.0006884966872315342
    },
    "3": {
      "discount_factor": 0.998649817078312,
      "gae_lambda": 0.9329242188039045,
      "learning_rate": 2.098412342685675e-05
    }
  },
  "config_origins": {
    "1": "Initial Design: Random",
    "2": "Initial Design: Random",
    "3": "Initial Design: Random"
  }
}